Agargaon,2026,5,4,0,1.2
Airport,2026,5,4,0,1.2
Badda,2026,5,4,0,1.1
Banani,2026,5,4,0,1.0
Bangshal,2026,5,4,0,1.2
Baridhara,2026,5,4,0,1.2
Bashundhara,2026,5,4,0,1.1
Bijoynagar,2026,5,4,0,1.0
Chawk Bazar,2026,5,4,0,1.2
DOHS Mohakhali,2026,5,4,0,1.2
Demra,2026,5,4,0,1.3
Dhanmondi,2026,5,4,0,1.3
Elephant Road,2026,5,4,0,1.1
Eskaton,2026,5,4,0,1.0
Farmgate,2026,5,4,0,1.2
Gabtoli,2026,5,4,0,1.1
Green Road,2026,5,4,0,1.3
Gulshan-1,2026,5,4,0,1.1
Gulshan-2,2026,5,4,0,1.0
Hatirpool,2026,5,4,0,1.2
Hazaribagh,2026,5,4,0,1.2
Islampur,2026,5,4,0,1.2
Jatrabari,2026,5,4,0,1.1
Kakrail,2026,5,4,0,1.2
Kallyanpur,2026,5,4,0,1.1
Kamalapur,2026,5,4,0,1.3
Karwan Bazar,2026,5,4,0,1.3
Kazipara,2026,5,4,0,1.2
Keraniganj,2026,5,4,0,1.1
Khilkhet,2026,5,4,0,1.1
Kuril,2026,5,4,0,1.2
Lalbagh,2026,5,4,0,1.1
Malibagh,2026,5,4,0,1.0
Mirpur-1,2026,5,4,0,1.2
Mirpur-10,2026,5,4,0,1.2
Mirpur-12,2026,5,4,0,1.2
Moghbazar,2026,5,4,0,1.3
Mohammadpur,2026,5,4,0,1.3
Mohakhali,2026,5,4,0,1.3
Motijheel,2026,5,4,0,1.0
Nakhalpara,2026,5,4,0,1.0
New Market,2026,5,4,0,1.2
Nikunja,2026,5,4,0,1.2
Pallabi,2026,5,4,0,1.1
Paltan,2026,5,4,0,1.2
Panthapath,2026,5,4,0,1.3
Postogola,2026,5,4,0,1.3
Ramna,2026,5,4,0,1.0
Rampura,2026,5,4,0,1.1
Sadarghat,2026,5,4,0,1.3
Science Lab,2026,5,4,0,1.2
Shahbagh,2026,5,4,0,1.1
Shewrapara,2026,5,4,0,1.3
Shyampur,2026,5,4,0,1.2
Sutrapur,2026,5,4,0,1.0
Tejgaon,2026,5,4,0,1.2
Uttara-1,2026,5,4,0,1.1
Uttara-3,2026,5,4,0,1.1
Uttara-7,2026,5,4,0,1.3
Wari,2026,5,4,0,1.1
Agargaon,2026,5,4,1,1.1
Airport,2026,5,4,1,1.0
Badda,2026,5,4,1,1.2
Banani,2026,5,4,1,1.1
Bangshal,2026,5,4,1,1.2
Baridhara,2026,5,4,1,1.1
Bashundhara,2026,5,4,1,1.3
Bijoynagar,2026,5,4,1,1.1
Chawk Bazar,2026,5,4,1,1.3
DOHS Mohakhali,2026,5,4,1,1.0
Demra,2026,5,4,1,1.2
Dhanmondi,2026,5,4,1,1.0
Elephant Road,2026,5,4,1,1.2
Eskaton,2026,5,4,1,1.0
Farmgate,2026,5,4,1,1.3
Gabtoli,2026,5,4,1,1.3
Green Road,2026,5,4,1,1.1
Gulshan-1,2026,5,4,1,1.1
Gulshan-2,2026,5,4,1,1.1
Hatirpool,2026,5,4,1,1.2
Hazaribagh,2026,5,4,1,1.2
Islampur,2026,5,4,1,1.0
Jatrabari,2026,5,4,1,1.2
Kakrail,2026,5,4,1,1.2
Kallyanpur,2026,5,4,1,1.2
Kamalapur,2026,5,4,1,1.1
Karwan Bazar,2026,5,4,1,1.3
Kazipara,2026,5,4,1,1.3
Keraniganj,2026,5,4,1,1.2
Khilkhet,2026,5,4,1,1.3
Kuril,2026,5,4,1,1.1
Lalbagh,2026,5,4,1,1.3
Malibagh,2026,5,4,1,1.2
Mirpur-1,2026,5,4,1,1.3
Mirpur-10,2026,5,4,1,1.1
Mirpur-12,2026,5,4,1,1.1
Moghbazar,2026,5,4,1,1.1
Mohammadpur,2026,5,4,1,1.2
Mohakhali,2026,5,4,1,1.2
Motijheel,2026,5,4,1,1.1
Nakhalpara,2026,5,4,1,1.1
New Market,2026,5,4,1,1.3
Nikunja,2026,5,4,1,1.1
Pallabi,2026,5,4,1,1.2
Paltan,2026,5,4,1,1.2
Panthapath,2026,5,4,1,1.1
Postogola,2026,5,4,1,1.1
Ramna,2026,5,4,1,1.3
Rampura,2026,5,4,1,1.2
Sadarghat,2026,5,4,1,1.3
Science Lab,2026,5,4,1,1.2
Shahbagh,2026,5,4,1,1.0
Shewrapara,2026,5,4,1,1.2
Shyampur,2026,5,4,1,1.1
Sutrapur,2026,5,4,1,1.0
Tejgaon,2026,5,4,1,1.0
Uttara-1,2026,5,4,1,1.2
Uttara-3,2026,5,4,1,1.3
Uttara-7,2026,5,4,1,1.3
Wari,2026,5,4,1,1.2
Agargaon,2026,5,4,2,1.3
Airport,2026,5,4,2,1.1
Badda,2026,5,4,2,1.1
Banani,2026,5,4,2,1.2
Bangshal,2026,5,4,2,1.1
Baridhara,2026,5,4,2,1.2
Bashundhara,2026,5,4,2,1.3
Bijoynagar,2026,5,4,2,1.0
Chawk Bazar,2026,5,4,2,1.3
DOHS Mohakhali,2026,5,4,2,1.2
Demra,2026,5,4,2,1.2
Dhanmondi,2026,5,4,2,1.1
Elephant Road,2026,5,4,2,1.2
Eskaton,2026,5,4,2,1.1
Farmgate,2026,5,4,2,1.1
Gabtoli,2026,5,4,2,1.2
Green Road,2026,5,4,2,1.1
Gulshan-1,2026,5,4,2,1.2
Gulshan-2,2026,5,4,2,1.1
Hatirpool,2026,5,4,2,1.2
Hazaribagh,2026,5,4,2,1.2
Islampur,2026,5,4,2,1.3
Jatrabari,2026,5,4,2,1.0
Kakrail,2026,5,4,2,1.3
Kallyanpur,2026,5,4,2,1.1
Kamalapur,2026,5,4,2,1.3
Karwan Bazar,2026,5,4,2,1.2
Kazipara,2026,5,4,2,1.2
Keraniganj,2026,5,4,2,1.1
Khilkhet,2026,5,4,2,1.1
Kuril,2026,5,4,2,1.1
Lalbagh,2026,5,4,2,1.2
Malibagh,2026,5,4,2,1.2
Mirpur-1,2026,5,4,2,1.0
Mirpur-10,2026,5,4,2,1.0
Mirpur-12,2026,5,4,2,1.3
Moghbazar,2026,5,4,2,1.1
Mohammadpur,2026,5,4,2,1.2
Mohakhali,2026,5,4,2,1.2
Motijheel,2026,5,4,2,1.0
Nakhalpara,2026,5,4,2,1.1
New Market,2026,5,4,2,1.2
Nikunja,2026,5,4,2,1.1
Pallabi,2026,5,4,2,1.2
Paltan,2026,5,4,2,1.2
Panthapath,2026,5,4,2,1.3
Postogola,2026,5,4,2,1.2
Ramna,2026,5,4,2,1.3
Rampura,2026,5,4,2,1.2
Sadarghat,2026,5,4,2,1.0
Science Lab,2026,5,4,2,1.3
Shahbagh,2026,5,4,2,1.2
Shewrapara,2026,5,4,2,1.3
Shyampur,2026,5,4,2,1.3
Sutrapur,2026,5,4,2,1.2
Tejgaon,2026,5,4,2,1.0
Uttara-1,2026,5,4,2,1.1
Uttara-3,2026,5,4,2,1.0
Uttara-7,2026,5,4,2,1.2
Wari,2026,5,4,2,1.1
Agargaon,2026,5,4,3,1.1
Airport,2026,5,4,3,1.0
Badda,2026,5,4,3,1.3
Banani,2026,5,4,3,1.2
Bangshal,2026,5,4,3,1.1
Baridhara,2026,5,4,3,1.1
Bashundhara,2026,5,4,3,1.0
Bijoynagar,2026,5,4,3,1.1
Chawk Bazar,2026,5,4,3,1.0
DOHS Mohakhali,2026,5,4,3,1.1
Demra,2026,5,4,3,1.2
Dhanmondi,2026,5,4,3,1.2
Elephant Road,2026,5,4,3,1.1
Eskaton,2026,5,4,3,1.3
Farmgate,2026,5,4,3,1.2
Gabtoli,2026,5,4,3,1.0
Green Road,2026,5,4,3,1.0
Gulshan-1,2026,5,4,3,1.2
Gulshan-2,2026,5,4,3,1.1
Hatirpool,2026,5,4,3,1.2
Hazaribagh,2026,5,4,3,1.1
Islampur,2026,5,4,3,1.2
Jatrabari,2026,5,4,3,1.3
Kakrail,2026,5,4,3,1.0
Kallyanpur,2026,5,4,3,1.3
Kamalapur,2026,5,4,3,1.3
Karwan Bazar,2026,5,4,3,1.0
Kazipara,2026,5,4,3,1.0
Keraniganj,2026,5,4,3,1.1
Khilkhet,2026,5,4,3,1.1
Kuril,2026,5,4,3,1.2
Lalbagh,2026,5,4,3,1.0
Malibagh,2026,5,4,3,1.1
Mirpur-1,2026,5,4,3,1.3
Mirpur-10,2026,5,4,3,1.0
Mirpur-12,2026,5,4,3,1.2
Moghbazar,2026,5,4,3,1.2
Mohammadpur,2026,5,4,3,1.2
Mohakhali,2026,5,4,3,1.1
Motijheel,2026,5,4,3,1.2
Nakhalpara,2026,5,4,3,1.0
New Market,2026,5,4,3,1.3
Nikunja,2026,5,4,3,1.1
Pallabi,2026,5,4,3,1.1
Paltan,2026,5,4,3,1.1
Panthapath,2026,5,4,3,1.2
Postogola,2026,5,4,3,1.0
Ramna,2026,5,4,3,1.3
Rampura,2026,5,4,3,1.1
Sadarghat,2026,5,4,3,1.1
Science Lab,2026,5,4,3,1.2
Shahbagh,2026,5,4,3,1.1
Shewrapara,2026,5,4,3,1.1
Shyampur,2026,5,4,3,1.2
Sutrapur,2026,5,4,3,1.1
Tejgaon,2026,5,4,3,1.3
Uttara-1,2026,5,4,3,1.0
Uttara-3,2026,5,4,3,1.1
Uttara-7,2026,5,4,3,1.1
Wari,2026,5,4,3,1.1
Agargaon,2026,5,4,4,1.1
Airport,2026,5,4,4,1.0
Badda,2026,5,4,4,1.2
Banani,2026,5,4,4,1.0
Bangshal,2026,5,4,4,1.2
Baridhara,2026,5,4,4,1.0
Bashundhara,2026,5,4,4,1.0
Bijoynagar,2026,5,4,4,1.3
Chawk Bazar,2026,5,4,4,1.2
DOHS Mohakhali,2026,5,4,4,1.1
Demra,2026,5,4,4,1.3
Dhanmondi,2026,5,4,4,1.0
Elephant Road,2026,5,4,4,1.1
Eskaton,2026,5,4,4,1.1
Farmgate,2026,5,4,4,1.2
Gabtoli,2026,5,4,4,1.0
Green Road,2026,5,4,4,1.1
Gulshan-1,2026,5,4,4,1.1
Gulshan-2,2026,5,4,4,1.3
Hatirpool,2026,5,4,4,1.2
Hazaribagh,2026,5,4,4,1.1
Islampur,2026,5,4,4,1.2
Jatrabari,2026,5,4,4,1.1
Kakrail,2026,5,4,4,1.1
Kallyanpur,2026,5,4,4,1.1
Kamalapur,2026,5,4,4,1.0
Karwan Bazar,2026,5,4,4,1.1
Kazipara,2026,5,4,4,1.2
Keraniganj,2026,5,4,4,1.1
Khilkhet,2026,5,4,4,1.3
Kuril,2026,5,4,4,1.0
Lalbagh,2026,5,4,4,1.1
Malibagh,2026,5,4,4,1.1
Mirpur-1,2026,5,4,4,1.1
Mirpur-10,2026,5,4,4,1.0
Mirpur-12,2026,5,4,4,1.0
Moghbazar,2026,5,4,4,1.2
Mohammadpur,2026,5,4,4,1.2
Mohakhali,2026,5,4,4,1.1
Motijheel,2026,5,4,4,1.2
Nakhalpara,2026,5,4,4,1.1
New Market,2026,5,4,4,1.0
Nikunja,2026,5,4,4,1.0
Pallabi,2026,5,4,4,1.1
Paltan,2026,5,4,4,1.3
Panthapath,2026,5,4,4,1.1
Postogola,2026,5,4,4,1.1
Ramna,2026,5,4,4,1.1
Rampura,2026,5,4,4,1.3
Sadarghat,2026,5,4,4,1.3
Science Lab,2026,5,4,4,1.0
Shahbagh,2026,5,4,4,1.1
Shewrapara,2026,5,4,4,1.1
Shyampur,2026,5,4,4,1.2
Sutrapur,2026,5,4,4,1.3
Tejgaon,2026,5,4,4,1.2
Uttara-1,2026,5,4,4,1.1
Uttara-3,2026,5,4,4,1.2
Uttara-7,2026,5,4,4,1.1
Wari,2026,5,4,4,1.2
Agargaon,2026,5,4,5,1.1
Airport,2026,5,4,5,1.2
Badda,2026,5,4,5,1.0
Banani,2026,5,4,5,1.3
Bangshal,2026,5,4,5,1.2
Baridhara,2026,5,4,5,1.2
Bashundhara,2026,5,4,5,1.1
Bijoynagar,2026,5,4,5,1.1
Chawk Bazar,2026,5,4,5,1.3
DOHS Mohakhali,2026,5,4,5,1.1
Demra,2026,5,4,5,1.2
Dhanmondi,2026,5,4,5,1.2
Elephant Road,2026,5,4,5,1.0
Eskaton,2026,5,4,5,1.3
Farmgate,2026,5,4,5,1.1
Gabtoli,2026,5,4,5,1.0
Green Road,2026,5,4,5,1.3
Gulshan-1,2026,5,4,5,1.0
Gulshan-2,2026,5,4,5,1.1
Hatirpool,2026,5,4,5,1.0
Hazaribagh,2026,5,4,5,1.2
Islampur,2026,5,4,5,1.2
Jatrabari,2026,5,4,5,1.1
Kakrail,2026,5,4,5,1.2
Kallyanpur,2026,5,4,5,1.0
Kamalapur,2026,5,4,5,1.1
Karwan Bazar,2026,5,4,5,1.2
Kazipara,2026,5,4,5,1.0
Keraniganj,2026,5,4,5,1.1
Khilkhet,2026,5,4,5,1.2
Kuril,2026,5,4,5,1.2
Lalbagh,2026,5,4,5,1.2
Malibagh,2026,5,4,5,1.1
Mirpur-1,2026,5,4,5,1.1
Mirpur-10,2026,5,4,5,1.3
Mirpur-12,2026,5,4,5,1.0
Moghbazar,2026,5,4,5,1.2
Mohammadpur,2026,5,4,5,1.2
Mohakhali,2026,5,4,5,1.0
Motijheel,2026,5,4,5,1.1
Nakhalpara,2026,5,4,5,1.3
New Market,2026,5,4,5,1.0
Nikunja,2026,5,4,5,1.1
Pallabi,2026,5,4,5,1.1
Paltan,2026,5,4,5,1.3
Panthapath,2026,5,4,5,1.2
Postogola,2026,5,4,5,1.2
Ramna,2026,5,4,5,1.1
Rampura,2026,5,4,5,1.2
Sadarghat,2026,5,4,5,1.1
Science Lab,2026,5,4,5,1.2
Shahbagh,2026,5,4,5,1.2
Shewrapara,2026,5,4,5,1.3
Shyampur,2026,5,4,5,1.1
Sutrapur,2026,5,4,5,1.3
Tejgaon,2026,5,4,5,1.1
Uttara-1,2026,5,4,5,1.2
Uttara-3,2026,5,4,5,1.1
Uttara-7,2026,5,4,5,1.2
Wari,2026,5,4,5,1.0
Agargaon,2026,5,4,6,1.1
Airport,2026,5,4,6,1.2
Badda,2026,5,4,6,1.1
Banani,2026,5,4,6,1.3
Bangshal,2026,5,4,6,1.1
Baridhara,2026,5,4,6,1.2
Bashundhara,2026,5,4,6,1.2
Bijoynagar,2026,5,4,6,1.1
Chawk Bazar,2026,5,4,6,1.2
DOHS Mohakhali,2026,5,4,6,1.2
Demra,2026,5,4,6,1.2
Dhanmondi,2026,5,4,6,1.0
Elephant Road,2026,5,4,6,1.0
Eskaton,2026,5,4,6,1.2
Farmgate,2026,5,4,6,1.1
Gabtoli,2026,5,4,6,1.1
Green Road,2026,5,4,6,1.1
Gulshan-1,2026,5,4,6,1.1
Gulshan-2,2026,5,4,6,1.2
Hatirpool,2026,5,4,6,1.3
Hazaribagh,2026,5,4,6,1.2
Islampur,2026,5,4,6,1.0
Jatrabari,2026,5,4,6,1.3
Kakrail,2026,5,4,6,1.2
Kallyanpur,2026,5,4,6,1.2
Kamalapur,2026,5,4,6,1.2
Karwan Bazar,2026,5,4,6,1.1
Kazipara,2026,5,4,6,1.2
Keraniganj,2026,5,4,6,1.1
Khilkhet,2026,5,4,6,1.0
Kuril,2026,5,4,6,1.3
Lalbagh,2026,5,4,6,1.0
Malibagh,2026,5,4,6,1.1
Mirpur-1,2026,5,4,6,1.0
Mirpur-10,2026,5,4,6,1.1
Mirpur-12,2026,5,4,6,1.1
Moghbazar,2026,5,4,6,1.0
Mohammadpur,2026,5,4,6,1.0
Mohakhali,2026,5,4,6,1.1
Motijheel,2026,5,4,6,1.0
Nakhalpara,2026,5,4,6,1.0
New Market,2026,5,4,6,1.1
Nikunja,2026,5,4,6,1.2
Pallabi,2026,5,4,6,1.2
Paltan,2026,5,4,6,1.1
Panthapath,2026,5,4,6,1.3
Postogola,2026,5,4,6,1.2
Ramna,2026,5,4,6,1.2
Rampura,2026,5,4,6,1.1
Sadarghat,2026,5,4,6,1.2
Science Lab,2026,5,4,6,1.1
Shahbagh,2026,5,4,6,1.1
Shewrapara,2026,5,4,6,1.0
Shyampur,2026,5,4,6,1.1
Sutrapur,2026,5,4,6,1.1
Tejgaon,2026,5,4,6,1.1
Uttara-1,2026,5,4,6,1.3
Uttara-3,2026,5,4,6,1.3
Uttara-7,2026,5,4,6,1.3
Wari,2026,5,4,6,1.2
Agargaon,2026,5,4,7,1.1
Airport,2026,5,4,7,1.0
Badda,2026,5,4,7,1.1
Banani,2026,5,4,7,1.2
Bangshal,2026,5,4,7,1.1
Baridhara,2026,5,4,7,1.3
Bashundhara,2026,5,4,7,1.3
Bijoynagar,2026,5,4,7,1.0
Chawk Bazar,2026,5,4,7,1.1
DOHS Mohakhali,2026,5,4,7,1.2
Demra,2026,5,4,7,1.3
Dhanmondi,2026,5,4,7,1.2
Elephant Road,2026,5,4,7,1.2
Eskaton,2026,5,4,7,1.1
Farmgate,2026,5,4,7,1.0
Gabtoli,2026,5,4,7,1.3
Green Road,2026,5,4,7,1.2
Gulshan-1,2026,5,4,7,1.2
Gulshan-2,2026,5,4,7,1.1
Hatirpool,2026,5,4,7,1.1
Hazaribagh,2026,5,4,7,1.2
Islampur,2026,5,4,7,1.3
Jatrabari,2026,5,4,7,1.2
Kakrail,2026,5,4,7,1.3
Kallyanpur,2026,5,4,7,1.3
Kamalapur,2026,5,4,7,1.2
Karwan Bazar,2026,5,4,7,1.0
Kazipara,2026,5,4,7,1.1
Keraniganj,2026,5,4,7,1.2
Khilkhet,2026,5,4,7,1.2
Kuril,2026,5,4,7,1.3
Lalbagh,2026,5,4,7,1.0
Malibagh,2026,5,4,7,1.0
Mirpur-1,2026,5,4,7,1.2
Mirpur-10,2026,5,4,7,1.1
Mirpur-12,2026,5,4,7,1.2
Moghbazar,2026,5,4,7,1.2
Mohammadpur,2026,5,4,7,1.1
Mohakhali,2026,5,4,7,1.3
Motijheel,2026,5,4,7,1.0
Nakhalpara,2026,5,4,7,1.2
New Market,2026,5,4,7,1.1
Nikunja,2026,5,4,7,1.1
Pallabi,2026,5,4,7,1.0
Paltan,2026,5,4,7,1.1
Panthapath,2026,5,4,7,1.0
Postogola,2026,5,4,7,1.2
Ramna,2026,5,4,7,1.1
Rampura,2026,5,4,7,1.2
Sadarghat,2026,5,4,7,1.1
Science Lab,2026,5,4,7,1.2
Shahbagh,2026,5,4,7,1.0
Shewrapara,2026,5,4,7,1.3
Shyampur,2026,5,4,7,1.0
Sutrapur,2026,5,4,7,1.2
Tejgaon,2026,5,4,7,1.0
Uttara-1,2026,5,4,7,1.1
Uttara-3,2026,5,4,7,1.2
Uttara-7,2026,5,4,7,1.1
Wari,2026,5,4,7,1.0
Agargaon,2026,5,4,8,1.8
Airport,2026,5,4,8,1.8
Badda,2026,5,4,8,1.5
Banani,2026,5,4,8,1.6
Bangshal,2026,5,4,8,1.7
Baridhara,2026,5,4,8,1.5
Bashundhara,2026,5,4,8,1.5
Bijoynagar,2026,5,4,8,1.6
Chawk Bazar,2026,5,4,8,1.5
DOHS Mohakhali,2026,5,4,8,1.5
Demra,2026,5,4,8,1.5
Dhanmondi,2026,5,4,8,1.6
Elephant Road,2026,5,4,8,1.7
Eskaton,2026,5,4,8,1.7
Farmgate,2026,5,4,8,1.6
Gabtoli,2026,5,4,8,1.5
Green Road,2026,5,4,8,1.5
Gulshan-1,2026,5,4,8,1.8
Gulshan-2,2026,5,4,8,1.4
Hatirpool,2026,5,4,8,1.5
Hazaribagh,2026,5,4,8,1.7
Islampur,2026,5,4,8,1.7
Jatrabari,2026,5,4,8,1.4
Kakrail,2026,5,4,8,1.5
Kallyanpur,2026,5,4,8,1.5
Kamalapur,2026,5,4,8,1.8
Karwan Bazar,2026,5,4,8,1.5
Kazipara,2026,5,4,8,1.8
Keraniganj,2026,5,4,8,1.8
Khilkhet,2026,5,4,8,1.7
Kuril,2026,5,4,8,1.7
Lalbagh,2026,5,4,8,1.5
Malibagh,2026,5,4,8,1.7
Mirpur-1,2026,5,4,8,1.4
Mirpur-10,2026,5,4,8,1.5
Mirpur-12,2026,5,4,8,1.8
Moghbazar,2026,5,4,8,1.5
Mohammadpur,2026,5,4,8,1.5
Mohakhali,2026,5,4,8,1.7
Motijheel,2026,5,4,8,1.7
Nakhalpara,2026,5,4,8,1.6
New Market,2026,5,4,8,1.5
Nikunja,2026,5,4,8,1.6
Pallabi,2026,5,4,8,1.8
Paltan,2026,5,4,8,1.6
Panthapath,2026,5,4,8,1.7
Postogola,2026,5,4,8,1.6
Ramna,2026,5,4,8,1.6
Rampura,2026,5,4,8,1.5
Sadarghat,2026,5,4,8,1.7
Science Lab,2026,5,4,8,1.5
Shahbagh,2026,5,4,8,1.5
Shewrapara,2026,5,4,8,1.6
Shyampur,2026,5,4,8,1.8
Sutrapur,2026,5,4,8,1.4
Tejgaon,2026,5,4,8,1.7
Uttara-1,2026,5,4,8,1.6
Uttara-3,2026,5,4,8,1.5
Uttara-7,2026,5,4,8,1.7
Wari,2026,5,4,8,1.5
Agargaon,2026,5,4,9,1.5
Airport,2026,5,4,9,1.7
Badda,2026,5,4,9,1.6
Banani,2026,5,4,9,1.4
Bangshal,2026,5,4,9,1.7
Baridhara,2026,5,4,9,1.7
Bashundhara,2026,5,4,9,1.4
Bijoynagar,2026,5,4,9,1.6
Chawk Bazar,2026,5,4,9,1.5
DOHS Mohakhali,2026,5,4,9,1.5
Demra,2026,5,4,9,1.6
Dhanmondi,2026,5,4,9,1.5
Elephant Road,2026,5,4,9,1.8
Eskaton,2026,5,4,9,1.6
Farmgate,2026,5,4,9,1.8
Gabtoli,2026,5,4,9,1.5
Green Road,2026,5,4,9,1.5
Gulshan-1,2026,5,4,9,1.5
Gulshan-2,2026,5,4,9,1.5
Hatirpool,2026,5,4,9,1.7
Hazaribagh,2026,5,4,9,1.4
Islampur,2026,5,4,9,1.6
Jatrabari,2026,5,4,9,1.4
Kakrail,2026,5,4,9,1.4
Kallyanpur,2026,5,4,9,1.7
Kamalapur,2026,5,4,9,1.7
Karwan Bazar,2026,5,4,9,1.5
Kazipara,2026,5,4,9,1.8
Keraniganj,2026,5,4,9,1.6
Khilkhet,2026,5,4,9,1.5
Kuril,2026,5,4,9,1.4
Lalbagh,2026,5,4,9,1.7
Malibagh,2026,5,4,9,1.8
Mirpur-1,2026,5,4,9,1.8
Mirpur-10,2026,5,4,9,1.6
Mirpur-12,2026,5,4,9,1.4
Moghbazar,2026,5,4,9,1.6
Mohammadpur,2026,5,4,9,1.5
Mohakhali,2026,5,4,9,1.5
Motijheel,2026,5,4,9,1.7
Nakhalpara,2026,5,4,9,1.4
New Market,2026,5,4,9,1.6
Nikunja,2026,5,4,9,1.8
Pallabi,2026,5,4,9,1.4
Paltan,2026,5,4,9,1.6
Panthapath,2026,5,4,9,1.8
Postogola,2026,5,4,9,1.5
Ramna,2026,5,4,9,1.5
Rampura,2026,5,4,9,1.4
Sadarghat,2026,5,4,9,1.8
Science Lab,2026,5,4,9,1.6
Shahbagh,2026,5,4,9,1.5
Shewrapara,2026,5,4,9,1.7
Shyampur,2026,5,4,9,1.6
Sutrapur,2026,5,4,9,1.4
Tejgaon,2026,5,4,9,1.7
Uttara-1,2026,5,4,9,1.6
Uttara-3,2026,5,4,9,1.4
Uttara-7,2026,5,4,9,1.7
Wari,2026,5,4,9,1.6
Agargaon,2026,5,4,10,1.8
Airport,2026,5,4,10,1.7
Badda,2026,5,4,10,1.5
Banani,2026,5,4,10,1.6
Bangshal,2026,5,4,10,1.6
Baridhara,2026,5,4,10,1.4
Bashundhara,2026,5,4,10,1.6
Bijoynagar,2026,5,4,10,1.5
Chawk Bazar,2026,5,4,10,1.7
DOHS Mohakhali,2026,5,4,10,1.6
Demra,2026,5,4,10,1.6
Dhanmondi,2026,5,4,10,1.8
Elephant Road,2026,5,4,10,1.7
Eskaton,2026,5,4,10,1.7
Farmgate,2026,5,4,10,1.7
Gabtoli,2026,5,4,10,1.7
Green Road,2026,5,4,10,1.7
Gulshan-1,2026,5,4,10,1.8
Gulshan-2,2026,5,4,10,1.6
Hatirpool,2026,5,4,10,1.4
Hazaribagh,2026,5,4,10,1.4
Islampur,2026,5,4,10,1.8
Jatrabari,2026,5,4,10,1.7
Kakrail,2026,5,4,10,1.8
Kallyanpur,2026,5,4,10,1.6
Kamalapur,2026,5,4,10,1.4
Karwan Bazar,2026,5,4,10,1.7
Kazipara,2026,5,4,10,1.5
Keraniganj,2026,5,4,10,1.7
Khilkhet,2026,5,4,10,1.6
Kuril,2026,5,4,10,1.4
Lalbagh,2026,5,4,10,1.8
Malibagh,2026,5,4,10,1.8
Mirpur-1,2026,5,4,10,1.5
Mirpur-10,2026,5,4,10,1.5
Mirpur-12,2026,5,4,10,1.7
Moghbazar,2026,5,4,10,1.7
Mohammadpur,2026,5,4,10,1.6
Mohakhali,2026,5,4,10,1.7
Motijheel,2026,5,4,10,1.7
Nakhalpara,2026,5,4,10,1.7
New Market,2026,5,4,10,1.6
Nikunja,2026,5,4,10,1.5
Pallabi,2026,5,4,10,1.8
Paltan,2026,5,4,10,1.7
Panthapath,2026,5,4,10,1.7
Postogola,2026,5,4,10,1.6
Ramna,2026,5,4,10,1.7
Rampura,2026,5,4,10,1.5
Sadarghat,2026,5,4,10,1.7
Science Lab,2026,5,4,10,1.7
Shahbagh,2026,5,4,10,1.5
Shewrapara,2026,5,4,10,1.7
Shyampur,2026,5,4,10,1.7
Sutrapur,2026,5,4,10,1.7
Tejgaon,2026,5,4,10,1.5
Uttara-1,2026,5,4,10,1.5
Uttara-3,2026,5,4,10,1.8
Uttara-7,2026,5,4,10,1.5
Wari,2026,5,4,10,1.7
Agargaon,2026,5,4,11,1.2
Airport,2026,5,4,11,1.3
Badda,2026,5,4,11,1.2
Banani,2026,5,4,11,1.1
Bangshal,2026,5,4,11,1.1
Baridhara,2026,5,4,11,1.2
Bashundhara,2026,5,4,11,1.1
Bijoynagar,2026,5,4,11,1.0
Chawk Bazar,2026,5,4,11,1.1
DOHS Mohakhali,2026,5,4,11,1.0
Demra,2026,5,4,11,1.3
Dhanmondi,2026,5,4,11,1.1
Elephant Road,2026,5,4,11,1.3
Eskaton,2026,5,4,11,1.3
Farmgate,2026,5,4,11,1.1
Gabtoli,2026,5,4,11,1.3
Green Road,2026,5,4,11,1.1
Gulshan-1,2026,5,4,11,1.3
Gulshan-2,2026,5,4,11,1.1
Hatirpool,2026,5,4,11,1.3
Hazaribagh,2026,5,4,11,1.2
Islampur,2026,5,4,11,1.1
Jatrabari,2026,5,4,11,1.1
Kakrail,2026,5,4,11,1.0
Kallyanpur,2026,5,4,11,1.2
Kamalapur,2026,5,4,11,1.3
Karwan Bazar,2026,5,4,11,1.2
Kazipara,2026,5,4,11,1.0
Keraniganj,2026,5,4,11,1.2
Khilkhet,2026,5,4,11,1.0
Kuril,2026,5,4,11,1.2
Lalbagh,2026,5,4,11,1.0
Malibagh,2026,5,4,11,1.1
Mirpur-1,2026,5,4,11,1.1
Mirpur-10,2026,5,4,11,1.0
Mirpur-12,2026,5,4,11,1.1
Moghbazar,2026,5,4,11,1.1
Mohammadpur,2026,5,4,11,1.1
Mohakhali,2026,5,4,11,1.1
Motijheel,2026,5,4,11,1.1
Nakhalpara,2026,5,4,11,1.0
New Market,2026,5,4,11,1.0
Nikunja,2026,5,4,11,1.0
Pallabi,2026,5,4,11,1.1
Paltan,2026,5,4,11,1.1
Panthapath,2026,5,4,11,1.2
Postogola,2026,5,4,11,1.1
Ramna,2026,5,4,11,1.1
Rampura,2026,5,4,11,1.2
Sadarghat,2026,5,4,11,1.3
Science Lab,2026,5,4,11,1.3
Shahbagh,2026,5,4,11,1.0
Shewrapara,2026,5,4,11,1.2
Shyampur,2026,5,4,11,1.2
Sutrapur,2026,5,4,11,1.1
Tejgaon,2026,5,4,11,1.3
Uttara-1,2026,5,4,11,1.1
Uttara-3,2026,5,4,11,1.2
Uttara-7,2026,5,4,11,1.1
Wari,2026,5,4,11,1.2
Agargaon,2026,5,4,12,1.0
Airport,2026,5,4,12,1.1
Badda,2026,5,4,12,1.2
Banani,2026,5,4,12,1.1
Bangshal,2026,5,4,12,1.0
Baridhara,2026,5,4,12,1.0
Bashundhara,2026,5,4,12,1.3
Bijoynagar,2026,5,4,12,1.3
Chawk Bazar,2026,5,4,12,1.2
DOHS Mohakhali,2026,5,4,12,1.2
Demra,2026,5,4,12,1.0
Dhanmondi,2026,5,4,12,1.1
Elephant Road,2026,5,4,12,1.2
Eskaton,2026,5,4,12,1.2
Farmgate,2026,5,4,12,1.1
Gabtoli,2026,5,4,12,1.2
Green Road,2026,5,4,12,1.2
Gulshan-1,2026,5,4,12,1.0
Gulshan-2,2026,5,4,12,1.1
Hatirpool,2026,5,4,12,1.0
Hazaribagh,2026,5,4,12,1.3
Islampur,2026,5,4,12,1.3
Jatrabari,2026,5,4,12,1.1
Kakrail,2026,5,4,12,1.3
Kallyanpur,2026,5,4,12,1.0
Kamalapur,2026,5,4,12,1.2
Karwan Bazar,2026,5,4,12,1.1
Kazipara,2026,5,4,12,1.2
Keraniganj,2026,5,4,12,1.0
Khilkhet,2026,5,4,12,1.2
Kuril,2026,5,4,12,1.1
Lalbagh,2026,5,4,12,1.2
Malibagh,2026,5,4,12,1.1
Mirpur-1,2026,5,4,12,1.1
Mirpur-10,2026,5,4,12,1.3
Mirpur-12,2026,5,4,12,1.1
Moghbazar,2026,5,4,12,1.0
Mohammadpur,2026,5,4,12,1.3
Mohakhali,2026,5,4,12,1.3
Motijheel,2026,5,4,12,1.1
Nakhalpara,2026,5,4,12,1.1
New Market,2026,5,4,12,1.1
Nikunja,2026,5,4,12,1.2
Pallabi,2026,5,4,12,1.2
Paltan,2026,5,4,12,1.1
Panthapath,2026,5,4,12,1.1
Postogola,2026,5,4,12,1.2
Ramna,2026,5,4,12,1.2
Rampura,2026,5,4,12,1.2
Sadarghat,2026,5,4,12,1.1
Science Lab,2026,5,4,12,1.2
Shahbagh,2026,5,4,12,1.2
Shewrapara,2026,5,4,12,1.1
Shyampur,2026,5,4,12,1.0
Sutrapur,2026,5,4,12,1.1
Tejgaon,2026,5,4,12,1.1
Uttara-1,2026,5,4,12,1.2
Uttara-3,2026,5,4,12,1.0
Uttara-7,2026,5,4,12,1.1
Wari,2026,5,4,12,1.1
Agargaon,2026,5,4,13,1.1
Airport,2026,5,4,13,1.1
Badda,2026,5,4,13,1.1
Banani,2026,5,4,13,1.2
Bangshal,2026,5,4,13,1.3
Baridhara,2026,5,4,13,1.2
Bashundhara,2026,5,4,13,1.1
Bijoynagar,2026,5,4,13,1.1
Chawk Bazar,2026,5,4,13,1.1
DOHS Mohakhali,2026,5,4,13,1.3
Demra,2026,5,4,13,1.2
Dhanmondi,2026,5,4,13,1.3
Elephant Road,2026,5,4,13,1.0
Eskaton,2026,5,4,13,1.3
Farmgate,2026,5,4,13,1.3
Gabtoli,2026,5,4,13,1.1
Green Road,2026,5,4,13,1.3
Gulshan-1,2026,5,4,13,1.0
Gulshan-2,2026,5,4,13,1.1
Hatirpool,2026,5,4,13,1.2
Hazaribagh,2026,5,4,13,1.1
Islampur,2026,5,4,13,1.1
Jatrabari,2026,5,4,13,1.0
Kakrail,2026,5,4,13,1.1
Kallyanpur,2026,5,4,13,1.0
Kamalapur,2026,5,4,13,1.0
Karwan Bazar,2026,5,4,13,1.1
Kazipara,2026,5,4,13,1.3
Keraniganj,2026,5,4,13,1.2
Khilkhet,2026,5,4,13,1.1
Kuril,2026,5,4,13,1.1
Lalbagh,2026,5,4,13,1.2
Malibagh,2026,5,4,13,1.1
Mirpur-1,2026,5,4,13,1.1
Mirpur-10,2026,5,4,13,1.1
Mirpur-12,2026,5,4,13,1.1
Moghbazar,2026,5,4,13,1.3
Mohammadpur,2026,5,4,13,1.2
Mohakhali,2026,5,4,13,1.0
Motijheel,2026,5,4,13,1.0
Nakhalpara,2026,5,4,13,1.2
New Market,2026,5,4,13,1.0
Nikunja,2026,5,4,13,1.1
Pallabi,2026,5,4,13,1.2
Paltan,2026,5,4,13,1.1
Panthapath,2026,5,4,13,1.3
Postogola,2026,5,4,13,1.2
Ramna,2026,5,4,13,1.0
Rampura,2026,5,4,13,1.0
Sadarghat,2026,5,4,13,1.0
Science Lab,2026,5,4,13,1.1
Shahbagh,2026,5,4,13,1.2
Shewrapara,2026,5,4,13,1.2
Shyampur,2026,5,4,13,1.0
Sutrapur,2026,5,4,13,1.3
Tejgaon,2026,5,4,13,1.2
Uttara-1,2026,5,4,13,1.1
Uttara-3,2026,5,4,13,1.1
Uttara-7,2026,5,4,13,1.1
Wari,2026,5,4,13,1.2
Agargaon,2026,5,4,14,1.1
Airport,2026,5,4,14,1.1
Badda,2026,5,4,14,1.0
Banani,2026,5,4,14,1.2
Bangshal,2026,5,4,14,1.3
Baridhara,2026,5,4,14,1.1
Bashundhara,2026,5,4,14,1.1
Bijoynagar,2026,5,4,14,1.3
Chawk Bazar,2026,5,4,14,1.1
DOHS Mohakhali,2026,5,4,14,1.1
Demra,2026,5,4,14,1.2
Dhanmondi,2026,5,4,14,1.1
Elephant Road,2026,5,4,14,1.1
Eskaton,2026,5,4,14,1.1
Farmgate,2026,5,4,14,1.0
Gabtoli,2026,5,4,14,1.1
Green Road,2026,5,4,14,1.0
Gulshan-1,2026,5,4,14,1.0
Gulshan-2,2026,5,4,14,1.2
Hatirpool,2026,5,4,14,1.1
Hazaribagh,2026,5,4,14,1.3
Islampur,2026,5,4,14,1.1
Jatrabari,2026,5,4,14,1.2
Kakrail,2026,5,4,14,1.2
Kallyanpur,2026,5,4,14,1.1
Kamalapur,2026,5,4,14,1.1
Karwan Bazar,2026,5,4,14,1.1
Kazipara,2026,5,4,14,1.1
Keraniganj,2026,5,4,14,1.2
Khilkhet,2026,5,4,14,1.2
Kuril,2026,5,4,14,1.0
Lalbagh,2026,5,4,14,1.1
Malibagh,2026,5,4,14,1.2
Mirpur-1,2026,5,4,14,1.3
Mirpur-10,2026,5,4,14,1.1
Mirpur-12,2026,5,4,14,1.2
Moghbazar,2026,5,4,14,1.1
Mohammadpur,2026,5,4,14,1.3
Mohakhali,2026,5,4,14,1.0
Motijheel,2026,5,4,14,1.1
Nakhalpara,2026,5,4,14,1.1
New Market,2026,5,4,14,1.2
Nikunja,2026,5,4,14,1.3
Pallabi,2026,5,4,14,1.2
Paltan,2026,5,4,14,1.1
Panthapath,2026,5,4,14,1.2
Postogola,2026,5,4,14,1.1
Ramna,2026,5,4,14,1.3
Rampura,2026,5,4,14,1.3
Sadarghat,2026,5,4,14,1.0
Science Lab,2026,5,4,14,1.0
Shahbagh,2026,5,4,14,1.1
Shewrapara,2026,5,4,14,1.2
Shyampur,2026,5,4,14,1.2
Sutrapur,2026,5,4,14,1.3
Tejgaon,2026,5,4,14,1.3
Uttara-1,2026,5,4,14,1.2
Uttara-3,2026,5,4,14,1.1
Uttara-7,2026,5,4,14,1.3
Wari,2026,5,4,14,1.0
Agargaon,2026,5,4,15,1.3
Airport,2026,5,4,15,1.2
Badda,2026,5,4,15,1.1
Banani,2026,5,4,15,1.2
Bangshal,2026,5,4,15,1.1
Baridhara,2026,5,4,15,1.3
Bashundhara,2026,5,4,15,1.2
Bijoynagar,2026,5,4,15,1.0
Chawk Bazar,2026,5,4,15,1.1
DOHS Mohakhali,2026,5,4,15,1.2
Demra,2026,5,4,15,1.0
Dhanmondi,2026,5,4,15,1.0
Elephant Road,2026,5,4,15,1.2
Eskaton,2026,5,4,15,1.1
Farmgate,2026,5,4,15,1.3
Gabtoli,2026,5,4,15,1.1
Green Road,2026,5,4,15,1.1
Gulshan-1,2026,5,4,15,1.3
Gulshan-2,2026,5,4,15,1.1
Hatirpool,2026,5,4,15,1.1
Hazaribagh,2026,5,4,15,1.1
Islampur,2026,5,4,15,1.1
Jatrabari,2026,5,4,15,1.0
Kakrail,2026,5,4,15,1.2
Kallyanpur,2026,5,4,15,1.0
Kamalapur,2026,5,4,15,1.0
Karwan Bazar,2026,5,4,15,1.2
Kazipara,2026,5,4,15,1.1
Keraniganj,2026,5,4,15,1.1
Khilkhet,2026,5,4,15,1.0
Kuril,2026,5,4,15,1.2
Lalbagh,2026,5,4,15,1.2
Malibagh,2026,5,4,15,1.3
Mirpur-1,2026,5,4,15,1.3
Mirpur-10,2026,5,4,15,1.0
Mirpur-12,2026,5,4,15,1.3
Moghbazar,2026,5,4,15,1.3
Mohammadpur,2026,5,4,15,1.2
Mohakhali,2026,5,4,15,1.2
Motijheel,2026,5,4,15,1.2
Nakhalpara,2026,5,4,15,1.2
New Market,2026,5,4,15,1.3
Nikunja,2026,5,4,15,1.2
Pallabi,2026,5,4,15,1.1
Paltan,2026,5,4,15,1.1
Panthapath,2026,5,4,15,1.2
Postogola,2026,5,4,15,1.2
Ramna,2026,5,4,15,1.2
Rampura,2026,5,4,15,1.1
Sadarghat,2026,5,4,15,1.2
Science Lab,2026,5,4,15,1.0
Shahbagh,2026,5,4,15,1.2
Shewrapara,2026,5,4,15,1.3
Shyampur,2026,5,4,15,1.1
Sutrapur,2026,5,4,15,1.2
Tejgaon,2026,5,4,15,1.3
Uttara-1,2026,5,4,15,1.2
Uttara-3,2026,5,4,15,1.1
Uttara-7,2026,5,4,15,1.2
Wari,2026,5,4,15,1.0
Agargaon,2026,5,4,16,1.1
Airport,2026,5,4,16,1.2
Badda,2026,5,4,16,1.0
Banani,2026,5,4,16,1.2
Bangshal,2026,5,4,16,1.1
Baridhara,2026,5,4,16,1.2
Bashundhara,2026,5,4,16,1.3
Bijoynagar,2026,5,4,16,1.2
Chawk Bazar,2026,5,4,16,1.1
DOHS Mohakhali,2026,5,4,16,1.1
Demra,2026,5,4,16,1.1
Dhanmondi,2026,5,4,16,1.1
Elephant Road,2026,5,4,16,1.2
Eskaton,2026,5,4,16,1.1
Farmgate,2026,5,4,16,1.2
Gabtoli,2026,5,4,16,1.1
Green Road,2026,5,4,16,1.2
Gulshan-1,2026,5,4,16,1.1
Gulshan-2,2026,5,4,16,1.1
Hatirpool,2026,5,4,16,1.3
Hazaribagh,2026,5,4,16,1.1
Islampur,2026,5,4,16,1.1
Jatrabari,2026,5,4,16,1.1
Kakrail,2026,5,4,16,1.1
Kallyanpur,2026,5,4,16,1.0
Kamalapur,2026,5,4,16,1.2
Karwan Bazar,2026,5,4,16,1.3
Kazipara,2026,5,4,16,1.3
Keraniganj,2026,5,4,16,1.1
Khilkhet,2026,5,4,16,1.3
Kuril,2026,5,4,16,1.2
Lalbagh,2026,5,4,16,1.1
Malibagh,2026,5,4,16,1.2
Mirpur-1,2026,5,4,16,1.1
Mirpur-10,2026,5,4,16,1.1
Mirpur-12,2026,5,4,16,1.2
Moghbazar,2026,5,4,16,1.1
Mohammadpur,2026,5,4,16,1.3
Mohakhali,2026,5,4,16,1.2
Motijheel,2026,5,4,16,1.1
Nakhalpara,2026,5,4,16,1.3
New Market,2026,5,4,16,1.0
Nikunja,2026,5,4,16,1.0
Pallabi,2026,5,4,16,1.2
Paltan,2026,5,4,16,1.2
Panthapath,2026,5,4,16,1.2
Postogola,2026,5,4,16,1.3
Ramna,2026,5,4,16,1.3
Rampura,2026,5,4,16,1.1
Sadarghat,2026,5,4,16,1.2
Science Lab,2026,5,4,16,1.2
Shahbagh,2026,5,4,16,1.2
Shewrapara,2026,5,4,16,1.1
Shyampur,2026,5,4,16,1.1
Sutrapur,2026,5,4,16,1.1
Tejgaon,2026,5,4,16,1.1
Uttara-1,2026,5,4,16,1.0
Uttara-3,2026,5,4,16,1.1
Uttara-7,2026,5,4,16,1.1
Wari,2026,5,4,16,1.1
Agargaon,2026,5,4,17,1.8
Airport,2026,5,4,17,1.8
Badda,2026,5,4,17,1.6
Banani,2026,5,4,17,1.8
Bangshal,2026,5,4,17,2.0
Baridhara,2026,5,4,17,1.5
Bashundhara,2026,5,4,17,1.6
Bijoynagar,2026,5,4,17,1.6
Chawk Bazar,2026,5,4,17,1.6
DOHS Mohakhali,2026,5,4,17,2.0
Demra,2026,5,4,17,1.8
Dhanmondi,2026,5,4,17,2.0
Elephant Road,2026,5,4,17,1.6
Eskaton,2026,5,4,17,1.9
Farmgate,2026,5,4,17,1.7
Gabtoli,2026,5,4,17,1.7
Green Road,2026,5,4,17,1.6
Gulshan-1,2026,5,4,17,1.6
Gulshan-2,2026,5,4,17,1.9
Hatirpool,2026,5,4,17,1.5
Hazaribagh,2026,5,4,17,1.9
Islampur,2026,5,4,17,1.7
Jatrabari,2026,5,4,17,1.8
Kakrail,2026,5,4,17,1.8
Kallyanpur,2026,5,4,17,1.5
Kamalapur,2026,5,4,17,1.8
Karwan Bazar,2026,5,4,17,1.5
Kazipara,2026,5,4,17,2.0
Keraniganj,2026,5,4,17,1.8
Khilkhet,2026,5,4,17,1.6
Kuril,2026,5,4,17,1.6
Lalbagh,2026,5,4,17,1.9
Malibagh,2026,5,4,17,1.5
Mirpur-1,2026,5,4,17,1.8
Mirpur-10,2026,5,4,17,1.8
Mirpur-12,2026,5,4,17,1.7
Moghbazar,2026,5,4,17,1.9
Mohammadpur,2026,5,4,17,1.7
Mohakhali,2026,5,4,17,1.7
Motijheel,2026,5,4,17,1.6
Nakhalpara,2026,5,4,17,1.7
New Market,2026,5,4,17,1.7
Nikunja,2026,5,4,17,1.7
Pallabi,2026,5,4,17,1.6
Paltan,2026,5,4,17,1.9
Panthapath,2026,5,4,17,1.9
Postogola,2026,5,4,17,1.5
Ramna,2026,5,4,17,1.8
Rampura,2026,5,4,17,1.7
Sadarghat,2026,5,4,17,1.5
Science Lab,2026,5,4,17,1.7
Shahbagh,2026,5,4,17,1.7
Shewrapara,2026,5,4,17,1.6
Shyampur,2026,5,4,17,1.6
Sutrapur,2026,5,4,17,2.0
Tejgaon,2026,5,4,17,1.8
Uttara-1,2026,5,4,17,2.0
Uttara-3,2026,5,4,17,2.0
Uttara-7,2026,5,4,17,1.5
Wari,2026,5,4,17,2.0
Agargaon,2026,5,4,18,1.5
Airport,2026,5,4,18,1.9
Badda,2026,5,4,18,1.6
Banani,2026,5,4,18,1.6
Bangshal,2026,5,4,18,2.0
Baridhara,2026,5,4,18,2.0
Bashundhara,2026,5,4,18,1.8
Bijoynagar,2026,5,4,18,1.8
Chawk Bazar,2026,5,4,18,1.8
DOHS Mohakhali,2026,5,4,18,1.6
Demra,2026,5,4,18,1.8
Dhanmondi,2026,5,4,18,1.9
Elephant Road,2026,5,4,18,1.8
Eskaton,2026,5,4,18,1.7
Farmgate,2026,5,4,18,1.9
Gabtoli,2026,5,4,18,1.9
Green Road,2026,5,4,18,1.7
Gulshan-1,2026,5,4,18,1.5
Gulshan-2,2026,5,4,18,1.5
Hatirpool,2026,5,4,18,1.8
Hazaribagh,2026,5,4,18,1.8
Islampur,2026,5,4,18,1.5
Jatrabari,2026,5,4,18,1.5
Kakrail,2026,5,4,18,2.0
Kallyanpur,2026,5,4,18,1.8
Kamalapur,2026,5,4,18,1.8
Karwan Bazar,2026,5,4,18,1.6
Kazipara,2026,5,4,18,2.0
Keraniganj,2026,5,4,18,1.6
Khilkhet,2026,5,4,18,1.8
Kuril,2026,5,4,18,1.8
Lalbagh,2026,5,4,18,1.6
Malibagh,2026,5,4,18,1.8
Mirpur-1,2026,5,4,18,1.7
Mirpur-10,2026,5,4,18,1.9
Mirpur-12,2026,5,4,18,1.6
Moghbazar,2026,5,4,18,1.5
Mohammadpur,2026,5,4,18,1.9
Mohakhali,2026,5,4,18,1.6
Motijheel,2026,5,4,18,1.7
Nakhalpara,2026,5,4,18,1.7
New Market,2026,5,4,18,1.5
Nikunja,2026,5,4,18,1.8
Pallabi,2026,5,4,18,1.7
Paltan,2026,5,4,18,1.8
Panthapath,2026,5,4,18,1.6
Postogola,2026,5,4,18,1.6
Ramna,2026,5,4,18,1.6
Rampura,2026,5,4,18,1.8
Sadarghat,2026,5,4,18,1.9
Science Lab,2026,5,4,18,1.8
Shahbagh,2026,5,4,18,1.5
Shewrapara,2026,5,4,18,1.7
Shyampur,2026,5,4,18,1.8
Sutrapur,2026,5,4,18,1.9
Tejgaon,2026,5,4,18,1.9
Uttara-1,2026,5,4,18,2.0
Uttara-3,2026,5,4,18,1.9
Uttara-7,2026,5,4,18,1.6
Wari,2026,5,4,18,1.8
Agargaon,2026,5,4,19,1.8
Airport,2026,5,4,19,1.9
Badda,2026,5,4,19,1.7
Banani,2026,5,4,19,1.6
Bangshal,2026,5,4,19,1.9
Baridhara,2026,5,4,19,1.6
Bashundhara,2026,5,4,19,1.6
Bijoynagar,2026,5,4,19,1.9
Chawk Bazar,2026,5,4,19,1.9
DOHS Mohakhali,2026,5,4,19,1.9
Demra,2026,5,4,19,1.6
Dhanmondi,2026,5,4,19,1.9
Elephant Road,2026,5,4,19,1.8
Eskaton,2026,5,4,19,2.0
Farmgate,2026,5,4,19,1.6
Gabtoli,2026,5,4,19,1.7
Green Road,2026,5,4,19,1.7
Gulshan-1,2026,5,4,19,1.5
Gulshan-2,2026,5,4,19,1.6
Hatirpool,2026,5,4,19,1.8
Hazaribagh,2026,5,4,19,1.6
Islampur,2026,5,4,19,1.9
Jatrabari,2026,5,4,19,1.8
Kakrail,2026,5,4,19,1.5
Kallyanpur,2026,5,4,19,1.5
Kamalapur,2026,5,4,19,1.8
Karwan Bazar,2026,5,4,19,1.6
Kazipara,2026,5,4,19,1.7
Keraniganj,2026,5,4,19,1.7
Khilkhet,2026,5,4,19,1.7
Kuril,2026,5,4,19,1.5
Lalbagh,2026,5,4,19,1.9
Malibagh,2026,5,4,19,1.8
Mirpur-1,2026,5,4,19,2.0
Mirpur-10,2026,5,4,19,1.9
Mirpur-12,2026,5,4,19,1.8
Moghbazar,2026,5,4,19,1.5
Mohammadpur,2026,5,4,19,1.6
Mohakhali,2026,5,4,19,1.6
Motijheel,2026,5,4,19,2.0
Nakhalpara,2026,5,4,19,1.9
New Market,2026,5,4,19,1.8
Nikunja,2026,5,4,19,1.6
Pallabi,2026,5,4,19,1.6
Paltan,2026,5,4,19,1.6
Panthapath,2026,5,4,19,1.9
Postogola,2026,5,4,19,1.5
Ramna,2026,5,4,19,1.8
Rampura,2026,5,4,19,1.6
Sadarghat,2026,5,4,19,1.8
Science Lab,2026,5,4,19,1.7
Shahbagh,2026,5,4,19,1.8
Shewrapara,2026,5,4,19,1.6
Shyampur,2026,5,4,19,1.7
Sutrapur,2026,5,4,19,2.0
Tejgaon,2026,5,4,19,1.7
Uttara-1,2026,5,4,19,1.9
Uttara-3,2026,5,4,19,1.8
Uttara-7,2026,5,4,19,1.9
Wari,2026,5,4,19,1.8
Agargaon,2026,5,4,20,2.0
Airport,2026,5,4,20,1.7
Badda,2026,5,4,20,1.9
Banani,2026,5,4,20,1.9
Bangshal,2026,5,4,20,1.9
Baridhara,2026,5,4,20,1.6
Bashundhara,2026,5,4,20,1.5
Bijoynagar,2026,5,4,20,2.0
Chawk Bazar,2026,5,4,20,2.0
DOHS Mohakhali,2026,5,4,20,2.0
Demra,2026,5,4,20,1.7
Dhanmondi,2026,5,4,20,2.0
Elephant Road,2026,5,4,20,1.9
Eskaton,2026,5,4,20,1.9
Farmgate,2026,5,4,20,1.9
Gabtoli,2026,5,4,20,1.6
Green Road,2026,5,4,20,2.0
Gulshan-1,2026,5,4,20,1.5
Gulshan-2,2026,5,4,20,1.8
Hatirpool,2026,5,4,20,1.8
Hazaribagh,2026,5,4,20,1.6
Islampur,2026,5,4,20,1.9
Jatrabari,2026,5,4,20,2.0
Kakrail,2026,5,4,20,1.8
Kallyanpur,2026,5,4,20,1.9
Kamalapur,2026,5,4,20,1.7
Karwan Bazar,2026,5,4,20,1.7
Kazipara,2026,5,4,20,1.9
Keraniganj,2026,5,4,20,1.6
Khilkhet,2026,5,4,20,1.9
Kuril,2026,5,4,20,1.9
Lalbagh,2026,5,4,20,1.8
Malibagh,2026,5,4,20,1.6
Mirpur-1,2026,5,4,20,1.6
Mirpur-10,2026,5,4,20,1.7
Mirpur-12,2026,5,4,20,1.9
Moghbazar,2026,5,4,20,1.6
Mohammadpur,2026,5,4,20,1.7
Mohakhali,2026,5,4,20,1.9
Motijheel,2026,5,4,20,1.9
Nakhalpara,2026,5,4,20,1.6
New Market,2026,5,4,20,1.5
Nikunja,2026,5,4,20,1.9
Pallabi,2026,5,4,20,1.8
Paltan,2026,5,4,20,1.6
Panthapath,2026,5,4,20,1.9
Postogola,2026,5,4,20,1.6
Ramna,2026,5,4,20,1.5
Rampura,2026,5,4,20,1.8
Sadarghat,2026,5,4,20,1.8
Science Lab,2026,5,4,20,1.9
Shahbagh,2026,5,4,20,1.9
Shewrapara,2026,5,4,20,1.9
Shyampur,2026,5,4,20,1.7
Sutrapur,2026,5,4,20,1.6
Tejgaon,2026,5,4,20,1.9
Uttara-1,2026,5,4,20,1.7
Uttara-3,2026,5,4,20,1.8
Uttara-7,2026,5,4,20,1.5
Wari,2026,5,4,20,1.8
Agargaon,2026,5,4,21,1.5
Airport,2026,5,4,21,1.8
Badda,2026,5,4,21,2.0
Banani,2026,5,4,21,1.6
Bangshal,2026,5,4,21,2.0
Baridhara,2026,5,4,21,1.9
Bashundhara,2026,5,4,21,1.9
Bijoynagar,2026,5,4,21,1.7
Chawk Bazar,2026,5,4,21,1.9
DOHS Mohakhali,2026,5,4,21,1.6
Demra,2026,5,4,21,2.0
Dhanmondi,2026,5,4,21,1.8
Elephant Road,2026,5,4,21,1.7
Eskaton,2026,5,4,21,1.7
Farmgate,2026,5,4,21,1.5
Gabtoli,2026,5,4,21,1.6
Green Road,2026,5,4,21,1.5
Gulshan-1,2026,5,4,21,1.8
Gulshan-2,2026,5,4,21,2.0
Hatirpool,2026,5,4,21,1.6
Hazaribagh,2026,5,4,21,1.7
Islampur,2026,5,4,21,1.7
Jatrabari,2026,5,4,21,1.9
Kakrail,2026,5,4,21,1.8
Kallyanpur,2026,5,4,21,2.0
Kamalapur,2026,5,4,21,1.6
Karwan Bazar,2026,5,4,21,1.8
Kazipara,2026,5,4,21,1.7
Keraniganj,2026,5,4,21,2.0
Khilkhet,2026,5,4,21,1.9
Kuril,2026,5,4,21,1.6
Lalbagh,2026,5,4,21,1.5
Malibagh,2026,5,4,21,1.8
Mirpur-1,2026,5,4,21,1.6
Mirpur-10,2026,5,4,21,1.7
Mirpur-12,2026,5,4,21,1.9
Moghbazar,2026,5,4,21,1.8
Mohammadpur,2026,5,4,21,1.9
Mohakhali,2026,5,4,21,2.0
Motijheel,2026,5,4,21,1.6
Nakhalpara,2026,5,4,21,1.9
New Market,2026,5,4,21,2.0
Nikunja,2026,5,4,21,1.7
Pallabi,2026,5,4,21,2.0
Paltan,2026,5,4,21,2.0
Panthapath,2026,5,4,21,1.8
Postogola,2026,5,4,21,1.7
Ramna,2026,5,4,21,1.6
Rampura,2026,5,4,21,1.9
Sadarghat,2026,5,4,21,1.8
Science Lab,2026,5,4,21,1.7
Shahbagh,2026,5,4,21,1.8
Shewrapara,2026,5,4,21,1.9
Shyampur,2026,5,4,21,1.8
Sutrapur,2026,5,4,21,1.7
Tejgaon,2026,5,4,21,1.8
Uttara-1,2026,5,4,21,2.0
Uttara-3,2026,5,4,21,1.8
Uttara-7,2026,5,4,21,2.0
Wari,2026,5,4,21,1.5
Agargaon,2026,5,4,22,1.2
Airport,2026,5,4,22,1.1
Badda,2026,5,4,22,1.2
Banani,2026,5,4,22,1.1
Bangshal,2026,5,4,22,1.1
Baridhara,2026,5,4,22,1.1
Bashundhara,2026,5,4,22,1.1
Bijoynagar,2026,5,4,22,1.2
Chawk Bazar,2026,5,4,22,1.2
DOHS Mohakhali,2026,5,4,22,1.0
Demra,2026,5,4,22,1.1
Dhanmondi,2026,5,4,22,1.1
Elephant Road,2026,5,4,22,1.2
Eskaton,2026,5,4,22,1.2
Farmgate,2026,5,4,22,1.0
Gabtoli,2026,5,4,22,1.2
Green Road,2026,5,4,22,1.3
Gulshan-1,2026,5,4,22,1.2
Gulshan-2,2026,5,4,22,1.0
Hatirpool,2026,5,4,22,1.2
Hazaribagh,2026,5,4,22,1.2
Islampur,2026,5,4,22,1.1
Jatrabari,2026,5,4,22,1.2
Kakrail,2026,5,4,22,1.2
Kallyanpur,2026,5,4,22,1.1
Kamalapur,2026,5,4,22,1.2
Karwan Bazar,2026,5,4,22,1.2
Kazipara,2026,5,4,22,1.3
Keraniganj,2026,5,4,22,1.1
Khilkhet,2026,5,4,22,1.1
Kuril,2026,5,4,22,1.1
Lalbagh,2026,5,4,22,1.1
Malibagh,2026,5,4,22,1.2
Mirpur-1,2026,5,4,22,1.1
Mirpur-10,2026,5,4,22,1.0
Mirpur-12,2026,5,4,22,1.0
Moghbazar,2026,5,4,22,1.0
Mohammadpur,2026,5,4,22,1.3
Mohakhali,2026,5,4,22,1.1
Motijheel,2026,5,4,22,1.2
Nakhalpara,2026,5,4,22,1.3
New Market,2026,5,4,22,1.1
Nikunja,2026,5,4,22,1.2
Pallabi,2026,5,4,22,1.3
Paltan,2026,5,4,22,1.1
Panthapath,2026,5,4,22,1.1
Postogola,2026,5,4,22,1.3
Ramna,2026,5,4,22,1.0
Rampura,2026,5,4,22,1.2
Sadarghat,2026,5,4,22,1.3
Science Lab,2026,5,4,22,1.2
Shahbagh,2026,5,4,22,1.3
Shewrapara,2026,5,4,22,1.1
Shyampur,2026,5,4,22,1.2
Sutrapur,2026,5,4,22,1.2
Tejgaon,2026,5,4,22,1.2
Uttara-1,2026,5,4,22,1.0
Uttara-3,2026,5,4,22,1.1
Uttara-7,2026,5,4,22,1.2
Wari,2026,5,4,22,1.2
Agargaon,2026,5,4,23,1.1
Airport,2026,5,4,23,1.1
Badda,2026,5,4,23,1.2
Banani,2026,5,4,23,1.2
Bangshal,2026,5,4,23,1.1
Baridhara,2026,5,4,23,1.2
Bashundhara,2026,5,4,23,1.1
Bijoynagar,2026,5,4,23,1.1
Chawk Bazar,2026,5,4,23,1.0
DOHS Mohakhali,2026,5,4,23,1.0
Demra,2026,5,4,23,1.1
Dhanmondi,2026,5,4,23,1.2
Elephant Road,2026,5,4,23,1.3
Eskaton,2026,5,4,23,1.1
Farmgate,2026,5,4,23,1.1
Gabtoli,2026,5,4,23,1.2
Green Road,2026,5,4,23,1.2
Gulshan-1,2026,5,4,23,1.1
Gulshan-2,2026,5,4,23,1.1
Hatirpool,2026,5,4,23,1.2
Hazaribagh,2026,5,4,23,1.2
Islampur,2026,5,4,23,1.2
Jatrabari,2026,5,4,23,1.3
Kakrail,2026,5,4,23,1.1
Kallyanpur,2026,5,4,23,1.2
Kamalapur,2026,5,4,23,1.3
Karwan Bazar,2026,5,4,23,1.2
Kazipara,2026,5,4,23,1.1
Keraniganj,2026,5,4,23,1.2
Khilkhet,2026,5,4,23,1.2
Kuril,2026,5,4,23,1.1
Lalbagh,2026,5,4,23,1.1
Malibagh,2026,5,4,23,1.2
Mirpur-1,2026,5,4,23,1.0
Mirpur-10,2026,5,4,23,1.0
Mirpur-12,2026,5,4,23,1.1
Moghbazar,2026,5,4,23,1.1
Mohammadpur,2026,5,4,23,1.1
Mohakhali,2026,5,4,23,1.0
Motijheel,2026,5,4,23,1.3
Nakhalpara,2026,5,4,23,1.2
New Market,2026,5,4,23,1.1
Nikunja,2026,5,4,23,1.2
Pallabi,2026,5,4,23,1.0
Paltan,2026,5,4,23,1.3
Panthapath,2026,5,4,23,1.1
Postogola,2026,5,4,23,1.0
Ramna,2026,5,4,23,1.2
Rampura,2026,5,4,23,1.0
Sadarghat,2026,5,4,23,1.2
Science Lab,2026,5,4,23,1.1
Shahbagh,2026,5,4,23,1.2
Shewrapara,2026,5,4,23,1.1
Shyampur,2026,5,4,23,1.0
Sutrapur,2026,5,4,23,1.2
Tejgaon,2026,5,4,23,1.1
Uttara-1,2026,5,4,23,1.1
Uttara-3,2026,5,4,23,1.2
Uttara-7,2026,5,4,23,1.2
Wari,2026,5,4,23,1.2
Agargaon,2026,5,5,0,1.2
Airport,2026,5,5,0,1.0
Badda,2026,5,5,0,1.3
Banani,2026,5,5,0,1.2
Bangshal,2026,5,5,0,1.0
Baridhara,2026,5,5,0,1.2
Bashundhara,2026,5,5,0,1.0
Bijoynagar,2026,5,5,0,1.2
Chawk Bazar,2026,5,5,0,1.3
DOHS Mohakhali,2026,5,5,0,1.2
Demra,2026,5,5,0,1.1
Dhanmondi,2026,5,5,0,1.2
Elephant Road,2026,5,5,0,1.3
Eskaton,2026,5,5,0,1.3
Farmgate,2026,5,5,0,1.3
Gabtoli,2026,5,5,0,1.1
Green Road,2026,5,5,0,1.1
Gulshan-1,2026,5,5,0,1.2
Gulshan-2,2026,5,5,0,1.0
Hatirpool,2026,5,5,0,1.1
Hazaribagh,2026,5,5,0,1.2
Islampur,2026,5,5,0,1.0
Jatrabari,2026,5,5,0,1.2
Kakrail,2026,5,5,0,1.2
Kallyanpur,2026,5,5,0,1.0
Kamalapur,2026,5,5,0,1.1
Karwan Bazar,2026,5,5,0,1.0
Kazipara,2026,5,5,0,1.1
Keraniganj,2026,5,5,0,1.1
Khilkhet,2026,5,5,0,1.3
Kuril,2026,5,5,0,1.1
Lalbagh,2026,5,5,0,1.2
Malibagh,2026,5,5,0,1.2
Mirpur-1,2026,5,5,0,1.0
Mirpur-10,2026,5,5,0,1.0
Mirpur-12,2026,5,5,0,1.1
Moghbazar,2026,5,5,0,1.2
Mohammadpur,2026,5,5,0,1.1
Mohakhali,2026,5,5,0,1.1
Motijheel,2026,5,5,0,1.1
Nakhalpara,2026,5,5,0,1.1
New Market,2026,5,5,0,1.2
Nikunja,2026,5,5,0,1.2
Pallabi,2026,5,5,0,1.1
Paltan,2026,5,5,0,1.0
Panthapath,2026,5,5,0,1.3
Postogola,2026,5,5,0,1.1
Ramna,2026,5,5,0,1.0
Rampura,2026,5,5,0,1.0
Sadarghat,2026,5,5,0,1.3
Science Lab,2026,5,5,0,1.1
Shahbagh,2026,5,5,0,1.1
Shewrapara,2026,5,5,0,1.2
Shyampur,2026,5,5,0,1.0
Sutrapur,2026,5,5,0,1.2
Tejgaon,2026,5,5,0,1.3
Uttara-1,2026,5,5,0,1.0
Uttara-3,2026,5,5,0,1.0
Uttara-7,2026,5,5,0,1.1
Wari,2026,5,5,0,1.1
Agargaon,2026,5,5,1,1.3
Airport,2026,5,5,1,1.1
Badda,2026,5,5,1,1.1
Banani,2026,5,5,1,1.2
Bangshal,2026,5,5,1,1.3
Baridhara,2026,5,5,1,1.2
Bashundhara,2026,5,5,1,1.2
Bijoynagar,2026,5,5,1,1.1
Chawk Bazar,2026,5,5,1,1.1
DOHS Mohakhali,2026,5,5,1,1.1
Demra,2026,5,5,1,1.2
Dhanmondi,2026,5,5,1,1.1
Elephant Road,2026,5,5,1,1.3
Eskaton,2026,5,5,1,1.0
Farmgate,2026,5,5,1,1.3
Gabtoli,2026,5,5,1,1.2
Green Road,2026,5,5,1,1.1
Gulshan-1,2026,5,5,1,1.3
Gulshan-2,2026,5,5,1,1.1
Hatirpool,2026,5,5,1,1.0
Hazaribagh,2026,5,5,1,1.3
Islampur,2026,5,5,1,1.2
Jatrabari,2026,5,5,1,1.2
Kakrail,2026,5,5,1,1.1
Kallyanpur,2026,5,5,1,1.3
Kamalapur,2026,5,5,1,1.0
Karwan Bazar,2026,5,5,1,1.2
Kazipara,2026,5,5,1,1.0
Keraniganj,2026,5,5,1,1.2
Khilkhet,2026,5,5,1,1.3
Kuril,2026,5,5,1,1.1
Lalbagh,2026,5,5,1,1.2
Malibagh,2026,5,5,1,1.1
Mirpur-1,2026,5,5,1,1.2
Mirpur-10,2026,5,5,1,1.1
Mirpur-12,2026,5,5,1,1.1
Moghbazar,2026,5,5,1,1.0
Mohammadpur,2026,5,5,1,1.3
Mohakhali,2026,5,5,1,1.1
Motijheel,2026,5,5,1,1.2
Nakhalpara,2026,5,5,1,1.0
New Market,2026,5,5,1,1.2
Nikunja,2026,5,5,1,1.1
Pallabi,2026,5,5,1,1.1
Paltan,2026,5,5,1,1.2
Panthapath,2026,5,5,1,1.2
Postogola,2026,5,5,1,1.1
Ramna,2026,5,5,1,1.0
Rampura,2026,5,5,1,1.1
Sadarghat,2026,5,5,1,1.2
Science Lab,2026,5,5,1,1.3
Shahbagh,2026,5,5,1,1.3
Shewrapara,2026,5,5,1,1.0
Shyampur,2026,5,5,1,1.3
Sutrapur,2026,5,5,1,1.2
Tejgaon,2026,5,5,1,1.1
Uttara-1,2026,5,5,1,1.2
Uttara-3,2026,5,5,1,1.2
Uttara-7,2026,5,5,1,1.1
Wari,2026,5,5,1,1.2
Agargaon,2026,5,5,2,1.1
Airport,2026,5,5,2,1.1
Badda,2026,5,5,2,1.0
Banani,2026,5,5,2,1.3
Bangshal,2026,5,5,2,1.2
Baridhara,2026,5,5,2,1.0
Bashundhara,2026,5,5,2,1.2
Bijoynagar,2026,5,5,2,1.1
Chawk Bazar,2026,5,5,2,1.1
DOHS Mohakhali,2026,5,5,2,1.3
Demra,2026,5,5,2,1.0
Dhanmondi,2026,5,5,2,1.1
Elephant Road,2026,5,5,2,1.1
Eskaton,2026,5,5,2,1.3
Farmgate,2026,5,5,2,1.1
Gabtoli,2026,5,5,2,1.1
Green Road,2026,5,5,2,1.1
Gulshan-1,2026,5,5,2,1.2
Gulshan-2,2026,5,5,2,1.2
Hatirpool,2026,5,5,2,1.2
Hazaribagh,2026,5,5,2,1.0
Islampur,2026,5,5,2,1.1
Jatrabari,2026,5,5,2,1.2
Kakrail,2026,5,5,2,1.2
Kallyanpur,2026,5,5,2,1.3
Kamalapur,2026,5,5,2,1.2
Karwan Bazar,2026,5,5,2,1.3
Kazipara,2026,5,5,2,1.2
Keraniganj,2026,5,5,2,1.1
Khilkhet,2026,5,5,2,1.2
Kuril,2026,5,5,2,1.2
Lalbagh,2026,5,5,2,1.2
Malibagh,2026,5,5,2,1.0
Mirpur-1,2026,5,5,2,1.1
Mirpur-10,2026,5,5,2,1.1
Mirpur-12,2026,5,5,2,1.0
Moghbazar,2026,5,5,2,1.1
Mohammadpur,2026,5,5,2,1.0
Mohakhali,2026,5,5,2,1.0
Motijheel,2026,5,5,2,1.0
Nakhalpara,2026,5,5,2,1.2
New Market,2026,5,5,2,1.1
Nikunja,2026,5,5,2,1.0
Pallabi,2026,5,5,2,1.1
Paltan,2026,5,5,2,1.2
Panthapath,2026,5,5,2,1.2
Postogola,2026,5,5,2,1.1
Ramna,2026,5,5,2,1.3
Rampura,2026,5,5,2,1.1
Sadarghat,2026,5,5,2,1.2
Science Lab,2026,5,5,2,1.2
Shahbagh,2026,5,5,2,1.2
Shewrapara,2026,5,5,2,1.1
Shyampur,2026,5,5,2,1.1
Sutrapur,2026,5,5,2,1.3
Tejgaon,2026,5,5,2,1.0
Uttara-1,2026,5,5,2,1.1
Uttara-3,2026,5,5,2,1.2
Uttara-7,2026,5,5,2,1.2
Wari,2026,5,5,2,1.2
Agargaon,2026,5,5,3,1.0
Airport,2026,5,5,3,1.3
Badda,2026,5,5,3,1.3
Banani,2026,5,5,3,1.0
Bangshal,2026,5,5,3,1.2
Baridhara,2026,5,5,3,1.1
Bashundhara,2026,5,5,3,1.1
Bijoynagar,2026,5,5,3,1.1
Chawk Bazar,2026,5,5,3,1.0
DOHS Mohakhali,2026,5,5,3,1.3
Demra,2026,5,5,3,1.2
Dhanmondi,2026,5,5,3,1.0
Elephant Road,2026,5,5,3,1.3
Eskaton,2026,5,5,3,1.0
Farmgate,2026,5,5,3,1.2
Gabtoli,2026,5,5,3,1.3
Green Road,2026,5,5,3,1.2
Gulshan-1,2026,5,5,3,1.0
Gulshan-2,2026,5,5,3,1.1
Hatirpool,2026,5,5,3,1.1
Hazaribagh,2026,5,5,3,1.1
Islampur,2026,5,5,3,1.1
Jatrabari,2026,5,5,3,1.0
Kakrail,2026,5,5,3,1.0
Kallyanpur,2026,5,5,3,1.1
Kamalapur,2026,5,5,3,1.1
Karwan Bazar,2026,5,5,3,1.1
Kazipara,2026,5,5,3,1.1
Keraniganj,2026,5,5,3,1.2
Khilkhet,2026,5,5,3,1.0
Kuril,2026,5,5,3,1.1
Lalbagh,2026,5,5,3,1.3
Malibagh,2026,5,5,3,1.2
Mirpur-1,2026,5,5,3,1.0
Mirpur-10,2026,5,5,3,1.1
Mirpur-12,2026,5,5,3,1.3
Moghbazar,2026,5,5,3,1.2
Mohammadpur,2026,5,5,3,1.1
Mohakhali,2026,5,5,3,1.0
Motijheel,2026,5,5,3,1.1
Nakhalpara,2026,5,5,3,1.0
New Market,2026,5,5,3,1.1
Nikunja,2026,5,5,3,1.2
Pallabi,2026,5,5,3,1.2
Paltan,2026,5,5,3,1.1
Panthapath,2026,5,5,3,1.2
Postogola,2026,5,5,3,1.2
Ramna,2026,5,5,3,1.2
Rampura,2026,5,5,3,1.2
Sadarghat,2026,5,5,3,1.0
Science Lab,2026,5,5,3,1.3
Shahbagh,2026,5,5,3,1.0
Shewrapara,2026,5,5,3,1.0
Shyampur,2026,5,5,3,1.2
Sutrapur,2026,5,5,3,1.2
Tejgaon,2026,5,5,3,1.0
Uttara-1,2026,5,5,3,1.0
Uttara-3,2026,5,5,3,1.0
Uttara-7,2026,5,5,3,1.2
Wari,2026,5,5,3,1.2
Agargaon,2026,5,5,4,1.1
Airport,2026,5,5,4,1.0
Badda,2026,5,5,4,1.1
Banani,2026,5,5,4,1.2
Bangshal,2026,5,5,4,1.3
Baridhara,2026,5,5,4,1.1
Bashundhara,2026,5,5,4,1.0
Bijoynagar,2026,5,5,4,1.2
Chawk Bazar,2026,5,5,4,1.0
DOHS Mohakhali,2026,5,5,4,1.3
Demra,2026,5,5,4,1.1
Dhanmondi,2026,5,5,4,1.2
Elephant Road,2026,5,5,4,1.1
Eskaton,2026,5,5,4,1.3
Farmgate,2026,5,5,4,1.3
Gabtoli,2026,5,5,4,1.2
Green Road,2026,5,5,4,1.2
Gulshan-1,2026,5,5,4,1.1
Gulshan-2,2026,5,5,4,1.1
Hatirpool,2026,5,5,4,1.1
Hazaribagh,2026,5,5,4,1.2
Islampur,2026,5,5,4,1.3
Jatrabari,2026,5,5,4,1.0
Kakrail,2026,5,5,4,1.3
Kallyanpur,2026,5,5,4,1.2
Kamalapur,2026,5,5,4,1.3
Karwan Bazar,2026,5,5,4,1.1
Kazipara,2026,5,5,4,1.1
Keraniganj,2026,5,5,4,1.1
Khilkhet,2026,5,5,4,1.1
Kuril,2026,5,5,4,1.1
Lalbagh,2026,5,5,4,1.2
Malibagh,2026,5,5,4,1.2
Mirpur-1,2026,5,5,4,1.1
Mirpur-10,2026,5,5,4,1.2
Mirpur-12,2026,5,5,4,1.3
Moghbazar,2026,5,5,4,1.1
Mohammadpur,2026,5,5,4,1.1
Mohakhali,2026,5,5,4,1.1
Motijheel,2026,5,5,4,1.3
Nakhalpara,2026,5,5,4,1.1
New Market,2026,5,5,4,1.3
Nikunja,2026,5,5,4,1.3
Pallabi,2026,5,5,4,1.0
Paltan,2026,5,5,4,1.0
Panthapath,2026,5,5,4,1.1
Postogola,2026,5,5,4,1.3
Ramna,2026,5,5,4,1.2
Rampura,2026,5,5,4,1.2
Sadarghat,2026,5,5,4,1.1
Science Lab,2026,5,5,4,1.3
Shahbagh,2026,5,5,4,1.0
Shewrapara,2026,5,5,4,1.1
Shyampur,2026,5,5,4,1.2
Sutrapur,2026,5,5,4,1.3
Tejgaon,2026,5,5,4,1.2
Uttara-1,2026,5,5,4,1.2
Uttara-3,2026,5,5,4,1.3
Uttara-7,2026,5,5,4,1.0
Wari,2026,5,5,4,1.0
Agargaon,2026,5,5,5,1.1
Airport,2026,5,5,5,1.0
Badda,2026,5,5,5,1.1
Banani,2026,5,5,5,1.3
Bangshal,2026,5,5,5,1.2
Baridhara,2026,5,5,5,1.1
Bashundhara,2026,5,5,5,1.2
Bijoynagar,2026,5,5,5,1.1
Chawk Bazar,2026,5,5,5,1.2
DOHS Mohakhali,2026,5,5,5,1.1
Demra,2026,5,5,5,1.0
Dhanmondi,2026,5,5,5,1.2
Elephant Road,2026,5,5,5,1.1
Eskaton,2026,5,5,5,1.2
Farmgate,2026,5,5,5,1.0
Gabtoli,2026,5,5,5,1.3
Green Road,2026,5,5,5,1.1
Gulshan-1,2026,5,5,5,1.1
Gulshan-2,2026,5,5,5,1.1
Hatirpool,2026,5,5,5,1.0
Hazaribagh,2026,5,5,5,1.2
Islampur,2026,5,5,5,1.0
Jatrabari,2026,5,5,5,1.3
Kakrail,2026,5,5,5,1.1
Kallyanpur,2026,5,5,5,1.1
Kamalapur,2026,5,5,5,1.1
Karwan Bazar,2026,5,5,5,1.3
Kazipara,2026,5,5,5,1.0
Keraniganj,2026,5,5,5,1.2
Khilkhet,2026,5,5,5,1.2
Kuril,2026,5,5,5,1.0
Lalbagh,2026,5,5,5,1.2
Malibagh,2026,5,5,5,1.2
Mirpur-1,2026,5,5,5,1.2
Mirpur-10,2026,5,5,5,1.1
Mirpur-12,2026,5,5,5,1.1
Moghbazar,2026,5,5,5,1.2
Mohammadpur,2026,5,5,5,1.1
Mohakhali,2026,5,5,5,1.2
Motijheel,2026,5,5,5,1.1
Nakhalpara,2026,5,5,5,1.1
New Market,2026,5,5,5,1.2
Nikunja,2026,5,5,5,1.0
Pallabi,2026,5,5,5,1.3
Paltan,2026,5,5,5,1.1
Panthapath,2026,5,5,5,1.2
Postogola,2026,5,5,5,1.0
Ramna,2026,5,5,5,1.2
Rampura,2026,5,5,5,1.1
Sadarghat,2026,5,5,5,1.2
Science Lab,2026,5,5,5,1.3
Shahbagh,2026,5,5,5,1.1
Shewrapara,2026,5,5,5,1.2
Shyampur,2026,5,5,5,1.0
Sutrapur,2026,5,5,5,1.1
Tejgaon,2026,5,5,5,1.1
Uttara-1,2026,5,5,5,1.0
Uttara-3,2026,5,5,5,1.1
Uttara-7,2026,5,5,5,1.2
Wari,2026,5,5,5,1.1
Agargaon,2026,5,5,6,1.0
Airport,2026,5,5,6,1.3
Badda,2026,5,5,6,1.1
Banani,2026,5,5,6,1.2
Bangshal,2026,5,5,6,1.1
Baridhara,2026,5,5,6,1.1
Bashundhara,2026,5,5,6,1.3
Bijoynagar,2026,5,5,6,1.3
Chawk Bazar,2026,5,5,6,1.1
DOHS Mohakhali,2026,5,5,6,1.1
Demra,2026,5,5,6,1.2
Dhanmondi,2026,5,5,6,1.3
Elephant Road,2026,5,5,6,1.3
Eskaton,2026,5,5,6,1.2
Farmgate,2026,5,5,6,1.0
Gabtoli,2026,5,5,6,1.2
Green Road,2026,5,5,6,1.2
Gulshan-1,2026,5,5,6,1.2
Gulshan-2,2026,5,5,6,1.2
Hatirpool,2026,5,5,6,1.2
Hazaribagh,2026,5,5,6,1.0
Islampur,2026,5,5,6,1.0
Jatrabari,2026,5,5,6,1.2
Kakrail,2026,5,5,6,1.2
Kallyanpur,2026,5,5,6,1.0
Kamalapur,2026,5,5,6,1.1
Karwan Bazar,2026,5,5,6,1.1
Kazipara,2026,5,5,6,1.1
Keraniganj,2026,5,5,6,1.3
Khilkhet,2026,5,5,6,1.1
Kuril,2026,5,5,6,1.1
Lalbagh,2026,5,5,6,1.0
Malibagh,2026,5,5,6,1.3
Mirpur-1,2026,5,5,6,1.3
Mirpur-10,2026,5,5,6,1.0
Mirpur-12,2026,5,5,6,1.2
Moghbazar,2026,5,5,6,1.1
Mohammadpur,2026,5,5,6,1.1
Mohakhali,2026,5,5,6,1.1
Motijheel,2026,5,5,6,1.2
Nakhalpara,2026,5,5,6,1.1
New Market,2026,5,5,6,1.2
Nikunja,2026,5,5,6,1.1
Pallabi,2026,5,5,6,1.3
Paltan,2026,5,5,6,1.3
Panthapath,2026,5,5,6,1.2
Postogola,2026,5,5,6,1.1
Ramna,2026,5,5,6,1.2
Rampura,2026,5,5,6,1.1
Sadarghat,2026,5,5,6,1.3
Science Lab,2026,5,5,6,1.2
Shahbagh,2026,5,5,6,1.1
Shewrapara,2026,5,5,6,1.1
Shyampur,2026,5,5,6,1.3
Sutrapur,2026,5,5,6,1.0
Tejgaon,2026,5,5,6,1.2
Uttara-1,2026,5,5,6,1.2
Uttara-3,2026,5,5,6,1.3
Uttara-7,2026,5,5,6,1.1
Wari,2026,5,5,6,1.1
Agargaon,2026,5,5,7,1.3
Airport,2026,5,5,7,1.0
Badda,2026,5,5,7,1.3
Banani,2026,5,5,7,1.1
Bangshal,2026,5,5,7,1.2
Baridhara,2026,5,5,7,1.0
Bashundhara,2026,5,5,7,1.2
Bijoynagar,2026,5,5,7,1.0
Chawk Bazar,2026,5,5,7,1.2
DOHS Mohakhali,2026,5,5,7,1.2
Demra,2026,5,5,7,1.2
Dhanmondi,2026,5,5,7,1.3
Elephant Road,2026,5,5,7,1.1
Eskaton,2026,5,5,7,1.2
Farmgate,2026,5,5,7,1.2
Gabtoli,2026,5,5,7,1.2
Green Road,2026,5,5,7,1.2
Gulshan-1,2026,5,5,7,1.2
Gulshan-2,2026,5,5,7,1.1
Hatirpool,2026,5,5,7,1.1
Hazaribagh,2026,5,5,7,1.1
Islampur,2026,5,5,7,1.1
Jatrabari,2026,5,5,7,1.2
Kakrail,2026,5,5,7,1.1
Kallyanpur,2026,5,5,7,1.1
Kamalapur,2026,5,5,7,1.3
Karwan Bazar,2026,5,5,7,1.2
Kazipara,2026,5,5,7,1.3
Keraniganj,2026,5,5,7,1.2
Khilkhet,2026,5,5,7,1.3
Kuril,2026,5,5,7,1.1
Lalbagh,2026,5,5,7,1.2
Malibagh,2026,5,5,7,1.2
Mirpur-1,2026,5,5,7,1.0
Mirpur-10,2026,5,5,7,1.1
Mirpur-12,2026,5,5,7,1.3
Moghbazar,2026,5,5,7,1.3
Mohammadpur,2026,5,5,7,1.2
Mohakhali,2026,5,5,7,1.2
Motijheel,2026,5,5,7,1.1
Nakhalpara,2026,5,5,7,1.2
New Market,2026,5,5,7,1.2
Nikunja,2026,5,5,7,1.2
Pallabi,2026,5,5,7,1.2
Paltan,2026,5,5,7,1.2
Panthapath,2026,5,5,7,1.0
Postogola,2026,5,5,7,1.2
Ramna,2026,5,5,7,1.2
Rampura,2026,5,5,7,1.1
Sadarghat,2026,5,5,7,1.2
Science Lab,2026,5,5,7,1.3
Shahbagh,2026,5,5,7,1.2
Shewrapara,2026,5,5,7,1.2
Shyampur,2026,5,5,7,1.2
Sutrapur,2026,5,5,7,1.2
Tejgaon,2026,5,5,7,1.2
Uttara-1,2026,5,5,7,1.2
Uttara-3,2026,5,5,7,1.2
Uttara-7,2026,5,5,7,1.2
Wari,2026,5,5,7,1.1
Agargaon,2026,5,5,8,1.5
Airport,2026,5,5,8,1.6
Badda,2026,5,5,8,1.4
Banani,2026,5,5,8,1.5
Bangshal,2026,5,5,8,1.6
Baridhara,2026,5,5,8,1.6
Bashundhara,2026,5,5,8,1.4
Bijoynagar,2026,5,5,8,1.6
Chawk Bazar,2026,5,5,8,1.5
DOHS Mohakhali,2026,5,5,8,1.5
Demra,2026,5,5,8,1.5
Dhanmondi,2026,5,5,8,1.4
Elephant Road,2026,5,5,8,1.5
Eskaton,2026,5,5,8,1.7
Farmgate,2026,5,5,8,1.7
Gabtoli,2026,5,5,8,1.8
Green Road,2026,5,5,8,1.6
Gulshan-1,2026,5,5,8,1.7
Gulshan-2,2026,5,5,8,1.6
Hatirpool,2026,5,5,8,1.5
Hazaribagh,2026,5,5,8,1.8
Islampur,2026,5,5,8,1.6
Jatrabari,2026,5,5,8,1.6
Kakrail,2026,5,5,8,1.6
Kallyanpur,2026,5,5,8,1.5
Kamalapur,2026,5,5,8,1.7
Karwan Bazar,2026,5,5,8,1.7
Kazipara,2026,5,5,8,1.7
Keraniganj,2026,5,5,8,1.6
Khilkhet,2026,5,5,8,1.4
Kuril,2026,5,5,8,1.5
Lalbagh,2026,5,5,8,1.6
Malibagh,2026,5,5,8,1.6
Mirpur-1,2026,5,5,8,1.7
Mirpur-10,2026,5,5,8,1.5
Mirpur-12,2026,5,5,8,1.4
Moghbazar,2026,5,5,8,1.6
Mohammadpur,2026,5,5,8,1.8
Mohakhali,2026,5,5,8,1.8
Motijheel,2026,5,5,8,1.4
Nakhalpara,2026,5,5,8,1.5
New Market,2026,5,5,8,1.5
Nikunja,2026,5,5,8,1.8
Pallabi,2026,5,5,8,1.6
Paltan,2026,5,5,8,1.6
Panthapath,2026,5,5,8,1.7
Postogola,2026,5,5,8,1.6
Ramna,2026,5,5,8,1.8
Rampura,2026,5,5,8,1.4
Sadarghat,2026,5,5,8,1.5
Science Lab,2026,5,5,8,1.5
Shahbagh,2026,5,5,8,1.5
Shewrapara,2026,5,5,8,1.5
Shyampur,2026,5,5,8,1.5
Sutrapur,2026,5,5,8,1.6
Tejgaon,2026,5,5,8,1.5
Uttara-1,2026,5,5,8,1.8
Uttara-3,2026,5,5,8,1.7
Uttara-7,2026,5,5,8,1.4
Wari,2026,5,5,8,1.6
Agargaon,2026,5,5,9,1.7
Airport,2026,5,5,9,1.8
Badda,2026,5,5,9,1.7
Banani,2026,5,5,9,1.6
Bangshal,2026,5,5,9,1.8
Baridhara,2026,5,5,9,1.5
Bashundhara,2026,5,5,9,1.6
Bijoynagar,2026,5,5,9,1.7
Chawk Bazar,2026,5,5,9,1.7
DOHS Mohakhali,2026,5,5,9,1.4
Demra,2026,5,5,9,1.5
Dhanmondi,2026,5,5,9,1.4
Elephant Road,2026,5,5,9,1.7
Eskaton,2026,5,5,9,1.6
Farmgate,2026,5,5,9,1.6
Gabtoli,2026,5,5,9,1.6
Green Road,2026,5,5,9,1.4
Gulshan-1,2026,5,5,9,1.7
Gulshan-2,2026,5,5,9,1.7
Hatirpool,2026,5,5,9,1.8
Hazaribagh,2026,5,5,9,1.5
Islampur,2026,5,5,9,1.8
Jatrabari,2026,5,5,9,1.5
Kakrail,2026,5,5,9,1.4
Kallyanpur,2026,5,5,9,1.7
Kamalapur,2026,5,5,9,1.8
Karwan Bazar,2026,5,5,9,1.5
Kazipara,2026,5,5,9,1.7
Keraniganj,2026,5,5,9,1.5
Khilkhet,2026,5,5,9,1.7
Kuril,2026,5,5,9,1.4
Lalbagh,2026,5,5,9,1.7
Malibagh,2026,5,5,9,1.4
Mirpur-1,2026,5,5,9,1.5
Mirpur-10,2026,5,5,9,1.5
Mirpur-12,2026,5,5,9,1.8
Moghbazar,2026,5,5,9,1.4
Mohammadpur,2026,5,5,9,1.6
Mohakhali,2026,5,5,9,1.7
Motijheel,2026,5,5,9,1.5
Nakhalpara,2026,5,5,9,1.5
New Market,2026,5,5,9,1.7
Nikunja,2026,5,5,9,1.6
Pallabi,2026,5,5,9,1.7
Paltan,2026,5,5,9,1.6
Panthapath,2026,5,5,9,1.8
Postogola,2026,5,5,9,1.6
Ramna,2026,5,5,9,1.4
Rampura,2026,5,5,9,1.7
Sadarghat,2026,5,5,9,1.6
Science Lab,2026,5,5,9,1.7
Shahbagh,2026,5,5,9,1.4
Shewrapara,2026,5,5,9,1.7
Shyampur,2026,5,5,9,1.5
Sutrapur,2026,5,5,9,1.5
Tejgaon,2026,5,5,9,1.7
Uttara-1,2026,5,5,9,1.6
Uttara-3,2026,5,5,9,1.5
Uttara-7,2026,5,5,9,1.8
Wari,2026,5,5,9,1.5
Agargaon,2026,5,5,10,1.4
Airport,2026,5,5,10,1.7
Badda,2026,5,5,10,1.5
Banani,2026,5,5,10,1.8
Bangshal,2026,5,5,10,1.5
Baridhara,2026,5,5,10,1.7
Bashundhara,2026,5,5,10,1.7
Bijoynagar,2026,5,5,10,1.7
Chawk Bazar,2026,5,5,10,1.5
DOHS Mohakhali,2026,5,5,10,1.5
Demra,2026,5,5,10,1.5
Dhanmondi,2026,5,5,10,1.7
Elephant Road,2026,5,5,10,1.5
Eskaton,2026,5,5,10,1.7
Farmgate,2026,5,5,10,1.4
Gabtoli,2026,5,5,10,1.8
Green Road,2026,5,5,10,1.7
Gulshan-1,2026,5,5,10,1.4
Gulshan-2,2026,5,5,10,1.5
Hatirpool,2026,5,5,10,1.5
Hazaribagh,2026,5,5,10,1.7
Islampur,2026,5,5,10,1.7
Jatrabari,2026,5,5,10,1.6
Kakrail,2026,5,5,10,1.5
Kallyanpur,2026,5,5,10,1.7
Kamalapur,2026,5,5,10,1.6
Karwan Bazar,2026,5,5,10,1.8
Kazipara,2026,5,5,10,1.6
Keraniganj,2026,5,5,10,1.5
Khilkhet,2026,5,5,10,1.7
Kuril,2026,5,5,10,1.4
Lalbagh,2026,5,5,10,1.7
Malibagh,2026,5,5,10,1.4
Mirpur-1,2026,5,5,10,1.6
Mirpur-10,2026,5,5,10,1.8
Mirpur-12,2026,5,5,10,1.5
Moghbazar,2026,5,5,10,1.5
Mohammadpur,2026,5,5,10,1.4
Mohakhali,2026,5,5,10,1.5
Motijheel,2026,5,5,10,1.4
Nakhalpara,2026,5,5,10,1.5
New Market,2026,5,5,10,1.5
Nikunja,2026,5,5,10,1.5
Pallabi,2026,5,5,10,1.4
Paltan,2026,5,5,10,1.5
Panthapath,2026,5,5,10,1.8
Postogola,2026,5,5,10,1.5
Ramna,2026,5,5,10,1.8
Rampura,2026,5,5,10,1.5
Sadarghat,2026,5,5,10,1.5
Science Lab,2026,5,5,10,1.8
Shahbagh,2026,5,5,10,1.6
Shewrapara,2026,5,5,10,1.4
Shyampur,2026,5,5,10,1.7
Sutrapur,2026,5,5,10,1.7
Tejgaon,2026,5,5,10,1.7
Uttara-1,2026,5,5,10,1.6
Uttara-3,2026,5,5,10,1.8
Uttara-7,2026,5,5,10,1.5
Wari,2026,5,5,10,1.5
Agargaon,2026,5,5,11,1.2
Airport,2026,5,5,11,1.1
Badda,2026,5,5,11,1.1
Banani,2026,5,5,11,1.3
Bangshal,2026,5,5,11,1.0
Baridhara,2026,5,5,11,1.3
Bashundhara,2026,5,5,11,1.2
Bijoynagar,2026,5,5,11,1.1
Chawk Bazar,2026,5,5,11,1.3
DOHS Mohakhali,2026,5,5,11,1.3
Demra,2026,5,5,11,1.3
Dhanmondi,2026,5,5,11,1.2
Elephant Road,2026,5,5,11,1.2
Eskaton,2026,5,5,11,1.2
Farmgate,2026,5,5,11,1.2
Gabtoli,2026,5,5,11,1.3
Green Road,2026,5,5,11,1.1
Gulshan-1,2026,5,5,11,1.3
Gulshan-2,2026,5,5,11,1.2
Hatirpool,2026,5,5,11,1.1
Hazaribagh,2026,5,5,11,1.1
Islampur,2026,5,5,11,1.1
Jatrabari,2026,5,5,11,1.2
Kakrail,2026,5,5,11,1.3
Kallyanpur,2026,5,5,11,1.1
Kamalapur,2026,5,5,11,1.0
Karwan Bazar,2026,5,5,11,1.2
Kazipara,2026,5,5,11,1.2
Keraniganj,2026,5,5,11,1.3
Khilkhet,2026,5,5,11,1.3
Kuril,2026,5,5,11,1.2
Lalbagh,2026,5,5,11,1.3
Malibagh,2026,5,5,11,1.2
Mirpur-1,2026,5,5,11,1.3
Mirpur-10,2026,5,5,11,1.3
Mirpur-12,2026,5,5,11,1.1
Moghbazar,2026,5,5,11,1.0
Mohammadpur,2026,5,5,11,1.3
Mohakhali,2026,5,5,11,1.2
Motijheel,2026,5,5,11,1.1
Nakhalpara,2026,5,5,11,1.3
New Market,2026,5,5,11,1.2
Nikunja,2026,5,5,11,1.1
Pallabi,2026,5,5,11,1.1
Paltan,2026,5,5,11,1.2
Panthapath,2026,5,5,11,1.1
Postogola,2026,5,5,11,1.1
Ramna,2026,5,5,11,1.2
Rampura,2026,5,5,11,1.2
Sadarghat,2026,5,5,11,1.2
Science Lab,2026,5,5,11,1.1
Shahbagh,2026,5,5,11,1.0
Shewrapara,2026,5,5,11,1.2
Shyampur,2026,5,5,11,1.0
Sutrapur,2026,5,5,11,1.0
Tejgaon,2026,5,5,11,1.2
Uttara-1,2026,5,5,11,1.2
Uttara-3,2026,5,5,11,1.1
Uttara-7,2026,5,5,11,1.0
Wari,2026,5,5,11,1.1
Agargaon,2026,5,5,12,1.3
Airport,2026,5,5,12,1.2
Badda,2026,5,5,12,1.2
Banani,2026,5,5,12,1.3
Bangshal,2026,5,5,12,1.1
Baridhara,2026,5,5,12,1.2
Bashundhara,2026,5,5,12,1.0
Bijoynagar,2026,5,5,12,1.1
Chawk Bazar,2026,5,5,12,1.3
DOHS Mohakhali,2026,5,5,12,1.2
Demra,2026,5,5,12,1.0
Dhanmondi,2026,5,5,12,1.2
Elephant Road,2026,5,5,12,1.1
Eskaton,2026,5,5,12,1.1
Farmgate,2026,5,5,12,1.1
Gabtoli,2026,5,5,12,1.2
Green Road,2026,5,5,12,1.0
Gulshan-1,2026,5,5,12,1.2
Gulshan-2,2026,5,5,12,1.1
Hatirpool,2026,5,5,12,1.2
Hazaribagh,2026,5,5,12,1.1
Islampur,2026,5,5,12,1.1
Jatrabari,2026,5,5,12,1.0
Kakrail,2026,5,5,12,1.3
Kallyanpur,2026,5,5,12,1.3
Kamalapur,2026,5,5,12,1.1
Karwan Bazar,2026,5,5,12,1.2
Kazipara,2026,5,5,12,1.1
Keraniganj,2026,5,5,12,1.2
Khilkhet,2026,5,5,12,1.0
Kuril,2026,5,5,12,1.0
Lalbagh,2026,5,5,12,1.2
Malibagh,2026,5,5,12,1.2
Mirpur-1,2026,5,5,12,1.1
Mirpur-10,2026,5,5,12,1.1
Mirpur-12,2026,5,5,12,1.1
Moghbazar,2026,5,5,12,1.0
Mohammadpur,2026,5,5,12,1.1
Mohakhali,2026,5,5,12,1.1
Motijheel,2026,5,5,12,1.1
Nakhalpara,2026,5,5,12,1.2
New Market,2026,5,5,12,1.3
Nikunja,2026,5,5,12,1.1
Pallabi,2026,5,5,12,1.1
Paltan,2026,5,5,12,1.2
Panthapath,2026,5,5,12,1.1
Postogola,2026,5,5,12,1.2
Ramna,2026,5,5,12,1.1
Rampura,2026,5,5,12,1.1
Sadarghat,2026,5,5,12,1.1
Science Lab,2026,5,5,12,1.3
Shahbagh,2026,5,5,12,1.1
Shewrapara,2026,5,5,12,1.2
Shyampur,2026,5,5,12,1.2
Sutrapur,2026,5,5,12,1.1
Tejgaon,2026,5,5,12,1.1
Uttara-1,2026,5,5,12,1.1
Uttara-3,2026,5,5,12,1.1
Uttara-7,2026,5,5,12,1.0
Wari,2026,5,5,12,1.2
Agargaon,2026,5,5,13,1.3
Airport,2026,5,5,13,1.2
Badda,2026,5,5,13,1.2
Banani,2026,5,5,13,1.2
Bangshal,2026,5,5,13,1.2
Baridhara,2026,5,5,13,1.2
Bashundhara,2026,5,5,13,1.0
Bijoynagar,2026,5,5,13,1.3
Chawk Bazar,2026,5,5,13,1.0
DOHS Mohakhali,2026,5,5,13,1.3
Demra,2026,5,5,13,1.1
Dhanmondi,2026,5,5,13,1.2
Elephant Road,2026,5,5,13,1.1
Eskaton,2026,5,5,13,1.3
Farmgate,2026,5,5,13,1.0
Gabtoli,2026,5,5,13,1.0
Green Road,2026,5,5,13,1.2
Gulshan-1,2026,5,5,13,1.2
Gulshan-2,2026,5,5,13,1.2
Hatirpool,2026,5,5,13,1.2
Hazaribagh,2026,5,5,13,1.1
Islampur,2026,5,5,13,1.1
Jatrabari,2026,5,5,13,1.1
Kakrail,2026,5,5,13,1.2
Kallyanpur,2026,5,5,13,1.2
Kamalapur,2026,5,5,13,1.0
Karwan Bazar,2026,5,5,13,1.2
Kazipara,2026,5,5,13,1.3
Keraniganj,2026,5,5,13,1.1
Khilkhet,2026,5,5,13,1.3
Kuril,2026,5,5,13,1.1
Lalbagh,2026,5,5,13,1.2
Malibagh,2026,5,5,13,1.1
Mirpur-1,2026,5,5,13,1.2
Mirpur-10,2026,5,5,13,1.1
Mirpur-12,2026,5,5,13,1.1
Moghbazar,2026,5,5,13,1.1
Mohammadpur,2026,5,5,13,1.1
Mohakhali,2026,5,5,13,1.0
Motijheel,2026,5,5,13,1.2
Nakhalpara,2026,5,5,13,1.1
New Market,2026,5,5,13,1.3
Nikunja,2026,5,5,13,1.3
Pallabi,2026,5,5,13,1.2
Paltan,2026,5,5,13,1.1
Panthapath,2026,5,5,13,1.3
Postogola,2026,5,5,13,1.0
Ramna,2026,5,5,13,1.1
Rampura,2026,5,5,13,1.0
Sadarghat,2026,5,5,13,1.2
Science Lab,2026,5,5,13,1.1
Shahbagh,2026,5,5,13,1.3
Shewrapara,2026,5,5,13,1.1
Shyampur,2026,5,5,13,1.1
Sutrapur,2026,5,5,13,1.1
Tejgaon,2026,5,5,13,1.3
Uttara-1,2026,5,5,13,1.1
Uttara-3,2026,5,5,13,1.2
Uttara-7,2026,5,5,13,1.0
Wari,2026,5,5,13,1.2
Agargaon,2026,5,5,14,1.2
Airport,2026,5,5,14,1.1
Badda,2026,5,5,14,1.1
Banani,2026,5,5,14,1.1
Bangshal,2026,5,5,14,1.1
Baridhara,2026,5,5,14,1.2
Bashundhara,2026,5,5,14,1.1
Bijoynagar,2026,5,5,14,1.2
Chawk Bazar,2026,5,5,14,1.1
DOHS Mohakhali,2026,5,5,14,1.3
Demra,2026,5,5,14,1.3
Dhanmondi,2026,5,5,14,1.3
Elephant Road,2026,5,5,14,1.1
Eskaton,2026,5,5,14,1.3
Farmgate,2026,5,5,14,1.3
Gabtoli,2026,5,5,14,1.1
Green Road,2026,5,5,14,1.1
Gulshan-1,2026,5,5,14,1.0
Gulshan-2,2026,5,5,14,1.0
Hatirpool,2026,5,5,14,1.2
Hazaribagh,2026,5,5,14,1.2
Islampur,2026,5,5,14,1.2
Jatrabari,2026,5,5,14,1.1
Kakrail,2026,5,5,14,1.1
Kallyanpur,2026,5,5,14,1.3
Kamalapur,2026,5,5,14,1.2
Karwan Bazar,2026,5,5,14,1.1
Kazipara,2026,5,5,14,1.2
Keraniganj,2026,5,5,14,1.3
Khilkhet,2026,5,5,14,1.1
Kuril,2026,5,5,14,1.1
Lalbagh,2026,5,5,14,1.3
Malibagh,2026,5,5,14,1.1
Mirpur-1,2026,5,5,14,1.3
Mirpur-10,2026,5,5,14,1.2
Mirpur-12,2026,5,5,14,1.1
Moghbazar,2026,5,5,14,1.2
Mohammadpur,2026,5,5,14,1.3
Mohakhali,2026,5,5,14,1.2
Motijheel,2026,5,5,14,1.0
Nakhalpara,2026,5,5,14,1.2
New Market,2026,5,5,14,1.2
Nikunja,2026,5,5,14,1.0
Pallabi,2026,5,5,14,1.3
Paltan,2026,5,5,14,1.1
Panthapath,2026,5,5,14,1.2
Postogola,2026,5,5,14,1.0
Ramna,2026,5,5,14,1.2
Rampura,2026,5,5,14,1.2
Sadarghat,2026,5,5,14,1.2
Science Lab,2026,5,5,14,1.2
Shahbagh,2026,5,5,14,1.1
Shewrapara,2026,5,5,14,1.2
Shyampur,2026,5,5,14,1.1
Sutrapur,2026,5,5,14,1.1
Tejgaon,2026,5,5,14,1.2
Uttara-1,2026,5,5,14,1.2
Uttara-3,2026,5,5,14,1.2
Uttara-7,2026,5,5,14,1.1
Wari,2026,5,5,14,1.2
Agargaon,2026,5,5,15,1.1
Airport,2026,5,5,15,1.1
Badda,2026,5,5,15,1.1
Banani,2026,5,5,15,1.2
Bangshal,2026,5,5,15,1.3
Baridhara,2026,5,5,15,1.2
Bashundhara,2026,5,5,15,1.2
Bijoynagar,2026,5,5,15,1.1
Chawk Bazar,2026,5,5,15,1.2
DOHS Mohakhali,2026,5,5,15,1.2
Demra,2026,5,5,15,1.3
Dhanmondi,2026,5,5,15,1.2
Elephant Road,2026,5,5,15,1.2
Eskaton,2026,5,5,15,1.3
Farmgate,2026,5,5,15,1.3
Gabtoli,2026,5,5,15,1.3
Green Road,2026,5,5,15,1.1
Gulshan-1,2026,5,5,15,1.0
Gulshan-2,2026,5,5,15,1.2
Hatirpool,2026,5,5,15,1.0
Hazaribagh,2026,5,5,15,1.1
Islampur,2026,5,5,15,1.2
Jatrabari,2026,5,5,15,1.3
Kakrail,2026,5,5,15,1.0
Kallyanpur,2026,5,5,15,1.3
Kamalapur,2026,5,5,15,1.1
Karwan Bazar,2026,5,5,15,1.1
Kazipara,2026,5,5,15,1.2
Keraniganj,2026,5,5,15,1.3
Khilkhet,2026,5,5,15,1.1
Kuril,2026,5,5,15,1.3
Lalbagh,2026,5,5,15,1.1
Malibagh,2026,5,5,15,1.1
Mirpur-1,2026,5,5,15,1.2
Mirpur-10,2026,5,5,15,1.2
Mirpur-12,2026,5,5,15,1.1
Moghbazar,2026,5,5,15,1.1
Mohammadpur,2026,5,5,15,1.2
Mohakhali,2026,5,5,15,1.1
Motijheel,2026,5,5,15,1.3
Nakhalpara,2026,5,5,15,1.2
New Market,2026,5,5,15,1.2
Nikunja,2026,5,5,15,1.3
Pallabi,2026,5,5,15,1.1
Paltan,2026,5,5,15,1.1
Panthapath,2026,5,5,15,1.0
Postogola,2026,5,5,15,1.0
Ramna,2026,5,5,15,1.0
Rampura,2026,5,5,15,1.1
Sadarghat,2026,5,5,15,1.1
Science Lab,2026,5,5,15,1.1
Shahbagh,2026,5,5,15,1.3
Shewrapara,2026,5,5,15,1.1
Shyampur,2026,5,5,15,1.3
Sutrapur,2026,5,5,15,1.1
Tejgaon,2026,5,5,15,1.1
Uttara-1,2026,5,5,15,1.3
Uttara-3,2026,5,5,15,1.0
Uttara-7,2026,5,5,15,1.2
Wari,2026,5,5,15,1.2
Agargaon,2026,5,5,16,1.2
Airport,2026,5,5,16,1.3
Badda,2026,5,5,16,1.1
Banani,2026,5,5,16,1.2
Bangshal,2026,5,5,16,1.0
Baridhara,2026,5,5,16,1.1
Bashundhara,2026,5,5,16,1.2
Bijoynagar,2026,5,5,16,1.2
Chawk Bazar,2026,5,5,16,1.0
DOHS Mohakhali,2026,5,5,16,1.2
Demra,2026,5,5,16,1.2
Dhanmondi,2026,5,5,16,1.2
Elephant Road,2026,5,5,16,1.1
Eskaton,2026,5,5,16,1.2
Farmgate,2026,5,5,16,1.1
Gabtoli,2026,5,5,16,1.1
Green Road,2026,5,5,16,1.2
Gulshan-1,2026,5,5,16,1.2
Gulshan-2,2026,5,5,16,1.1
Hatirpool,2026,5,5,16,1.1
Hazaribagh,2026,5,5,16,1.2
Islampur,2026,5,5,16,1.1
Jatrabari,2026,5,5,16,1.2
Kakrail,2026,5,5,16,1.1
Kallyanpur,2026,5,5,16,1.1
Kamalapur,2026,5,5,16,1.0
Karwan Bazar,2026,5,5,16,1.2
Kazipara,2026,5,5,16,1.1
Keraniganj,2026,5,5,16,1.1
Khilkhet,2026,5,5,16,1.2
Kuril,2026,5,5,16,1.1
Lalbagh,2026,5,5,16,1.2
Malibagh,2026,5,5,16,1.0
Mirpur-1,2026,5,5,16,1.3
Mirpur-10,2026,5,5,16,1.0
Mirpur-12,2026,5,5,16,1.1
Moghbazar,2026,5,5,16,1.2
Mohammadpur,2026,5,5,16,1.1
Mohakhali,2026,5,5,16,1.3
Motijheel,2026,5,5,16,1.3
Nakhalpara,2026,5,5,16,1.0
New Market,2026,5,5,16,1.1
Nikunja,2026,5,5,16,1.2
Pallabi,2026,5,5,16,1.2
Paltan,2026,5,5,16,1.1
Panthapath,2026,5,5,16,1.2
Postogola,2026,5,5,16,1.1
Ramna,2026,5,5,16,1.2
Rampura,2026,5,5,16,1.3
Sadarghat,2026,5,5,16,1.2
Science Lab,2026,5,5,16,1.3
Shahbagh,2026,5,5,16,1.3
Shewrapara,2026,5,5,16,1.1
Shyampur,2026,5,5,16,1.2
Sutrapur,2026,5,5,16,1.0
Tejgaon,2026,5,5,16,1.1
Uttara-1,2026,5,5,16,1.2
Uttara-3,2026,5,5,16,1.2
Uttara-7,2026,5,5,16,1.2
Wari,2026,5,5,16,1.1
Agargaon,2026,5,5,17,1.9
Airport,2026,5,5,17,1.9
Badda,2026,5,5,17,1.7
Banani,2026,5,5,17,1.5
Bangshal,2026,5,5,17,1.7
Baridhara,2026,5,5,17,1.8
Bashundhara,2026,5,5,17,1.7
Bijoynagar,2026,5,5,17,1.7
Chawk Bazar,2026,5,5,17,1.8
DOHS Mohakhali,2026,5,5,17,1.5
Demra,2026,5,5,17,1.8
Dhanmondi,2026,5,5,17,1.5
Elephant Road,2026,5,5,17,1.5
Eskaton,2026,5,5,17,1.8
Farmgate,2026,5,5,17,1.5
Gabtoli,2026,5,5,17,1.7
Green Road,2026,5,5,17,1.7
Gulshan-1,2026,5,5,17,1.6
Gulshan-2,2026,5,5,17,1.5
Hatirpool,2026,5,5,17,1.9
Hazaribagh,2026,5,5,17,1.8
Islampur,2026,5,5,17,1.7
Jatrabari,2026,5,5,17,2.0
Kakrail,2026,5,5,17,1.9
Kallyanpur,2026,5,5,17,1.7
Kamalapur,2026,5,5,17,1.9
Karwan Bazar,2026,5,5,17,1.8
Kazipara,2026,5,5,17,1.7
Keraniganj,2026,5,5,17,1.8
Khilkhet,2026,5,5,17,1.9
Kuril,2026,5,5,17,1.9
Lalbagh,2026,5,5,17,1.9
Malibagh,2026,5,5,17,1.8
Mirpur-1,2026,5,5,17,2.0
Mirpur-10,2026,5,5,17,1.9
Mirpur-12,2026,5,5,17,1.8
Moghbazar,2026,5,5,17,1.9
Mohammadpur,2026,5,5,17,1.7
Mohakhali,2026,5,5,17,1.6
Motijheel,2026,5,5,17,1.5
Nakhalpara,2026,5,5,17,2.0
New Market,2026,5,5,17,1.6
Nikunja,2026,5,5,17,1.8
Pallabi,2026,5,5,17,1.7
Paltan,2026,5,5,17,1.6
Panthapath,2026,5,5,17,1.7
Postogola,2026,5,5,17,2.0
Ramna,2026,5,5,17,1.6
Rampura,2026,5,5,17,1.7
Sadarghat,2026,5,5,17,1.8
Science Lab,2026,5,5,17,1.9
Shahbagh,2026,5,5,17,2.0
Shewrapara,2026,5,5,17,1.6
Shyampur,2026,5,5,17,1.7
Sutrapur,2026,5,5,17,1.9
Tejgaon,2026,5,5,17,2.0
Uttara-1,2026,5,5,17,1.8
Uttara-3,2026,5,5,17,1.8
Uttara-7,2026,5,5,17,1.9
Wari,2026,5,5,17,1.7
Agargaon,2026,5,5,18,1.9
Airport,2026,5,5,18,1.7
Badda,2026,5,5,18,1.6
Banani,2026,5,5,18,1.9
Bangshal,2026,5,5,18,1.8
Baridhara,2026,5,5,18,1.8
Bashundhara,2026,5,5,18,1.8
Bijoynagar,2026,5,5,18,1.8
Chawk Bazar,2026,5,5,18,1.9
DOHS Mohakhali,2026,5,5,18,1.7
Demra,2026,5,5,18,1.7
Dhanmondi,2026,5,5,18,1.7
Elephant Road,2026,5,5,18,1.9
Eskaton,2026,5,5,18,1.8
Farmgate,2026,5,5,18,1.6
Gabtoli,2026,5,5,18,2.0
Green Road,2026,5,5,18,2.0
Gulshan-1,2026,5,5,18,2.0
Gulshan-2,2026,5,5,18,1.6
Hatirpool,2026,5,5,18,1.6
Hazaribagh,2026,5,5,18,1.8
Islampur,2026,5,5,18,1.7
Jatrabari,2026,5,5,18,1.6
Kakrail,2026,5,5,18,1.8
Kallyanpur,2026,5,5,18,1.9
Kamalapur,2026,5,5,18,1.9
Karwan Bazar,2026,5,5,18,1.7
Kazipara,2026,5,5,18,1.5
Keraniganj,2026,5,5,18,2.0
Khilkhet,2026,5,5,18,1.9
Kuril,2026,5,5,18,1.8
Lalbagh,2026,5,5,18,1.8
Malibagh,2026,5,5,18,1.9
Mirpur-1,2026,5,5,18,1.5
Mirpur-10,2026,5,5,18,1.5
Mirpur-12,2026,5,5,18,1.5
Moghbazar,2026,5,5,18,1.5
Mohammadpur,2026,5,5,18,1.8
Mohakhali,2026,5,5,18,1.9
Motijheel,2026,5,5,18,1.8
Nakhalpara,2026,5,5,18,1.8
New Market,2026,5,5,18,1.6
Nikunja,2026,5,5,18,1.5
Pallabi,2026,5,5,18,1.9
Paltan,2026,5,5,18,1.7
Panthapath,2026,5,5,18,1.9
Postogola,2026,5,5,18,1.9
Ramna,2026,5,5,18,1.8
Rampura,2026,5,5,18,1.7
Sadarghat,2026,5,5,18,1.7
Science Lab,2026,5,5,18,1.9
Shahbagh,2026,5,5,18,1.6
Shewrapara,2026,5,5,18,1.6
Shyampur,2026,5,5,18,1.6
Sutrapur,2026,5,5,18,1.9
Tejgaon,2026,5,5,18,1.6
Uttara-1,2026,5,5,18,1.5
Uttara-3,2026,5,5,18,2.0
Uttara-7,2026,5,5,18,1.5
Wari,2026,5,5,18,1.9
Agargaon,2026,5,5,19,2.0
Airport,2026,5,5,19,1.6
Badda,2026,5,5,19,2.0
Banani,2026,5,5,19,1.7
Bangshal,2026,5,5,19,1.6
Baridhara,2026,5,5,19,1.6
Bashundhara,2026,5,5,19,1.7
Bijoynagar,2026,5,5,19,1.7
Chawk Bazar,2026,5,5,19,1.8
DOHS Mohakhali,2026,5,5,19,1.8
Demra,2026,5,5,19,1.8
Dhanmondi,2026,5,5,19,1.6
Elephant Road,2026,5,5,19,1.7
Eskaton,2026,5,5,19,1.9
Farmgate,2026,5,5,19,1.9
Gabtoli,2026,5,5,19,1.6
Green Road,2026,5,5,19,1.9
Gulshan-1,2026,5,5,19,1.5
Gulshan-2,2026,5,5,19,1.7
Hatirpool,2026,5,5,19,1.9
Hazaribagh,2026,5,5,19,1.7
Islampur,2026,5,5,19,1.8
Jatrabari,2026,5,5,19,1.8
Kakrail,2026,5,5,19,1.9
Kallyanpur,2026,5,5,19,1.9
Kamalapur,2026,5,5,19,1.6
Karwan Bazar,2026,5,5,19,1.6
Kazipara,2026,5,5,19,1.6
Keraniganj,2026,5,5,19,1.6
Khilkhet,2026,5,5,19,1.8
Kuril,2026,5,5,19,1.6
Lalbagh,2026,5,5,19,2.0
Malibagh,2026,5,5,19,1.6
Mirpur-1,2026,5,5,19,1.6
Mirpur-10,2026,5,5,19,1.7
Mirpur-12,2026,5,5,19,2.0
Moghbazar,2026,5,5,19,1.7
Mohammadpur,2026,5,5,19,1.7
Mohakhali,2026,5,5,19,1.9
Motijheel,2026,5,5,19,1.8
Nakhalpara,2026,5,5,19,1.8
New Market,2026,5,5,19,1.8
Nikunja,2026,5,5,19,2.0
Pallabi,2026,5,5,19,1.8
Paltan,2026,5,5,19,1.6
Panthapath,2026,5,5,19,1.6
Postogola,2026,5,5,19,1.6
Ramna,2026,5,5,19,1.6
Rampura,2026,5,5,19,2.0
Sadarghat,2026,5,5,19,1.6
Science Lab,2026,5,5,19,1.5
Shahbagh,2026,5,5,19,1.9
Shewrapara,2026,5,5,19,1.6
Shyampur,2026,5,5,19,1.6
Sutrapur,2026,5,5,19,1.5
Tejgaon,2026,5,5,19,1.7
Uttara-1,2026,5,5,19,1.6
Uttara-3,2026,5,5,19,1.9
Uttara-7,2026,5,5,19,1.5
Wari,2026,5,5,19,1.5
Agargaon,2026,5,5,20,1.9
Airport,2026,5,5,20,1.9
Badda,2026,5,5,20,1.7
Banani,2026,5,5,20,1.5
Bangshal,2026,5,5,20,1.5
Baridhara,2026,5,5,20,1.8
Bashundhara,2026,5,5,20,1.7
Bijoynagar,2026,5,5,20,1.8
Chawk Bazar,2026,5,5,20,1.8
DOHS Mohakhali,2026,5,5,20,1.7
Demra,2026,5,5,20,1.6
Dhanmondi,2026,5,5,20,1.8
Elephant Road,2026,5,5,20,1.6
Eskaton,2026,5,5,20,1.7
Farmgate,2026,5,5,20,1.6
Gabtoli,2026,5,5,20,1.6
Green Road,2026,5,5,20,2.0
Gulshan-1,2026,5,5,20,1.9
Gulshan-2,2026,5,5,20,1.9
Hatirpool,2026,5,5,20,1.6
Hazaribagh,2026,5,5,20,1.9
Islampur,2026,5,5,20,1.7
Jatrabari,2026,5,5,20,1.9
Kakrail,2026,5,5,20,1.6
Kallyanpur,2026,5,5,20,1.9
Kamalapur,2026,5,5,20,1.6
Karwan Bazar,2026,5,5,20,2.0
Kazipara,2026,5,5,20,1.7
Keraniganj,2026,5,5,20,1.5
Khilkhet,2026,5,5,20,1.5
Kuril,2026,5,5,20,1.8
Lalbagh,2026,5,5,20,1.7
Malibagh,2026,5,5,20,1.7
Mirpur-1,2026,5,5,20,1.9
Mirpur-10,2026,5,5,20,1.6
Mirpur-12,2026,5,5,20,1.9
Moghbazar,2026,5,5,20,1.8
Mohammadpur,2026,5,5,20,1.8
Mohakhali,2026,5,5,20,1.9
Motijheel,2026,5,5,20,1.6
Nakhalpara,2026,5,5,20,1.8
New Market,2026,5,5,20,1.7
Nikunja,2026,5,5,20,2.0
Pallabi,2026,5,5,20,1.7
Paltan,2026,5,5,20,1.8
Panthapath,2026,5,5,20,1.6
Postogola,2026,5,5,20,1.6
Ramna,2026,5,5,20,1.9
Rampura,2026,5,5,20,1.9
Sadarghat,2026,5,5,20,1.8
Science Lab,2026,5,5,20,1.9
Shahbagh,2026,5,5,20,1.6
Shewrapara,2026,5,5,20,1.8
Shyampur,2026,5,5,20,1.8
Sutrapur,2026,5,5,20,1.8
Tejgaon,2026,5,5,20,1.9
Uttara-1,2026,5,5,20,1.8
Uttara-3,2026,5,5,20,1.8
Uttara-7,2026,5,5,20,1.6
Wari,2026,5,5,20,1.9
Agargaon,2026,5,5,21,2.0
Airport,2026,5,5,21,1.6
Badda,2026,5,5,21,2.0
Banani,2026,5,5,21,1.7
Bangshal,2026,5,5,21,1.6
Baridhara,2026,5,5,21,1.7
Bashundhara,2026,5,5,21,1.6
Bijoynagar,2026,5,5,21,2.0
Chawk Bazar,2026,5,5,21,1.9
DOHS Mohakhali,2026,5,5,21,1.5
Demra,2026,5,5,21,1.8
Dhanmondi,2026,5,5,21,2.0
Elephant Road,2026,5,5,21,1.9
Eskaton,2026,5,5,21,1.7
Farmgate,2026,5,5,21,1.9
Gabtoli,2026,5,5,21,2.0
Green Road,2026,5,5,21,1.9
Gulshan-1,2026,5,5,21,1.8
Gulshan-2,2026,5,5,21,1.6
Hatirpool,2026,5,5,21,1.7
Hazaribagh,2026,5,5,21,1.6
Islampur,2026,5,5,21,1.8
Jatrabari,2026,5,5,21,1.7
Kakrail,2026,5,5,21,1.8
Kallyanpur,2026,5,5,21,2.0
Kamalapur,2026,5,5,21,1.6
Karwan Bazar,2026,5,5,21,1.7
Kazipara,2026,5,5,21,1.9
Keraniganj,2026,5,5,21,1.8
Khilkhet,2026,5,5,21,1.6
Kuril,2026,5,5,21,1.8
Lalbagh,2026,5,5,21,1.7
Malibagh,2026,5,5,21,1.6
Mirpur-1,2026,5,5,21,1.9
Mirpur-10,2026,5,5,21,2.0
Mirpur-12,2026,5,5,21,1.5
Moghbazar,2026,5,5,21,1.9
Mohammadpur,2026,5,5,21,1.6
Mohakhali,2026,5,5,21,1.8
Motijheel,2026,5,5,21,1.7
Nakhalpara,2026,5,5,21,1.7
New Market,2026,5,5,21,2.0
Nikunja,2026,5,5,21,1.8
Pallabi,2026,5,5,21,1.9
Paltan,2026,5,5,21,1.5
Panthapath,2026,5,5,21,1.9
Postogola,2026,5,5,21,1.9
Ramna,2026,5,5,21,1.7
Rampura,2026,5,5,21,1.7
Sadarghat,2026,5,5,21,1.7
Science Lab,2026,5,5,21,1.6
Shahbagh,2026,5,5,21,1.7
Shewrapara,2026,5,5,21,1.8
Shyampur,2026,5,5,21,1.6
Sutrapur,2026,5,5,21,1.7
Tejgaon,2026,5,5,21,1.8
Uttara-1,2026,5,5,21,1.6
Uttara-3,2026,5,5,21,1.8
Uttara-7,2026,5,5,21,1.5
Wari,2026,5,5,21,1.6
Agargaon,2026,5,5,22,1.1
Airport,2026,5,5,22,1.1
Badda,2026,5,5,22,1.2
Banani,2026,5,5,22,1.0
Bangshal,2026,5,5,22,1.0
Baridhara,2026,5,5,22,1.0
Bashundhara,2026,5,5,22,1.1
Bijoynagar,2026,5,5,22,1.3
Chawk Bazar,2026,5,5,22,1.2
DOHS Mohakhali,2026,5,5,22,1.0
Demra,2026,5,5,22,1.2
Dhanmondi,2026,5,5,22,1.2
Elephant Road,2026,5,5,22,1.3
Eskaton,2026,5,5,22,1.0
Farmgate,2026,5,5,22,1.2
Gabtoli,2026,5,5,22,1.3
Green Road,2026,5,5,22,1.2
Gulshan-1,2026,5,5,22,1.0
Gulshan-2,2026,5,5,22,1.0
Hatirpool,2026,5,5,22,1.2
Hazaribagh,2026,5,5,22,1.2
Islampur,2026,5,5,22,1.2
Jatrabari,2026,5,5,22,1.3
Kakrail,2026,5,5,22,1.2
Kallyanpur,2026,5,5,22,1.1
Kamalapur,2026,5,5,22,1.2
Karwan Bazar,2026,5,5,22,1.1
Kazipara,2026,5,5,22,1.0
Keraniganj,2026,5,5,22,1.3
Khilkhet,2026,5,5,22,1.1
Kuril,2026,5,5,22,1.1
Lalbagh,2026,5,5,22,1.2
Malibagh,2026,5,5,22,1.3
Mirpur-1,2026,5,5,22,1.3
Mirpur-10,2026,5,5,22,1.0
Mirpur-12,2026,5,5,22,1.2
Moghbazar,2026,5,5,22,1.1
Mohammadpur,2026,5,5,22,1.1
Mohakhali,2026,5,5,22,1.2
Motijheel,2026,5,5,22,1.1
Nakhalpara,2026,5,5,22,1.3
New Market,2026,5,5,22,1.3
Nikunja,2026,5,5,22,1.3
Pallabi,2026,5,5,22,1.0
Paltan,2026,5,5,22,1.2
Panthapath,2026,5,5,22,1.2
Postogola,2026,5,5,22,1.3
Ramna,2026,5,5,22,1.1
Rampura,2026,5,5,22,1.1
Sadarghat,2026,5,5,22,1.1
Science Lab,2026,5,5,22,1.1
Shahbagh,2026,5,5,22,1.2
Shewrapara,2026,5,5,22,1.0
Shyampur,2026,5,5,22,1.1
Sutrapur,2026,5,5,22,1.1
Tejgaon,2026,5,5,22,1.3
Uttara-1,2026,5,5,22,1.1
Uttara-3,2026,5,5,22,1.0
Uttara-7,2026,5,5,22,1.2
Wari,2026,5,5,22,1.2
Agargaon,2026,5,5,23,1.1
Airport,2026,5,5,23,1.2
Badda,2026,5,5,23,1.2
Banani,2026,5,5,23,1.1
Bangshal,2026,5,5,23,1.1
Baridhara,2026,5,5,23,1.3
Bashundhara,2026,5,5,23,1.1
Bijoynagar,2026,5,5,23,1.1
Chawk Bazar,2026,5,5,23,1.1
DOHS Mohakhali,2026,5,5,23,1.3
Demra,2026,5,5,23,1.2
Dhanmondi,2026,5,5,23,1.1
Elephant Road,2026,5,5,23,1.1
Eskaton,2026,5,5,23,1.0
Farmgate,2026,5,5,23,1.2
Gabtoli,2026,5,5,23,1.2
Green Road,2026,5,5,23,1.2
Gulshan-1,2026,5,5,23,1.2
Gulshan-2,2026,5,5,23,1.1
Hatirpool,2026,5,5,23,1.2
Hazaribagh,2026,5,5,23,1.1
Islampur,2026,5,5,23,1.1
Jatrabari,2026,5,5,23,1.2
Kakrail,2026,5,5,23,1.0
Kallyanpur,2026,5,5,23,1.3
Kamalapur,2026,5,5,23,1.3
Karwan Bazar,2026,5,5,23,1.0
Kazipara,2026,5,5,23,1.1
Keraniganj,2026,5,5,23,1.0
Khilkhet,2026,5,5,23,1.2
Kuril,2026,5,5,23,1.1
Lalbagh,2026,5,5,23,1.1
Malibagh,2026,5,5,23,1.2
Mirpur-1,2026,5,5,23,1.1
Mirpur-10,2026,5,5,23,1.0
Mirpur-12,2026,5,5,23,1.1
Moghbazar,2026,5,5,23,1.1
Mohammadpur,2026,5,5,23,1.2
Mohakhali,2026,5,5,23,1.3
Motijheel,2026,5,5,23,1.2
Nakhalpara,2026,5,5,23,1.0
New Market,2026,5,5,23,1.2
Nikunja,2026,5,5,23,1.0
Pallabi,2026,5,5,23,1.2
Paltan,2026,5,5,23,1.2
Panthapath,2026,5,5,23,1.1
Postogola,2026,5,5,23,1.2
Ramna,2026,5,5,23,1.2
Rampura,2026,5,5,23,1.2
Sadarghat,2026,5,5,23,1.0
Science Lab,2026,5,5,23,1.1
Shahbagh,2026,5,5,23,1.1
Shewrapara,2026,5,5,23,1.3
Shyampur,2026,5,5,23,1.0
Sutrapur,2026,5,5,23,1.1
Tejgaon,2026,5,5,23,1.2
Uttara-1,2026,5,5,23,1.0
Uttara-3,2026,5,5,23,1.3
Uttara-7,2026,5,5,23,1.2
Wari,2026,5,5,23,1.2
Agargaon,2026,5,6,0,1.1
Airport,2026,5,6,0,1.1
Badda,2026,5,6,0,1.1
Banani,2026,5,6,0,1.0
Bangshal,2026,5,6,0,1.2
Baridhara,2026,5,6,0,1.3
Bashundhara,2026,5,6,0,1.1
Bijoynagar,2026,5,6,0,1.3
Chawk Bazar,2026,5,6,0,1.3
DOHS Mohakhali,2026,5,6,0,1.1
Demra,2026,5,6,0,1.3
Dhanmondi,2026,5,6,0,1.0
Elephant Road,2026,5,6,0,1.0
Eskaton,2026,5,6,0,1.1
Farmgate,2026,5,6,0,1.2
Gabtoli,2026,5,6,0,1.3
Green Road,2026,5,6,0,1.2
Gulshan-1,2026,5,6,0,1.0
Gulshan-2,2026,5,6,0,1.2
Hatirpool,2026,5,6,0,1.1
Hazaribagh,2026,5,6,0,1.0
Islampur,2026,5,6,0,1.1
Jatrabari,2026,5,6,0,1.3
Kakrail,2026,5,6,0,1.2
Kallyanpur,2026,5,6,0,1.1
Kamalapur,2026,5,6,0,1.0
Karwan Bazar,2026,5,6,0,1.3
Kazipara,2026,5,6,0,1.2
Keraniganj,2026,5,6,0,1.3
Khilkhet,2026,5,6,0,1.2
Kuril,2026,5,6,0,1.3
Lalbagh,2026,5,6,0,1.0
Malibagh,2026,5,6,0,1.3
Mirpur-1,2026,5,6,0,1.2
Mirpur-10,2026,5,6,0,1.2
Mirpur-12,2026,5,6,0,1.2
Moghbazar,2026,5,6,0,1.2
Mohammadpur,2026,5,6,0,1.1
Mohakhali,2026,5,6,0,1.1
Motijheel,2026,5,6,0,1.2
Nakhalpara,2026,5,6,0,1.1
New Market,2026,5,6,0,1.1
Nikunja,2026,5,6,0,1.3
Pallabi,2026,5,6,0,1.0
Paltan,2026,5,6,0,1.0
Panthapath,2026,5,6,0,1.1
Postogola,2026,5,6,0,1.0
Ramna,2026,5,6,0,1.2
Rampura,2026,5,6,0,1.3
Sadarghat,2026,5,6,0,1.3
Science Lab,2026,5,6,0,1.1
Shahbagh,2026,5,6,0,1.0
Shewrapara,2026,5,6,0,1.2
Shyampur,2026,5,6,0,1.1
Sutrapur,2026,5,6,0,1.1
Tejgaon,2026,5,6,0,1.2
Uttara-1,2026,5,6,0,1.1
Uttara-3,2026,5,6,0,1.1
Uttara-7,2026,5,6,0,1.1
Wari,2026,5,6,0,1.2
Agargaon,2026,5,6,1,1.2
Airport,2026,5,6,1,1.2
Badda,2026,5,6,1,1.1
Banani,2026,5,6,1,1.2
Bangshal,2026,5,6,1,1.1
Baridhara,2026,5,6,1,1.2
Bashundhara,2026,5,6,1,1.2
Bijoynagar,2026,5,6,1,1.1
Chawk Bazar,2026,5,6,1,1.0
DOHS Mohakhali,2026,5,6,1,1.0
Demra,2026,5,6,1,1.2
Dhanmondi,2026,5,6,1,1.2
Elephant Road,2026,5,6,1,1.2
Eskaton,2026,5,6,1,1.1
Farmgate,2026,5,6,1,1.2
Gabtoli,2026,5,6,1,1.2
Green Road,2026,5,6,1,1.2
Gulshan-1,2026,5,6,1,1.3
Gulshan-2,2026,5,6,1,1.1
Hatirpool,2026,5,6,1,1.2
Hazaribagh,2026,5,6,1,1.2
Islampur,2026,5,6,1,1.2
Jatrabari,2026,5,6,1,1.1
Kakrail,2026,5,6,1,1.2
Kallyanpur,2026,5,6,1,1.1
Kamalapur,2026,5,6,1,1.2
Karwan Bazar,2026,5,6,1,1.2
Kazipara,2026,5,6,1,1.2
Keraniganj,2026,5,6,1,1.2
Khilkhet,2026,5,6,1,1.2
Kuril,2026,5,6,1,1.3
Lalbagh,2026,5,6,1,1.2
Malibagh,2026,5,6,1,1.1
Mirpur-1,2026,5,6,1,1.0
Mirpur-10,2026,5,6,1,1.1
Mirpur-12,2026,5,6,1,1.2
Moghbazar,2026,5,6,1,1.2
Mohammadpur,2026,5,6,1,1.1
Mohakhali,2026,5,6,1,1.2
Motijheel,2026,5,6,1,1.2
Nakhalpara,2026,5,6,1,1.1
New Market,2026,5,6,1,1.2
Nikunja,2026,5,6,1,1.1
Pallabi,2026,5,6,1,1.0
Paltan,2026,5,6,1,1.2
Panthapath,2026,5,6,1,1.2
Postogola,2026,5,6,1,1.2
Ramna,2026,5,6,1,1.2
Rampura,2026,5,6,1,1.2
Sadarghat,2026,5,6,1,1.0
Science Lab,2026,5,6,1,1.1
Shahbagh,2026,5,6,1,1.2
Shewrapara,2026,5,6,1,1.0
Shyampur,2026,5,6,1,1.3
Sutrapur,2026,5,6,1,1.0
Tejgaon,2026,5,6,1,1.3
Uttara-1,2026,5,6,1,1.1
Uttara-3,2026,5,6,1,1.1
Uttara-7,2026,5,6,1,1.2
Wari,2026,5,6,1,1.2
Agargaon,2026,5,6,2,1.0
Airport,2026,5,6,2,1.2
Badda,2026,5,6,2,1.0
Banani,2026,5,6,2,1.2
Bangshal,2026,5,6,2,1.1
Baridhara,2026,5,6,2,1.0
Bashundhara,2026,5,6,2,1.0
Bijoynagar,2026,5,6,2,1.2
Chawk Bazar,2026,5,6,2,1.2
DOHS Mohakhali,2026,5,6,2,1.1
Demra,2026,5,6,2,1.1
Dhanmondi,2026,5,6,2,1.2
Elephant Road,2026,5,6,2,1.1
Eskaton,2026,5,6,2,1.1
Farmgate,2026,5,6,2,1.0
Gabtoli,2026,5,6,2,1.2
Green Road,2026,5,6,2,1.1
Gulshan-1,2026,5,6,2,1.2
Gulshan-2,2026,5,6,2,1.2
Hatirpool,2026,5,6,2,1.1
Hazaribagh,2026,5,6,2,1.3
Islampur,2026,5,6,2,1.3
Jatrabari,2026,5,6,2,1.2
Kakrail,2026,5,6,2,1.2
Kallyanpur,2026,5,6,2,1.0
Kamalapur,2026,5,6,2,1.1
Karwan Bazar,2026,5,6,2,1.2
Kazipara,2026,5,6,2,1.0
Keraniganj,2026,5,6,2,1.3
Khilkhet,2026,5,6,2,1.2
Kuril,2026,5,6,2,1.2
Lalbagh,2026,5,6,2,1.1
Malibagh,2026,5,6,2,1.1
Mirpur-1,2026,5,6,2,1.0
Mirpur-10,2026,5,6,2,1.1
Mirpur-12,2026,5,6,2,1.2
Moghbazar,2026,5,6,2,1.2
Mohammadpur,2026,5,6,2,1.3
Mohakhali,2026,5,6,2,1.2
Motijheel,2026,5,6,2,1.1
Nakhalpara,2026,5,6,2,1.1
New Market,2026,5,6,2,1.1
Nikunja,2026,5,6,2,1.3
Pallabi,2026,5,6,2,1.0
Paltan,2026,5,6,2,1.2
Panthapath,2026,5,6,2,1.1
Postogola,2026,5,6,2,1.2
Ramna,2026,5,6,2,1.2
Rampura,2026,5,6,2,1.2
Sadarghat,2026,5,6,2,1.3
Science Lab,2026,5,6,2,1.3
Shahbagh,2026,5,6,2,1.2
Shewrapara,2026,5,6,2,1.3
Shyampur,2026,5,6,2,1.3
Sutrapur,2026,5,6,2,1.1
Tejgaon,2026,5,6,2,1.3
Uttara-1,2026,5,6,2,1.0
Uttara-3,2026,5,6,2,1.0
Uttara-7,2026,5,6,2,1.3
Wari,2026,5,6,2,1.0
Agargaon,2026,5,6,3,1.3
Airport,2026,5,6,3,1.1
Badda,2026,5,6,3,1.1
Banani,2026,5,6,3,1.1
Bangshal,2026,5,6,3,1.1
Baridhara,2026,5,6,3,1.3
Bashundhara,2026,5,6,3,1.0
Bijoynagar,2026,5,6,3,1.1
Chawk Bazar,2026,5,6,3,1.0
DOHS Mohakhali,2026,5,6,3,1.2
Demra,2026,5,6,3,1.0
Dhanmondi,2026,5,6,3,1.0
Elephant Road,2026,5,6,3,1.3
Eskaton,2026,5,6,3,1.0
Farmgate,2026,5,6,3,1.2
Gabtoli,2026,5,6,3,1.1
Green Road,2026,5,6,3,1.0
Gulshan-1,2026,5,6,3,1.2
Gulshan-2,2026,5,6,3,1.1
Hatirpool,2026,5,6,3,1.1
Hazaribagh,2026,5,6,3,1.3
Islampur,2026,5,6,3,1.0
Jatrabari,2026,5,6,3,1.0
Kakrail,2026,5,6,3,1.2
Kallyanpur,2026,5,6,3,1.1
Kamalapur,2026,5,6,3,1.3
Karwan Bazar,2026,5,6,3,1.0
Kazipara,2026,5,6,3,1.2
Keraniganj,2026,5,6,3,1.1
Khilkhet,2026,5,6,3,1.1
Kuril,2026,5,6,3,1.0
Lalbagh,2026,5,6,3,1.2
Malibagh,2026,5,6,3,1.3
Mirpur-1,2026,5,6,3,1.1
Mirpur-10,2026,5,6,3,1.3
Mirpur-12,2026,5,6,3,1.3
Moghbazar,2026,5,6,3,1.1
Mohammadpur,2026,5,6,3,1.2
Mohakhali,2026,5,6,3,1.2
Motijheel,2026,5,6,3,1.2
Nakhalpara,2026,5,6,3,1.1
New Market,2026,5,6,3,1.2
Nikunja,2026,5,6,3,1.0
Pallabi,2026,5,6,3,1.0
Paltan,2026,5,6,3,1.1
Panthapath,2026,5,6,3,1.3
Postogola,2026,5,6,3,1.2
Ramna,2026,5,6,3,1.1
Rampura,2026,5,6,3,1.1
Sadarghat,2026,5,6,3,1.3
Science Lab,2026,5,6,3,1.1
Shahbagh,2026,5,6,3,1.1
Shewrapara,2026,5,6,3,1.2
Shyampur,2026,5,6,3,1.0
Sutrapur,2026,5,6,3,1.1
Tejgaon,2026,5,6,3,1.0
Uttara-1,2026,5,6,3,1.2
Uttara-3,2026,5,6,3,1.0
Uttara-7,2026,5,6,3,1.2
Wari,2026,5,6,3,1.3
Agargaon,2026,5,6,4,1.2
Airport,2026,5,6,4,1.1
Badda,2026,5,6,4,1.1
Banani,2026,5,6,4,1.0
Bangshal,2026,5,6,4,1.3
Baridhara,2026,5,6,4,1.1
Bashundhara,2026,5,6,4,1.1
Bijoynagar,2026,5,6,4,1.3
Chawk Bazar,2026,5,6,4,1.3
DOHS Mohakhali,2026,5,6,4,1.0
Demra,2026,5,6,4,1.3
Dhanmondi,2026,5,6,4,1.3
Elephant Road,2026,5,6,4,1.2
Eskaton,2026,5,6,4,1.3
Farmgate,2026,5,6,4,1.0
Gabtoli,2026,5,6,4,1.1
Green Road,2026,5,6,4,1.2
Gulshan-1,2026,5,6,4,1.3
Gulshan-2,2026,5,6,4,1.2
Hatirpool,2026,5,6,4,1.0
Hazaribagh,2026,5,6,4,1.1
Islampur,2026,5,6,4,1.3
Jatrabari,2026,5,6,4,1.2
Kakrail,2026,5,6,4,1.1
Kallyanpur,2026,5,6,4,1.1
Kamalapur,2026,5,6,4,1.0
Karwan Bazar,2026,5,6,4,1.3
Kazipara,2026,5,6,4,1.3
Keraniganj,2026,5,6,4,1.3
Khilkhet,2026,5,6,4,1.3
Kuril,2026,5,6,4,1.2
Lalbagh,2026,5,6,4,1.3
Malibagh,2026,5,6,4,1.2
Mirpur-1,2026,5,6,4,1.1
Mirpur-10,2026,5,6,4,1.2
Mirpur-12,2026,5,6,4,1.1
Moghbazar,2026,5,6,4,1.1
Mohammadpur,2026,5,6,4,1.2
Mohakhali,2026,5,6,4,1.0
Motijheel,2026,5,6,4,1.1
Nakhalpara,2026,5,6,4,1.2
New Market,2026,5,6,4,1.2
Nikunja,2026,5,6,4,1.0
Pallabi,2026,5,6,4,1.0
Paltan,2026,5,6,4,1.0
Panthapath,2026,5,6,4,1.2
Postogola,2026,5,6,4,1.2
Ramna,2026,5,6,4,1.3
Rampura,2026,5,6,4,1.2
Sadarghat,2026,5,6,4,1.0
Science Lab,2026,5,6,4,1.1
Shahbagh,2026,5,6,4,1.2
Shewrapara,2026,5,6,4,1.2
Shyampur,2026,5,6,4,1.2
Sutrapur,2026,5,6,4,1.2
Tejgaon,2026,5,6,4,1.1
Uttara-1,2026,5,6,4,1.0
Uttara-3,2026,5,6,4,1.2
Uttara-7,2026,5,6,4,1.2
Wari,2026,5,6,4,1.0
Agargaon,2026,5,6,5,1.0
Airport,2026,5,6,5,1.1
Badda,2026,5,6,5,1.2
Banani,2026,5,6,5,1.1
Bangshal,2026,5,6,5,1.1
Baridhara,2026,5,6,5,1.1
Bashundhara,2026,5,6,5,1.2
Bijoynagar,2026,5,6,5,1.2
Chawk Bazar,2026,5,6,5,1.2
DOHS Mohakhali,2026,5,6,5,1.1
Demra,2026,5,6,5,1.3
Dhanmondi,2026,5,6,5,1.3
Elephant Road,2026,5,6,5,1.3
Eskaton,2026,5,6,5,1.1
Farmgate,2026,5,6,5,1.2
Gabtoli,2026,5,6,5,1.3
Green Road,2026,5,6,5,1.1
Gulshan-1,2026,5,6,5,1.2
Gulshan-2,2026,5,6,5,1.1
Hatirpool,2026,5,6,5,1.3
Hazaribagh,2026,5,6,5,1.1
Islampur,2026,5,6,5,1.0
Jatrabari,2026,5,6,5,1.0
Kakrail,2026,5,6,5,1.2
Kallyanpur,2026,5,6,5,1.1
Kamalapur,2026,5,6,5,1.3
Karwan Bazar,2026,5,6,5,1.3
Kazipara,2026,5,6,5,1.1
Keraniganj,2026,5,6,5,1.0
Khilkhet,2026,5,6,5,1.1
Kuril,2026,5,6,5,1.2
Lalbagh,2026,5,6,5,1.3
Malibagh,2026,5,6,5,1.0
Mirpur-1,2026,5,6,5,1.0
Mirpur-10,2026,5,6,5,1.2
Mirpur-12,2026,5,6,5,1.3
Moghbazar,2026,5,6,5,1.1
Mohammadpur,2026,5,6,5,1.1
Mohakhali,2026,5,6,5,1.0
Motijheel,2026,5,6,5,1.1
Nakhalpara,2026,5,6,5,1.1
New Market,2026,5,6,5,1.1
Nikunja,2026,5,6,5,1.1
Pallabi,2026,5,6,5,1.3
Paltan,2026,5,6,5,1.1
Panthapath,2026,5,6,5,1.3
Postogola,2026,5,6,5,1.1
Ramna,2026,5,6,5,1.2
Rampura,2026,5,6,5,1.2
Sadarghat,2026,5,6,5,1.3
Science Lab,2026,5,6,5,1.3
Shahbagh,2026,5,6,5,1.1
Shewrapara,2026,5,6,5,1.1
Shyampur,2026,5,6,5,1.0
Sutrapur,2026,5,6,5,1.1
Tejgaon,2026,5,6,5,1.0
Uttara-1,2026,5,6,5,1.2
Uttara-3,2026,5,6,5,1.2
Uttara-7,2026,5,6,5,1.3
Wari,2026,5,6,5,1.0
Agargaon,2026,5,6,6,1.3
Airport,2026,5,6,6,1.1
Badda,2026,5,6,6,1.2
Banani,2026,5,6,6,1.1
Bangshal,2026,5,6,6,1.2
Baridhara,2026,5,6,6,1.2
Bashundhara,2026,5,6,6,1.3
Bijoynagar,2026,5,6,6,1.2
Chawk Bazar,2026,5,6,6,1.1
DOHS Mohakhali,2026,5,6,6,1.2
Demra,2026,5,6,6,1.2
Dhanmondi,2026,5,6,6,1.2
Elephant Road,2026,5,6,6,1.1
Eskaton,2026,5,6,6,1.1
Farmgate,2026,5,6,6,1.1
Gabtoli,2026,5,6,6,1.1
Green Road,2026,5,6,6,1.1
Gulshan-1,2026,5,6,6,1.2
Gulshan-2,2026,5,6,6,1.2
Hatirpool,2026,5,6,6,1.3
Hazaribagh,2026,5,6,6,1.2
Islampur,2026,5,6,6,1.2
Jatrabari,2026,5,6,6,1.2
Kakrail,2026,5,6,6,1.1
Kallyanpur,2026,5,6,6,1.2
Kamalapur,2026,5,6,6,1.0
Karwan Bazar,2026,5,6,6,1.3
Kazipara,2026,5,6,6,1.2
Keraniganj,2026,5,6,6,1.0
Khilkhet,2026,5,6,6,1.2
Kuril,2026,5,6,6,1.2
Lalbagh,2026,5,6,6,1.2
Malibagh,2026,5,6,6,1.3
Mirpur-1,2026,5,6,6,1.1
Mirpur-10,2026,5,6,6,1.1
Mirpur-12,2026,5,6,6,1.2
Moghbazar,2026,5,6,6,1.3
Mohammadpur,2026,5,6,6,1.1
Mohakhali,2026,5,6,6,1.1
Motijheel,2026,5,6,6,1.3
Nakhalpara,2026,5,6,6,1.1
New Market,2026,5,6,6,1.1
Nikunja,2026,5,6,6,1.2
Pallabi,2026,5,6,6,1.1
Paltan,2026,5,6,6,1.2
Panthapath,2026,5,6,6,1.1
Postogola,2026,5,6,6,1.1
Ramna,2026,5,6,6,1.3
Rampura,2026,5,6,6,1.2
Sadarghat,2026,5,6,6,1.1
Science Lab,2026,5,6,6,1.0
Shahbagh,2026,5,6,6,1.1
Shewrapara,2026,5,6,6,1.0
Shyampur,2026,5,6,6,1.1
Sutrapur,2026,5,6,6,1.1
Tejgaon,2026,5,6,6,1.1
Uttara-1,2026,5,6,6,1.3
Uttara-3,2026,5,6,6,1.1
Uttara-7,2026,5,6,6,1.1
Wari,2026,5,6,6,1.1
Agargaon,2026,5,6,7,1.2
Airport,2026,5,6,7,1.0
Badda,2026,5,6,7,1.0
Banani,2026,5,6,7,1.2
Bangshal,2026,5,6,7,1.3
Baridhara,2026,5,6,7,1.1
Bashundhara,2026,5,6,7,1.1
Bijoynagar,2026,5,6,7,1.1
Chawk Bazar,2026,5,6,7,1.3
DOHS Mohakhali,2026,5,6,7,1.2
Demra,2026,5,6,7,1.0
Dhanmondi,2026,5,6,7,1.3
Elephant Road,2026,5,6,7,1.3
Eskaton,2026,5,6,7,1.2
Farmgate,2026,5,6,7,1.2
Gabtoli,2026,5,6,7,1.3
Green Road,2026,5,6,7,1.2
Gulshan-1,2026,5,6,7,1.1
Gulshan-2,2026,5,6,7,1.1
Hatirpool,2026,5,6,7,1.2
Hazaribagh,2026,5,6,7,1.1
Islampur,2026,5,6,7,1.1
Jatrabari,2026,5,6,7,1.0
Kakrail,2026,5,6,7,1.3
Kallyanpur,2026,5,6,7,1.1
Kamalapur,2026,5,6,7,1.2
Karwan Bazar,2026,5,6,7,1.0
Kazipara,2026,5,6,7,1.1
Keraniganj,2026,5,6,7,1.2
Khilkhet,2026,5,6,7,1.1
Kuril,2026,5,6,7,1.1
Lalbagh,2026,5,6,7,1.1
Malibagh,2026,5,6,7,1.0
Mirpur-1,2026,5,6,7,1.1
Mirpur-10,2026,5,6,7,1.1
Mirpur-12,2026,5,6,7,1.2
Moghbazar,2026,5,6,7,1.2
Mohammadpur,2026,5,6,7,1.0
Mohakhali,2026,5,6,7,1.2
Motijheel,2026,5,6,7,1.2
Nakhalpara,2026,5,6,7,1.2
New Market,2026,5,6,7,1.2
Nikunja,2026,5,6,7,1.2
Pallabi,2026,5,6,7,1.1
Paltan,2026,5,6,7,1.0
Panthapath,2026,5,6,7,1.2
Postogola,2026,5,6,7,1.1
Ramna,2026,5,6,7,1.3
Rampura,2026,5,6,7,1.1
Sadarghat,2026,5,6,7,1.2
Science Lab,2026,5,6,7,1.2
Shahbagh,2026,5,6,7,1.2
Shewrapara,2026,5,6,7,1.3
Shyampur,2026,5,6,7,1.1
Sutrapur,2026,5,6,7,1.2
Tejgaon,2026,5,6,7,1.2
Uttara-1,2026,5,6,7,1.1
Uttara-3,2026,5,6,7,1.2
Uttara-7,2026,5,6,7,1.1
Wari,2026,5,6,7,1.1
Agargaon,2026,5,6,8,1.8
Airport,2026,5,6,8,1.5
Badda,2026,5,6,8,1.4
Banani,2026,5,6,8,1.5
Bangshal,2026,5,6,8,1.7
Baridhara,2026,5,6,8,1.7
Bashundhara,2026,5,6,8,1.5
Bijoynagar,2026,5,6,8,1.7
Chawk Bazar,2026,5,6,8,1.4
DOHS Mohakhali,2026,5,6,8,1.7
Demra,2026,5,6,8,1.7
Dhanmondi,2026,5,6,8,1.4
Elephant Road,2026,5,6,8,1.5
Eskaton,2026,5,6,8,1.6
Farmgate,2026,5,6,8,1.7
Gabtoli,2026,5,6,8,1.8
Green Road,2026,5,6,8,1.8
Gulshan-1,2026,5,6,8,1.6
Gulshan-2,2026,5,6,8,1.5
Hatirpool,2026,5,6,8,1.6
Hazaribagh,2026,5,6,8,1.8
Islampur,2026,5,6,8,1.4
Jatrabari,2026,5,6,8,1.5
Kakrail,2026,5,6,8,1.6
Kallyanpur,2026,5,6,8,1.4
Kamalapur,2026,5,6,8,1.7
Karwan Bazar,2026,5,6,8,1.6
Kazipara,2026,5,6,8,1.4
Keraniganj,2026,5,6,8,1.6
Khilkhet,2026,5,6,8,1.4
Kuril,2026,5,6,8,1.5
Lalbagh,2026,5,6,8,1.7
Malibagh,2026,5,6,8,1.5
Mirpur-1,2026,5,6,8,1.5
Mirpur-10,2026,5,6,8,1.8
Mirpur-12,2026,5,6,8,1.7
Moghbazar,2026,5,6,8,1.7
Mohammadpur,2026,5,6,8,1.6
Mohakhali,2026,5,6,8,1.5
Motijheel,2026,5,6,8,1.7
Nakhalpara,2026,5,6,8,1.7
New Market,2026,5,6,8,1.6
Nikunja,2026,5,6,8,1.5
Pallabi,2026,5,6,8,1.6
Paltan,2026,5,6,8,1.7
Panthapath,2026,5,6,8,1.5
Postogola,2026,5,6,8,1.7
Ramna,2026,5,6,8,1.7
Rampura,2026,5,6,8,1.8
Sadarghat,2026,5,6,8,1.4
Science Lab,2026,5,6,8,1.5
Shahbagh,2026,5,6,8,1.6
Shewrapara,2026,5,6,8,1.5
Shyampur,2026,5,6,8,1.6
Sutrapur,2026,5,6,8,1.8
Tejgaon,2026,5,6,8,1.4
Uttara-1,2026,5,6,8,1.6
Uttara-3,2026,5,6,8,1.5
Uttara-7,2026,5,6,8,1.5
Wari,2026,5,6,8,1.8
Agargaon,2026,5,6,9,1.7
Airport,2026,5,6,9,1.5
Badda,2026,5,6,9,1.7
Banani,2026,5,6,9,1.6
Bangshal,2026,5,6,9,1.8
Baridhara,2026,5,6,9,1.6
Bashundhara,2026,5,6,9,1.7
Bijoynagar,2026,5,6,9,1.8
Chawk Bazar,2026,5,6,9,1.7
DOHS Mohakhali,2026,5,6,9,1.6
Demra,2026,5,6,9,1.5
Dhanmondi,2026,5,6,9,1.7
Elephant Road,2026,5,6,9,1.6
Eskaton,2026,5,6,9,1.6
Farmgate,2026,5,6,9,1.5
Gabtoli,2026,5,6,9,1.6
Green Road,2026,5,6,9,1.5
Gulshan-1,2026,5,6,9,1.8
Gulshan-2,2026,5,6,9,1.5
Hatirpool,2026,5,6,9,1.7
Hazaribagh,2026,5,6,9,1.6
Islampur,2026,5,6,9,1.4
Jatrabari,2026,5,6,9,1.7
Kakrail,2026,5,6,9,1.6
Kallyanpur,2026,5,6,9,1.7
Kamalapur,2026,5,6,9,1.7
Karwan Bazar,2026,5,6,9,1.6
Kazipara,2026,5,6,9,1.4
Keraniganj,2026,5,6,9,1.5
Khilkhet,2026,5,6,9,1.6
Kuril,2026,5,6,9,1.8
Lalbagh,2026,5,6,9,1.7
Malibagh,2026,5,6,9,1.7
Mirpur-1,2026,5,6,9,1.6
Mirpur-10,2026,5,6,9,1.8
Mirpur-12,2026,5,6,9,1.6
Moghbazar,2026,5,6,9,1.6
Mohammadpur,2026,5,6,9,1.7
Mohakhali,2026,5,6,9,1.4
Motijheel,2026,5,6,9,1.5
Nakhalpara,2026,5,6,9,1.6
New Market,2026,5,6,9,1.6
Nikunja,2026,5,6,9,1.6
Pallabi,2026,5,6,9,1.5
Paltan,2026,5,6,9,1.5
Panthapath,2026,5,6,9,1.7
Postogola,2026,5,6,9,1.7
Ramna,2026,5,6,9,1.8
Rampura,2026,5,6,9,1.4
Sadarghat,2026,5,6,9,1.5
Science Lab,2026,5,6,9,1.7
Shahbagh,2026,5,6,9,1.4
Shewrapara,2026,5,6,9,1.8
Shyampur,2026,5,6,9,1.7
Sutrapur,2026,5,6,9,1.7
Tejgaon,2026,5,6,9,1.6
Uttara-1,2026,5,6,9,1.6
Uttara-3,2026,5,6,9,1.7
Uttara-7,2026,5,6,9,1.6
Wari,2026,5,6,9,1.7
Agargaon,2026,5,6,10,1.5
Airport,2026,5,6,10,1.5
Badda,2026,5,6,10,1.4
Banani,2026,5,6,10,1.7
Bangshal,2026,5,6,10,1.6
Baridhara,2026,5,6,10,1.6
Bashundhara,2026,5,6,10,1.8
Bijoynagar,2026,5,6,10,1.6
Chawk Bazar,2026,5,6,10,1.5
DOHS Mohakhali,2026,5,6,10,1.5
Demra,2026,5,6,10,1.5
Dhanmondi,2026,5,6,10,1.6
Elephant Road,2026,5,6,10,1.4
Eskaton,2026,5,6,10,1.6
Farmgate,2026,5,6,10,1.8
Gabtoli,2026,5,6,10,1.5
Green Road,2026,5,6,10,1.6
Gulshan-1,2026,5,6,10,1.7
Gulshan-2,2026,5,6,10,1.6
Hatirpool,2026,5,6,10,1.4
Hazaribagh,2026,5,6,10,1.4
Islampur,2026,5,6,10,1.7
Jatrabari,2026,5,6,10,1.5
Kakrail,2026,5,6,10,1.4
Kallyanpur,2026,5,6,10,1.7
Kamalapur,2026,5,6,10,1.6
Karwan Bazar,2026,5,6,10,1.6
Kazipara,2026,5,6,10,1.5
Keraniganj,2026,5,6,10,1.6
Khilkhet,2026,5,6,10,1.5
Kuril,2026,5,6,10,1.8
Lalbagh,2026,5,6,10,1.8
Malibagh,2026,5,6,10,1.5
Mirpur-1,2026,5,6,10,1.4
Mirpur-10,2026,5,6,10,1.6
Mirpur-12,2026,5,6,10,1.6
Moghbazar,2026,5,6,10,1.6
Mohammadpur,2026,5,6,10,1.4
Mohakhali,2026,5,6,10,1.8
Motijheel,2026,5,6,10,1.4
Nakhalpara,2026,5,6,10,1.5
New Market,2026,5,6,10,1.4
Nikunja,2026,5,6,10,1.7
Pallabi,2026,5,6,10,1.7
Paltan,2026,5,6,10,1.5
Panthapath,2026,5,6,10,1.6
Postogola,2026,5,6,10,1.5
Ramna,2026,5,6,10,1.6
Rampura,2026,5,6,10,1.5
Sadarghat,2026,5,6,10,1.8
Science Lab,2026,5,6,10,1.7
Shahbagh,2026,5,6,10,1.5
Shewrapara,2026,5,6,10,1.7
Shyampur,2026,5,6,10,1.7
Sutrapur,2026,5,6,10,1.6
Tejgaon,2026,5,6,10,1.4
Uttara-1,2026,5,6,10,1.8
Uttara-3,2026,5,6,10,1.5
Uttara-7,2026,5,6,10,1.6
Wari,2026,5,6,10,1.7
Agargaon,2026,5,6,11,1.1
Airport,2026,5,6,11,1.0
Badda,2026,5,6,11,1.0
Banani,2026,5,6,11,1.1
Bangshal,2026,5,6,11,1.2
Baridhara,2026,5,6,11,1.3
Bashundhara,2026,5,6,11,1.3
Bijoynagar,2026,5,6,11,1.1
Chawk Bazar,2026,5,6,11,1.1
DOHS Mohakhali,2026,5,6,11,1.2
Demra,2026,5,6,11,1.2
Dhanmondi,2026,5,6,11,1.0
Elephant Road,2026,5,6,11,1.2
Eskaton,2026,5,6,11,1.3
Farmgate,2026,5,6,11,1.1
Gabtoli,2026,5,6,11,1.2
Green Road,2026,5,6,11,1.3
Gulshan-1,2026,5,6,11,1.1
Gulshan-2,2026,5,6,11,1.3
Hatirpool,2026,5,6,11,1.1
Hazaribagh,2026,5,6,11,1.0
Islampur,2026,5,6,11,1.2
Jatrabari,2026,5,6,11,1.0
Kakrail,2026,5,6,11,1.2
Kallyanpur,2026,5,6,11,1.1
Kamalapur,2026,5,6,11,1.2
Karwan Bazar,2026,5,6,11,1.3
Kazipara,2026,5,6,11,1.3
Keraniganj,2026,5,6,11,1.2
Khilkhet,2026,5,6,11,1.1
Kuril,2026,5,6,11,1.2
Lalbagh,2026,5,6,11,1.0
Malibagh,2026,5,6,11,1.1
Mirpur-1,2026,5,6,11,1.1
Mirpur-10,2026,5,6,11,1.0
Mirpur-12,2026,5,6,11,1.2
Moghbazar,2026,5,6,11,1.2
Mohammadpur,2026,5,6,11,1.2
Mohakhali,2026,5,6,11,1.0
Motijheel,2026,5,6,11,1.3
Nakhalpara,2026,5,6,11,1.1
New Market,2026,5,6,11,1.2
Nikunja,2026,5,6,11,1.3
Pallabi,2026,5,6,11,1.2
Paltan,2026,5,6,11,1.3
Panthapath,2026,5,6,11,1.3
Postogola,2026,5,6,11,1.0
Ramna,2026,5,6,11,1.1
Rampura,2026,5,6,11,1.0
Sadarghat,2026,5,6,11,1.2
Science Lab,2026,5,6,11,1.1
Shahbagh,2026,5,6,11,1.1
Shewrapara,2026,5,6,11,1.1
Shyampur,2026,5,6,11,1.1
Sutrapur,2026,5,6,11,1.0
Tejgaon,2026,5,6,11,1.1
Uttara-1,2026,5,6,11,1.1
Uttara-3,2026,5,6,11,1.2
Uttara-7,2026,5,6,11,1.1
Wari,2026,5,6,11,1.1
Agargaon,2026,5,6,12,1.1
Airport,2026,5,6,12,1.1
Badda,2026,5,6,12,1.3
Banani,2026,5,6,12,1.1
Bangshal,2026,5,6,12,1.1
Baridhara,2026,5,6,12,1.0
Bashundhara,2026,5,6,12,1.2
Bijoynagar,2026,5,6,12,1.3
Chawk Bazar,2026,5,6,12,1.1
DOHS Mohakhali,2026,5,6,12,1.2
Demra,2026,5,6,12,1.2
Dhanmondi,2026,5,6,12,1.2
Elephant Road,2026,5,6,12,1.2
Eskaton,2026,5,6,12,1.1
Farmgate,2026,5,6,12,1.1
Gabtoli,2026,5,6,12,1.1
Green Road,2026,5,6,12,1.1
Gulshan-1,2026,5,6,12,1.2
Gulshan-2,2026,5,6,12,1.1
Hatirpool,2026,5,6,12,1.1
Hazaribagh,2026,5,6,12,1.3
Islampur,2026,5,6,12,1.2
Jatrabari,2026,5,6,12,1.1
Kakrail,2026,5,6,12,1.1
Kallyanpur,2026,5,6,12,1.1
Kamalapur,2026,5,6,12,1.0
Karwan Bazar,2026,5,6,12,1.2
Kazipara,2026,5,6,12,1.1
Keraniganj,2026,5,6,12,1.2
Khilkhet,2026,5,6,12,1.2
Kuril,2026,5,6,12,1.2
Lalbagh,2026,5,6,12,1.0
Malibagh,2026,5,6,12,1.3
Mirpur-1,2026,5,6,12,1.2
Mirpur-10,2026,5,6,12,1.1
Mirpur-12,2026,5,6,12,1.1
Moghbazar,2026,5,6,12,1.1
Mohammadpur,2026,5,6,12,1.1
Mohakhali,2026,5,6,12,1.1
Motijheel,2026,5,6,12,1.1
Nakhalpara,2026,5,6,12,1.2
New Market,2026,5,6,12,1.1
Nikunja,2026,5,6,12,1.3
Pallabi,2026,5,6,12,1.1
Paltan,2026,5,6,12,1.0
Panthapath,2026,5,6,12,1.0
Postogola,2026,5,6,12,1.2
Ramna,2026,5,6,12,1.2
Rampura,2026,5,6,12,1.0
Sadarghat,2026,5,6,12,1.2
Science Lab,2026,5,6,12,1.0
Shahbagh,2026,5,6,12,1.1
Shewrapara,2026,5,6,12,1.0
Shyampur,2026,5,6,12,1.1
Sutrapur,2026,5,6,12,1.3
Tejgaon,2026,5,6,12,1.0
Uttara-1,2026,5,6,12,1.2
Uttara-3,2026,5,6,12,1.3
Uttara-7,2026,5,6,12,1.2
Wari,2026,5,6,12,1.0
Agargaon,2026,5,6,13,1.3
Airport,2026,5,6,13,1.2
Badda,2026,5,6,13,1.0
Banani,2026,5,6,13,1.2
Bangshal,2026,5,6,13,1.1
Baridhara,2026,5,6,13,1.3
Bashundhara,2026,5,6,13,1.2
Bijoynagar,2026,5,6,13,1.2
Chawk Bazar,2026,5,6,13,1.2
DOHS Mohakhali,2026,5,6,13,1.1
Demra,2026,5,6,13,1.1
Dhanmondi,2026,5,6,13,1.2
Elephant Road,2026,5,6,13,1.0
Eskaton,2026,5,6,13,1.3
Farmgate,2026,5,6,13,1.3
Gabtoli,2026,5,6,13,1.2
Green Road,2026,5,6,13,1.2
Gulshan-1,2026,5,6,13,1.2
Gulshan-2,2026,5,6,13,1.1
Hatirpool,2026,5,6,13,1.3
Hazaribagh,2026,5,6,13,1.3
Islampur,2026,5,6,13,1.1
Jatrabari,2026,5,6,13,1.3
Kakrail,2026,5,6,13,1.1
Kallyanpur,2026,5,6,13,1.1
Kamalapur,2026,5,6,13,1.0
Karwan Bazar,2026,5,6,13,1.2
Kazipara,2026,5,6,13,1.1
Keraniganj,2026,5,6,13,1.1
Khilkhet,2026,5,6,13,1.2
Kuril,2026,5,6,13,1.1
Lalbagh,2026,5,6,13,1.2
Malibagh,2026,5,6,13,1.1
Mirpur-1,2026,5,6,13,1.1
Mirpur-10,2026,5,6,13,1.2
Mirpur-12,2026,5,6,13,1.0
Moghbazar,2026,5,6,13,1.1
Mohammadpur,2026,5,6,13,1.2
Mohakhali,2026,5,6,13,1.1
Motijheel,2026,5,6,13,1.3
Nakhalpara,2026,5,6,13,1.1
New Market,2026,5,6,13,1.1
Nikunja,2026,5,6,13,1.2
Pallabi,2026,5,6,13,1.1
Paltan,2026,5,6,13,1.3
Panthapath,2026,5,6,13,1.2
Postogola,2026,5,6,13,1.0
Ramna,2026,5,6,13,1.1
Rampura,2026,5,6,13,1.1
Sadarghat,2026,5,6,13,1.0
Science Lab,2026,5,6,13,1.3
Shahbagh,2026,5,6,13,1.2
Shewrapara,2026,5,6,13,1.0
Shyampur,2026,5,6,13,1.2
Sutrapur,2026,5,6,13,1.2
Tejgaon,2026,5,6,13,1.2
Uttara-1,2026,5,6,13,1.2
Uttara-3,2026,5,6,13,1.3
Uttara-7,2026,5,6,13,1.2
Wari,2026,5,6,13,1.0
Agargaon,2026,5,6,14,1.0
Airport,2026,5,6,14,1.2
Badda,2026,5,6,14,1.1
Banani,2026,5,6,14,1.1
Bangshal,2026,5,6,14,1.1
Baridhara,2026,5,6,14,1.1
Bashundhara,2026,5,6,14,1.1
Bijoynagar,2026,5,6,14,1.2
Chawk Bazar,2026,5,6,14,1.1
DOHS Mohakhali,2026,5,6,14,1.3
Demra,2026,5,6,14,1.0
Dhanmondi,2026,5,6,14,1.2
Elephant Road,2026,5,6,14,1.0
Eskaton,2026,5,6,14,1.1
Farmgate,2026,5,6,14,1.2
Gabtoli,2026,5,6,14,1.1
Green Road,2026,5,6,14,1.3
Gulshan-1,2026,5,6,14,1.3
Gulshan-2,2026,5,6,14,1.3
Hatirpool,2026,5,6,14,1.2
Hazaribagh,2026,5,6,14,1.3
Islampur,2026,5,6,14,1.2
Jatrabari,2026,5,6,14,1.2
Kakrail,2026,5,6,14,1.1
Kallyanpur,2026,5,6,14,1.1
Kamalapur,2026,5,6,14,1.3
Karwan Bazar,2026,5,6,14,1.1
Kazipara,2026,5,6,14,1.1
Keraniganj,2026,5,6,14,1.0
Khilkhet,2026,5,6,14,1.2
Kuril,2026,5,6,14,1.2
Lalbagh,2026,5,6,14,1.3
Malibagh,2026,5,6,14,1.2
Mirpur-1,2026,5,6,14,1.0
Mirpur-10,2026,5,6,14,1.1
Mirpur-12,2026,5,6,14,1.1
Moghbazar,2026,5,6,14,1.1
Mohammadpur,2026,5,6,14,1.3
Mohakhali,2026,5,6,14,1.2
Motijheel,2026,5,6,14,1.0
Nakhalpara,2026,5,6,14,1.3
New Market,2026,5,6,14,1.1
Nikunja,2026,5,6,14,1.3
Pallabi,2026,5,6,14,1.3
Paltan,2026,5,6,14,1.3
Panthapath,2026,5,6,14,1.1
Postogola,2026,5,6,14,1.1
Ramna,2026,5,6,14,1.1
Rampura,2026,5,6,14,1.1
Sadarghat,2026,5,6,14,1.1
Science Lab,2026,5,6,14,1.1
Shahbagh,2026,5,6,14,1.2
Shewrapara,2026,5,6,14,1.1
Shyampur,2026,5,6,14,1.1
Sutrapur,2026,5,6,14,1.3
Tejgaon,2026,5,6,14,1.3
Uttara-1,2026,5,6,14,1.1
Uttara-3,2026,5,6,14,1.2
Uttara-7,2026,5,6,14,1.2
Wari,2026,5,6,14,1.0
Agargaon,2026,5,6,15,1.1
Airport,2026,5,6,15,1.1
Badda,2026,5,6,15,1.1
Banani,2026,5,6,15,1.1
Bangshal,2026,5,6,15,1.3
Baridhara,2026,5,6,15,1.1
Bashundhara,2026,5,6,15,1.1
Bijoynagar,2026,5,6,15,1.3
Chawk Bazar,2026,5,6,15,1.3
DOHS Mohakhali,2026,5,6,15,1.1
Demra,2026,5,6,15,1.2
Dhanmondi,2026,5,6,15,1.2
Elephant Road,2026,5,6,15,1.2
Eskaton,2026,5,6,15,1.2
Farmgate,2026,5,6,15,1.0
Gabtoli,2026,5,6,15,1.0
Green Road,2026,5,6,15,1.0
Gulshan-1,2026,5,6,15,1.3
Gulshan-2,2026,5,6,15,1.3
Hatirpool,2026,5,6,15,1.3
Hazaribagh,2026,5,6,15,1.3
Islampur,2026,5,6,15,1.2
Jatrabari,2026,5,6,15,1.2
Kakrail,2026,5,6,15,1.1
Kallyanpur,2026,5,6,15,1.2
Kamalapur,2026,5,6,15,1.0
Karwan Bazar,2026,5,6,15,1.3
Kazipara,2026,5,6,15,1.0
Keraniganj,2026,5,6,15,1.0
Khilkhet,2026,5,6,15,1.3
Kuril,2026,5,6,15,1.2
Lalbagh,2026,5,6,15,1.0
Malibagh,2026,5,6,15,1.0
Mirpur-1,2026,5,6,15,1.1
Mirpur-10,2026,5,6,15,1.3
Mirpur-12,2026,5,6,15,1.2
Moghbazar,2026,5,6,15,1.0
Mohammadpur,2026,5,6,15,1.0
Mohakhali,2026,5,6,15,1.1
Motijheel,2026,5,6,15,1.2
Nakhalpara,2026,5,6,15,1.1
New Market,2026,5,6,15,1.2
Nikunja,2026,5,6,15,1.0
Pallabi,2026,5,6,15,1.1
Paltan,2026,5,6,15,1.0
Panthapath,2026,5,6,15,1.1
Postogola,2026,5,6,15,1.1
Ramna,2026,5,6,15,1.1
Rampura,2026,5,6,15,1.3
Sadarghat,2026,5,6,15,1.1
Science Lab,2026,5,6,15,1.0
Shahbagh,2026,5,6,15,1.0
Shewrapara,2026,5,6,15,1.1
Shyampur,2026,5,6,15,1.2
Sutrapur,2026,5,6,15,1.1
Tejgaon,2026,5,6,15,1.2
Uttara-1,2026,5,6,15,1.1
Uttara-3,2026,5,6,15,1.1
Uttara-7,2026,5,6,15,1.1
Wari,2026,5,6,15,1.2
Agargaon,2026,5,6,16,1.3
Airport,2026,5,6,16,1.1
Badda,2026,5,6,16,1.0
Banani,2026,5,6,16,1.2
Bangshal,2026,5,6,16,1.1
Baridhara,2026,5,6,16,1.1
Bashundhara,2026,5,6,16,1.3
Bijoynagar,2026,5,6,16,1.3
Chawk Bazar,2026,5,6,16,1.1
DOHS Mohakhali,2026,5,6,16,1.2
Demra,2026,5,6,16,1.3
Dhanmondi,2026,5,6,16,1.2
Elephant Road,2026,5,6,16,1.0
Eskaton,2026,5,6,16,1.1
Farmgate,2026,5,6,16,1.1
Gabtoli,2026,5,6,16,1.0
Green Road,2026,5,6,16,1.1
Gulshan-1,2026,5,6,16,1.0
Gulshan-2,2026,5,6,16,1.2
Hatirpool,2026,5,6,16,1.3
Hazaribagh,2026,5,6,16,1.2
Islampur,2026,5,6,16,1.3
Jatrabari,2026,5,6,16,1.1
Kakrail,2026,5,6,16,1.1
Kallyanpur,2026,5,6,16,1.1
Kamalapur,2026,5,6,16,1.0
Karwan Bazar,2026,5,6,16,1.1
Kazipara,2026,5,6,16,1.2
Keraniganj,2026,5,6,16,1.0
Khilkhet,2026,5,6,16,1.2
Kuril,2026,5,6,16,1.0
Lalbagh,2026,5,6,16,1.1
Malibagh,2026,5,6,16,1.0
Mirpur-1,2026,5,6,16,1.1
Mirpur-10,2026,5,6,16,1.1
Mirpur-12,2026,5,6,16,1.1
Moghbazar,2026,5,6,16,1.2
Mohammadpur,2026,5,6,16,1.0
Mohakhali,2026,5,6,16,1.0
Motijheel,2026,5,6,16,1.2
Nakhalpara,2026,5,6,16,1.0
New Market,2026,5,6,16,1.0
Nikunja,2026,5,6,16,1.1
Pallabi,2026,5,6,16,1.0
Paltan,2026,5,6,16,1.0
Panthapath,2026,5,6,16,1.0
Postogola,2026,5,6,16,1.1
Ramna,2026,5,6,16,1.2
Rampura,2026,5,6,16,1.0
Sadarghat,2026,5,6,16,1.0
Science Lab,2026,5,6,16,1.1
Shahbagh,2026,5,6,16,1.0
Shewrapara,2026,5,6,16,1.1
Shyampur,2026,5,6,16,1.2
Sutrapur,2026,5,6,16,1.3
Tejgaon,2026,5,6,16,1.1
Uttara-1,2026,5,6,16,1.2
Uttara-3,2026,5,6,16,1.3
Uttara-7,2026,5,6,16,1.3
Wari,2026,5,6,16,1.2
Agargaon,2026,5,6,17,1.6
Airport,2026,5,6,17,1.7
Badda,2026,5,6,17,1.8
Banani,2026,5,6,17,1.7
Bangshal,2026,5,6,17,1.8
Baridhara,2026,5,6,17,1.9
Bashundhara,2026,5,6,17,1.9
Bijoynagar,2026,5,6,17,1.7
Chawk Bazar,2026,5,6,17,2.0
DOHS Mohakhali,2026,5,6,17,1.9
Demra,2026,5,6,17,1.9
Dhanmondi,2026,5,6,17,1.9
Elephant Road,2026,5,6,17,1.6
Eskaton,2026,5,6,17,2.0
Farmgate,2026,5,6,17,1.9
Gabtoli,2026,5,6,17,1.8
Green Road,2026,5,6,17,2.0
Gulshan-1,2026,5,6,17,1.6
Gulshan-2,2026,5,6,17,1.6
Hatirpool,2026,5,6,17,2.0
Hazaribagh,2026,5,6,17,1.7
Islampur,2026,5,6,17,1.5
Jatrabari,2026,5,6,17,2.0
Kakrail,2026,5,6,17,1.9
Kallyanpur,2026,5,6,17,1.6
Kamalapur,2026,5,6,17,1.5
Karwan Bazar,2026,5,6,17,1.9
Kazipara,2026,5,6,17,1.5
Keraniganj,2026,5,6,17,1.7
Khilkhet,2026,5,6,17,1.6
Kuril,2026,5,6,17,2.0
Lalbagh,2026,5,6,17,1.7
Malibagh,2026,5,6,17,1.6
Mirpur-1,2026,5,6,17,1.8
Mirpur-10,2026,5,6,17,1.8
Mirpur-12,2026,5,6,17,1.9
Moghbazar,2026,5,6,17,1.9
Mohammadpur,2026,5,6,17,1.9
Mohakhali,2026,5,6,17,2.0
Motijheel,2026,5,6,17,1.9
Nakhalpara,2026,5,6,17,1.8
New Market,2026,5,6,17,1.7
Nikunja,2026,5,6,17,1.8
Pallabi,2026,5,6,17,1.6
Paltan,2026,5,6,17,2.0
Panthapath,2026,5,6,17,1.6
Postogola,2026,5,6,17,1.5
Ramna,2026,5,6,17,1.6
Rampura,2026,5,6,17,1.7
Sadarghat,2026,5,6,17,1.7
Science Lab,2026,5,6,17,1.7
Shahbagh,2026,5,6,17,1.8
Shewrapara,2026,5,6,17,1.9
Shyampur,2026,5,6,17,1.9
Sutrapur,2026,5,6,17,1.7
Tejgaon,2026,5,6,17,1.6
Uttara-1,2026,5,6,17,1.7
Uttara-3,2026,5,6,17,1.7
Uttara-7,2026,5,6,17,2.0
Wari,2026,5,6,17,1.8
Agargaon,2026,5,6,18,1.9
Airport,2026,5,6,18,1.5
Badda,2026,5,6,18,1.9
Banani,2026,5,6,18,1.5
Bangshal,2026,5,6,18,1.6
Baridhara,2026,5,6,18,2.0
Bashundhara,2026,5,6,18,1.8
Bijoynagar,2026,5,6,18,1.8
Chawk Bazar,2026,5,6,18,1.9
DOHS Mohakhali,2026,5,6,18,1.9
Demra,2026,5,6,18,1.7
Dhanmondi,2026,5,6,18,1.7
Elephant Road,2026,5,6,18,1.5
Eskaton,2026,5,6,18,1.9
Farmgate,2026,5,6,18,1.6
Gabtoli,2026,5,6,18,1.8
Green Road,2026,5,6,18,1.9
Gulshan-1,2026,5,6,18,2.0
Gulshan-2,2026,5,6,18,1.8
Hatirpool,2026,5,6,18,2.0
Hazaribagh,2026,5,6,18,1.6
Islampur,2026,5,6,18,1.8
Jatrabari,2026,5,6,18,1.7
Kakrail,2026,5,6,18,2.0
Kallyanpur,2026,5,6,18,1.7
Kamalapur,2026,5,6,18,1.8
Karwan Bazar,2026,5,6,18,1.6
Kazipara,2026,5,6,18,1.9
Keraniganj,2026,5,6,18,1.6
Khilkhet,2026,5,6,18,1.8
Kuril,2026,5,6,18,1.5
Lalbagh,2026,5,6,18,1.8
Malibagh,2026,5,6,18,1.7
Mirpur-1,2026,5,6,18,2.0
Mirpur-10,2026,5,6,18,2.0
Mirpur-12,2026,5,6,18,1.6
Moghbazar,2026,5,6,18,1.6
Mohammadpur,2026,5,6,18,1.9
Mohakhali,2026,5,6,18,2.0
Motijheel,2026,5,6,18,1.7
Nakhalpara,2026,5,6,18,1.5
New Market,2026,5,6,18,1.8
Nikunja,2026,5,6,18,1.6
Pallabi,2026,5,6,18,2.0
Paltan,2026,5,6,18,1.6
Panthapath,2026,5,6,18,1.8
Postogola,2026,5,6,18,1.8
Ramna,2026,5,6,18,1.8
Rampura,2026,5,6,18,1.8
Sadarghat,2026,5,6,18,1.6
Science Lab,2026,5,6,18,1.5
Shahbagh,2026,5,6,18,1.7
Shewrapara,2026,5,6,18,1.7
Shyampur,2026,5,6,18,1.6
Sutrapur,2026,5,6,18,1.9
Tejgaon,2026,5,6,18,1.5
Uttara-1,2026,5,6,18,1.8
Uttara-3,2026,5,6,18,1.9
Uttara-7,2026,5,6,18,1.9
Wari,2026,5,6,18,1.8
Agargaon,2026,5,6,19,1.6
Airport,2026,5,6,19,1.5
Badda,2026,5,6,19,1.5
Banani,2026,5,6,19,2.0
Bangshal,2026,5,6,19,1.6
Baridhara,2026,5,6,19,1.6
Bashundhara,2026,5,6,19,1.9
Bijoynagar,2026,5,6,19,1.8
Chawk Bazar,2026,5,6,19,1.9
DOHS Mohakhali,2026,5,6,19,2.0
Demra,2026,5,6,19,1.9
Dhanmondi,2026,5,6,19,1.8
Elephant Road,2026,5,6,19,1.7
Eskaton,2026,5,6,19,1.7
Farmgate,2026,5,6,19,1.9
Gabtoli,2026,5,6,19,1.7
Green Road,2026,5,6,19,1.8
Gulshan-1,2026,5,6,19,1.9
Gulshan-2,2026,5,6,19,1.7
Hatirpool,2026,5,6,19,1.7
Hazaribagh,2026,5,6,19,1.6
Islampur,2026,5,6,19,1.9
Jatrabari,2026,5,6,19,1.8
Kakrail,2026,5,6,19,1.9
Kallyanpur,2026,5,6,19,1.9
Kamalapur,2026,5,6,19,1.6
Karwan Bazar,2026,5,6,19,1.6
Kazipara,2026,5,6,19,2.0
Keraniganj,2026,5,6,19,1.8
Khilkhet,2026,5,6,19,1.7
Kuril,2026,5,6,19,1.6
Lalbagh,2026,5,6,19,1.9
Malibagh,2026,5,6,19,1.9
Mirpur-1,2026,5,6,19,1.5
Mirpur-10,2026,5,6,19,1.9
Mirpur-12,2026,5,6,19,1.7
Moghbazar,2026,5,6,19,1.9
Mohammadpur,2026,5,6,19,1.9
Mohakhali,2026,5,6,19,1.8
Motijheel,2026,5,6,19,1.7
Nakhalpara,2026,5,6,19,1.8
New Market,2026,5,6,19,1.7
Nikunja,2026,5,6,19,1.7
Pallabi,2026,5,6,19,1.7
Paltan,2026,5,6,19,2.0
Panthapath,2026,5,6,19,1.7
Postogola,2026,5,6,19,1.9
Ramna,2026,5,6,19,1.5
Rampura,2026,5,6,19,1.8
Sadarghat,2026,5,6,19,1.9
Science Lab,2026,5,6,19,1.6
Shahbagh,2026,5,6,19,1.6
Shewrapara,2026,5,6,19,1.9
Shyampur,2026,5,6,19,1.7
Sutrapur,2026,5,6,19,1.6
Tejgaon,2026,5,6,19,2.0
Uttara-1,2026,5,6,19,1.9
Uttara-3,2026,5,6,19,1.7
Uttara-7,2026,5,6,19,1.8
Wari,2026,5,6,19,1.9
Agargaon,2026,5,6,20,1.6
Airport,2026,5,6,20,1.5
Badda,2026,5,6,20,1.8
Banani,2026,5,6,20,1.5
Bangshal,2026,5,6,20,1.9
Baridhara,2026,5,6,20,1.7
Bashundhara,2026,5,6,20,1.8
Bijoynagar,2026,5,6,20,1.8
Chawk Bazar,2026,5,6,20,2.0
DOHS Mohakhali,2026,5,6,20,1.6
Demra,2026,5,6,20,1.7
Dhanmondi,2026,5,6,20,1.9
Elephant Road,2026,5,6,20,1.7
Eskaton,2026,5,6,20,1.9
Farmgate,2026,5,6,20,2.0
Gabtoli,2026,5,6,20,1.9
Green Road,2026,5,6,20,1.7
Gulshan-1,2026,5,6,20,1.5
Gulshan-2,2026,5,6,20,1.9
Hatirpool,2026,5,6,20,2.0
Hazaribagh,2026,5,6,20,2.0
Islampur,2026,5,6,20,1.7
Jatrabari,2026,5,6,20,1.7
Kakrail,2026,5,6,20,2.0
Kallyanpur,2026,5,6,20,1.8
Kamalapur,2026,5,6,20,1.8
Karwan Bazar,2026,5,6,20,1.6
Kazipara,2026,5,6,20,1.6
Keraniganj,2026,5,6,20,1.9
Khilkhet,2026,5,6,20,2.0
Kuril,2026,5,6,20,2.0
Lalbagh,2026,5,6,20,1.9
Malibagh,2026,5,6,20,1.9
Mirpur-1,2026,5,6,20,1.7
Mirpur-10,2026,5,6,20,1.7
Mirpur-12,2026,5,6,20,1.5
Moghbazar,2026,5,6,20,1.9
Mohammadpur,2026,5,6,20,1.6
Mohakhali,2026,5,6,20,1.6
Motijheel,2026,5,6,20,1.7
Nakhalpara,2026,5,6,20,1.7
New Market,2026,5,6,20,2.0
Nikunja,2026,5,6,20,1.5
Pallabi,2026,5,6,20,1.7
Paltan,2026,5,6,20,1.8
Panthapath,2026,5,6,20,1.9
Postogola,2026,5,6,20,1.8
Ramna,2026,5,6,20,1.6
Rampura,2026,5,6,20,1.8
Sadarghat,2026,5,6,20,1.6
Science Lab,2026,5,6,20,1.7
Shahbagh,2026,5,6,20,1.9
Shewrapara,2026,5,6,20,1.8
Shyampur,2026,5,6,20,1.6
Sutrapur,2026,5,6,20,1.8
Tejgaon,2026,5,6,20,1.5
Uttara-1,2026,5,6,20,1.7
Uttara-3,2026,5,6,20,1.9
Uttara-7,2026,5,6,20,1.9
Wari,2026,5,6,20,1.7
Agargaon,2026,5,6,21,1.9
Airport,2026,5,6,21,1.9
Badda,2026,5,6,21,1.6
Banani,2026,5,6,21,1.9
Bangshal,2026,5,6,21,1.6
Baridhara,2026,5,6,21,1.5
Bashundhara,2026,5,6,21,1.7
Bijoynagar,2026,5,6,21,1.9
Chawk Bazar,2026,5,6,21,1.9
DOHS Mohakhali,2026,5,6,21,1.7
Demra,2026,5,6,21,1.7
Dhanmondi,2026,5,6,21,1.9
Elephant Road,2026,5,6,21,1.6
Eskaton,2026,5,6,21,1.7
Farmgate,2026,5,6,21,1.9
Gabtoli,2026,5,6,21,1.8
Green Road,2026,5,6,21,1.5
Gulshan-1,2026,5,6,21,1.7
Gulshan-2,2026,5,6,21,1.7
Hatirpool,2026,5,6,21,1.9
Hazaribagh,2026,5,6,21,1.6
Islampur,2026,5,6,21,1.6
Jatrabari,2026,5,6,21,1.8
Kakrail,2026,5,6,21,1.6
Kallyanpur,2026,5,6,21,1.9
Kamalapur,2026,5,6,21,1.7
Karwan Bazar,2026,5,6,21,1.7
Kazipara,2026,5,6,21,2.0
Keraniganj,2026,5,6,21,1.5
Khilkhet,2026,5,6,21,1.8
Kuril,2026,5,6,21,1.5
Lalbagh,2026,5,6,21,1.6
Malibagh,2026,5,6,21,1.9
Mirpur-1,2026,5,6,21,1.7
Mirpur-10,2026,5,6,21,1.6
Mirpur-12,2026,5,6,21,2.0
Moghbazar,2026,5,6,21,1.9
Mohammadpur,2026,5,6,21,2.0
Mohakhali,2026,5,6,21,1.5
Motijheel,2026,5,6,21,1.6
Nakhalpara,2026,5,6,21,2.0
New Market,2026,5,6,21,1.7
Nikunja,2026,5,6,21,1.9
Pallabi,2026,5,6,21,1.5
Paltan,2026,5,6,21,1.8
Panthapath,2026,5,6,21,1.9
Postogola,2026,5,6,21,1.8
Ramna,2026,5,6,21,1.8
Rampura,2026,5,6,21,1.6
Sadarghat,2026,5,6,21,1.5
Science Lab,2026,5,6,21,1.7
Shahbagh,2026,5,6,21,1.9
Shewrapara,2026,5,6,21,1.6
Shyampur,2026,5,6,21,1.6
Sutrapur,2026,5,6,21,1.8
Tejgaon,2026,5,6,21,1.9
Uttara-1,2026,5,6,21,1.6
Uttara-3,2026,5,6,21,1.5
Uttara-7,2026,5,6,21,1.9
Wari,2026,5,6,21,1.8
Agargaon,2026,5,6,22,1.0
Airport,2026,5,6,22,1.2
Badda,2026,5,6,22,1.3
Banani,2026,5,6,22,1.1
Bangshal,2026,5,6,22,1.1
Baridhara,2026,5,6,22,1.3
Bashundhara,2026,5,6,22,1.0
Bijoynagar,2026,5,6,22,1.0
Chawk Bazar,2026,5,6,22,1.2
DOHS Mohakhali,2026,5,6,22,1.3
Demra,2026,5,6,22,1.2
Dhanmondi,2026,5,6,22,1.2
Elephant Road,2026,5,6,22,1.3
Eskaton,2026,5,6,22,1.3
Farmgate,2026,5,6,22,1.2
Gabtoli,2026,5,6,22,1.3
Green Road,2026,5,6,22,1.1
Gulshan-1,2026,5,6,22,1.2
Gulshan-2,2026,5,6,22,1.2
Hatirpool,2026,5,6,22,1.2
Hazaribagh,2026,5,6,22,1.2
Islampur,2026,5,6,22,1.2
Jatrabari,2026,5,6,22,1.1
Kakrail,2026,5,6,22,1.0
Kallyanpur,2026,5,6,22,1.3
Kamalapur,2026,5,6,22,1.2
Karwan Bazar,2026,5,6,22,1.2
Kazipara,2026,5,6,22,1.1
Keraniganj,2026,5,6,22,1.1
Khilkhet,2026,5,6,22,1.2
Kuril,2026,5,6,22,1.1
Lalbagh,2026,5,6,22,1.3
Malibagh,2026,5,6,22,1.1
Mirpur-1,2026,5,6,22,1.0
Mirpur-10,2026,5,6,22,1.2
Mirpur-12,2026,5,6,22,1.2
Moghbazar,2026,5,6,22,1.1
Mohammadpur,2026,5,6,22,1.1
Mohakhali,2026,5,6,22,1.3
Motijheel,2026,5,6,22,1.2
Nakhalpara,2026,5,6,22,1.0
New Market,2026,5,6,22,1.2
Nikunja,2026,5,6,22,1.1
Pallabi,2026,5,6,22,1.2
Paltan,2026,5,6,22,1.1
Panthapath,2026,5,6,22,1.3
Postogola,2026,5,6,22,1.1
Ramna,2026,5,6,22,1.1
Rampura,2026,5,6,22,1.2
Sadarghat,2026,5,6,22,1.2
Science Lab,2026,5,6,22,1.2
Shahbagh,2026,5,6,22,1.1
Shewrapara,2026,5,6,22,1.1
Shyampur,2026,5,6,22,1.2
Sutrapur,2026,5,6,22,1.3
Tejgaon,2026,5,6,22,1.2
Uttara-1,2026,5,6,22,1.3
Uttara-3,2026,5,6,22,1.0
Uttara-7,2026,5,6,22,1.0
Wari,2026,5,6,22,1.2
Agargaon,2026,5,6,23,1.1
Airport,2026,5,6,23,1.1
Badda,2026,5,6,23,1.1
Banani,2026,5,6,23,1.2
Bangshal,2026,5,6,23,1.0
Baridhara,2026,5,6,23,1.1
Bashundhara,2026,5,6,23,1.3
Bijoynagar,2026,5,6,23,1.3
Chawk Bazar,2026,5,6,23,1.1
DOHS Mohakhali,2026,5,6,23,1.3
Demra,2026,5,6,23,1.1
Dhanmondi,2026,5,6,23,1.2
Elephant Road,2026,5,6,23,1.1
Eskaton,2026,5,6,23,1.0
Farmgate,2026,5,6,23,1.2
Gabtoli,2026,5,6,23,1.2
Green Road,2026,5,6,23,1.1
Gulshan-1,2026,5,6,23,1.1
Gulshan-2,2026,5,6,23,1.1
Hatirpool,2026,5,6,23,1.1
Hazaribagh,2026,5,6,23,1.1
Islampur,2026,5,6,23,1.1
Jatrabari,2026,5,6,23,1.2
Kakrail,2026,5,6,23,1.1
Kallyanpur,2026,5,6,23,1.0
Kamalapur,2026,5,6,23,1.2
Karwan Bazar,2026,5,6,23,1.1
Kazipara,2026,5,6,23,1.1
Keraniganj,2026,5,6,23,1.1
Khilkhet,2026,5,6,23,1.0
Kuril,2026,5,6,23,1.1
Lalbagh,2026,5,6,23,1.1
Malibagh,2026,5,6,23,1.1
Mirpur-1,2026,5,6,23,1.1
Mirpur-10,2026,5,6,23,1.1
Mirpur-12,2026,5,6,23,1.2
Moghbazar,2026,5,6,23,1.1
Mohammadpur,2026,5,6,23,1.1
Mohakhali,2026,5,6,23,1.1
Motijheel,2026,5,6,23,1.0
Nakhalpara,2026,5,6,23,1.2
New Market,2026,5,6,23,1.2
Nikunja,2026,5,6,23,1.2
Pallabi,2026,5,6,23,1.3
Paltan,2026,5,6,23,1.2
Panthapath,2026,5,6,23,1.2
Postogola,2026,5,6,23,1.3
Ramna,2026,5,6,23,1.1
Rampura,2026,5,6,23,1.3
Sadarghat,2026,5,6,23,1.2
Science Lab,2026,5,6,23,1.2
Shahbagh,2026,5,6,23,1.1
Shewrapara,2026,5,6,23,1.2
Shyampur,2026,5,6,23,1.0
Sutrapur,2026,5,6,23,1.0
Tejgaon,2026,5,6,23,1.1
Uttara-1,2026,5,6,23,1.1
Uttara-3,2026,5,6,23,1.2
Uttara-7,2026,5,6,23,1.0
Wari,2026,5,6,23,1.2
Agargaon,2026,5,7,0,1.2
Airport,2026,5,7,0,1.2
Badda,2026,5,7,0,1.2
Banani,2026,5,7,0,1.3
Bangshal,2026,5,7,0,1.1
Baridhara,2026,5,7,0,1.3
Bashundhara,2026,5,7,0,1.1
Bijoynagar,2026,5,7,0,1.1
Chawk Bazar,2026,5,7,0,1.0
DOHS Mohakhali,2026,5,7,0,1.1
Demra,2026,5,7,0,1.0
Dhanmondi,2026,5,7,0,1.1
Elephant Road,2026,5,7,0,1.1
Eskaton,2026,5,7,0,1.3
Farmgate,2026,5,7,0,1.2
Gabtoli,2026,5,7,0,1.1
Green Road,2026,5,7,0,1.2
Gulshan-1,2026,5,7,0,1.2
Gulshan-2,2026,5,7,0,1.2
Hatirpool,2026,5,7,0,1.2
Hazaribagh,2026,5,7,0,1.2
Islampur,2026,5,7,0,1.2
Jatrabari,2026,5,7,0,1.2
Kakrail,2026,5,7,0,1.3
Kallyanpur,2026,5,7,0,1.0
Kamalapur,2026,5,7,0,1.2
Karwan Bazar,2026,5,7,0,1.0
Kazipara,2026,5,7,0,1.0
Keraniganj,2026,5,7,0,1.2
Khilkhet,2026,5,7,0,1.3
Kuril,2026,5,7,0,1.2
Lalbagh,2026,5,7,0,1.1
Malibagh,2026,5,7,0,1.2
Mirpur-1,2026,5,7,0,1.0
Mirpur-10,2026,5,7,0,1.1
Mirpur-12,2026,5,7,0,1.3
Moghbazar,2026,5,7,0,1.1
Mohammadpur,2026,5,7,0,1.1
Mohakhali,2026,5,7,0,1.0
Motijheel,2026,5,7,0,1.1
Nakhalpara,2026,5,7,0,1.2
New Market,2026,5,7,0,1.1
Nikunja,2026,5,7,0,1.1
Pallabi,2026,5,7,0,1.2
Paltan,2026,5,7,0,1.2
Panthapath,2026,5,7,0,1.0
Postogola,2026,5,7,0,1.2
Ramna,2026,5,7,0,1.2
Rampura,2026,5,7,0,1.0
Sadarghat,2026,5,7,0,1.1
Science Lab,2026,5,7,0,1.0
Shahbagh,2026,5,7,0,1.2
Shewrapara,2026,5,7,0,1.3
Shyampur,2026,5,7,0,1.1
Sutrapur,2026,5,7,0,1.3
Tejgaon,2026,5,7,0,1.2
Uttara-1,2026,5,7,0,1.1
Uttara-3,2026,5,7,0,1.0
Uttara-7,2026,5,7,0,1.3
Wari,2026,5,7,0,1.1
Agargaon,2026,5,7,1,1.0
Airport,2026,5,7,1,1.0
Badda,2026,5,7,1,1.1
Banani,2026,5,7,1,1.2
Bangshal,2026,5,7,1,1.1
Baridhara,2026,5,7,1,1.3
Bashundhara,2026,5,7,1,1.2
Bijoynagar,2026,5,7,1,1.0
Chawk Bazar,2026,5,7,1,1.2
DOHS Mohakhali,2026,5,7,1,1.1
Demra,2026,5,7,1,1.1
Dhanmondi,2026,5,7,1,1.0
Elephant Road,2026,5,7,1,1.1
Eskaton,2026,5,7,1,1.1
Farmgate,2026,5,7,1,1.2
Gabtoli,2026,5,7,1,1.3
Green Road,2026,5,7,1,1.0
Gulshan-1,2026,5,7,1,1.2
Gulshan-2,2026,5,7,1,1.1
Hatirpool,2026,5,7,1,1.1
Hazaribagh,2026,5,7,1,1.2
Islampur,2026,5,7,1,1.1
Jatrabari,2026,5,7,1,1.2
Kakrail,2026,5,7,1,1.3
Kallyanpur,2026,5,7,1,1.2
Kamalapur,2026,5,7,1,1.0
Karwan Bazar,2026,5,7,1,1.2
Kazipara,2026,5,7,1,1.2
Keraniganj,2026,5,7,1,1.1
Khilkhet,2026,5,7,1,1.0
Kuril,2026,5,7,1,1.2
Lalbagh,2026,5,7,1,1.1
Malibagh,2026,5,7,1,1.1
Mirpur-1,2026,5,7,1,1.1
Mirpur-10,2026,5,7,1,1.3
Mirpur-12,2026,5,7,1,1.3
Moghbazar,2026,5,7,1,1.2
Mohammadpur,2026,5,7,1,1.0
Mohakhali,2026,5,7,1,1.1
Motijheel,2026,5,7,1,1.0
Nakhalpara,2026,5,7,1,1.2
New Market,2026,5,7,1,1.2
Nikunja,2026,5,7,1,1.1
Pallabi,2026,5,7,1,1.1
Paltan,2026,5,7,1,1.3
Panthapath,2026,5,7,1,1.3
Postogola,2026,5,7,1,1.0
Ramna,2026,5,7,1,1.2
Rampura,2026,5,7,1,1.2
Sadarghat,2026,5,7,1,1.2
Science Lab,2026,5,7,1,1.2
Shahbagh,2026,5,7,1,1.3
Shewrapara,2026,5,7,1,1.1
Shyampur,2026,5,7,1,1.1
Sutrapur,2026,5,7,1,1.0
Tejgaon,2026,5,7,1,1.2
Uttara-1,2026,5,7,1,1.1
Uttara-3,2026,5,7,1,1.0
Uttara-7,2026,5,7,1,1.0
Wari,2026,5,7,1,1.2
Agargaon,2026,5,7,2,1.1
Airport,2026,5,7,2,1.1
Badda,2026,5,7,2,1.2
Banani,2026,5,7,2,1.0
Bangshal,2026,5,7,2,1.3
Baridhara,2026,5,7,2,1.1
Bashundhara,2026,5,7,2,1.1
Bijoynagar,2026,5,7,2,1.1
Chawk Bazar,2026,5,7,2,1.1
DOHS Mohakhali,2026,5,7,2,1.1
Demra,2026,5,7,2,1.2
Dhanmondi,2026,5,7,2,1.2
Elephant Road,2026,5,7,2,1.2
Eskaton,2026,5,7,2,1.3
Farmgate,2026,5,7,2,1.0
Gabtoli,2026,5,7,2,1.2
Green Road,2026,5,7,2,1.1
Gulshan-1,2026,5,7,2,1.1
Gulshan-2,2026,5,7,2,1.1
Hatirpool,2026,5,7,2,1.2
Hazaribagh,2026,5,7,2,1.3
Islampur,2026,5,7,2,1.0
Jatrabari,2026,5,7,2,1.3
Kakrail,2026,5,7,2,1.2
Kallyanpur,2026,5,7,2,1.1
Kamalapur,2026,5,7,2,1.1
Karwan Bazar,2026,5,7,2,1.1
Kazipara,2026,5,7,2,1.1
Keraniganj,2026,5,7,2,1.1
Khilkhet,2026,5,7,2,1.1
Kuril,2026,5,7,2,1.2
Lalbagh,2026,5,7,2,1.0
Malibagh,2026,5,7,2,1.2
Mirpur-1,2026,5,7,2,1.1
Mirpur-10,2026,5,7,2,1.0
Mirpur-12,2026,5,7,2,1.2
Moghbazar,2026,5,7,2,1.1
Mohammadpur,2026,5,7,2,1.1
Mohakhali,2026,5,7,2,1.3
Motijheel,2026,5,7,2,1.1
Nakhalpara,2026,5,7,2,1.1
New Market,2026,5,7,2,1.1
Nikunja,2026,5,7,2,1.2
Pallabi,2026,5,7,2,1.2
Paltan,2026,5,7,2,1.2
Panthapath,2026,5,7,2,1.2
Postogola,2026,5,7,2,1.3
Ramna,2026,5,7,2,1.1
Rampura,2026,5,7,2,1.2
Sadarghat,2026,5,7,2,1.1
Science Lab,2026,5,7,2,1.1
Shahbagh,2026,5,7,2,1.2
Shewrapara,2026,5,7,2,1.2
Shyampur,2026,5,7,2,1.1
Sutrapur,2026,5,7,2,1.1
Tejgaon,2026,5,7,2,1.1
Uttara-1,2026,5,7,2,1.0
Uttara-3,2026,5,7,2,1.3
Uttara-7,2026,5,7,2,1.1
Wari,2026,5,7,2,1.2
Agargaon,2026,5,7,3,1.3
Airport,2026,5,7,3,1.2
Badda,2026,5,7,3,1.3
Banani,2026,5,7,3,1.2
Bangshal,2026,5,7,3,1.1
Baridhara,2026,5,7,3,1.0
Bashundhara,2026,5,7,3,1.2
Bijoynagar,2026,5,7,3,1.1
Chawk Bazar,2026,5,7,3,1.1
DOHS Mohakhali,2026,5,7,3,1.1
Demra,2026,5,7,3,1.1
Dhanmondi,2026,5,7,3,1.2
Elephant Road,2026,5,7,3,1.3
Eskaton,2026,5,7,3,1.1
Farmgate,2026,5,7,3,1.2
Gabtoli,2026,5,7,3,1.1
Green Road,2026,5,7,3,1.1
Gulshan-1,2026,5,7,3,1.1
Gulshan-2,2026,5,7,3,1.2
Hatirpool,2026,5,7,3,1.2
Hazaribagh,2026,5,7,3,1.1
Islampur,2026,5,7,3,1.1
Jatrabari,2026,5,7,3,1.3
Kakrail,2026,5,7,3,1.1
Kallyanpur,2026,5,7,3,1.1
Kamalapur,2026,5,7,3,1.1
Karwan Bazar,2026,5,7,3,1.1
Kazipara,2026,5,7,3,1.2
Keraniganj,2026,5,7,3,1.1
Khilkhet,2026,5,7,3,1.3
Kuril,2026,5,7,3,1.1
Lalbagh,2026,5,7,3,1.2
Malibagh,2026,5,7,3,1.1
Mirpur-1,2026,5,7,3,1.2
Mirpur-10,2026,5,7,3,1.1
Mirpur-12,2026,5,7,3,1.0
Moghbazar,2026,5,7,3,1.1
Mohammadpur,2026,5,7,3,1.2
Mohakhali,2026,5,7,3,1.2
Motijheel,2026,5,7,3,1.1
Nakhalpara,2026,5,7,3,1.2
New Market,2026,5,7,3,1.2
Nikunja,2026,5,7,3,1.2
Pallabi,2026,5,7,3,1.1
Paltan,2026,5,7,3,1.1
Panthapath,2026,5,7,3,1.1
Postogola,2026,5,7,3,1.1
Ramna,2026,5,7,3,1.1
Rampura,2026,5,7,3,1.2
Sadarghat,2026,5,7,3,1.3
Science Lab,2026,5,7,3,1.1
Shahbagh,2026,5,7,3,1.2
Shewrapara,2026,5,7,3,1.1
Shyampur,2026,5,7,3,1.2
Sutrapur,2026,5,7,3,1.3
Tejgaon,2026,5,7,3,1.0
Uttara-1,2026,5,7,3,1.3
Uttara-3,2026,5,7,3,1.2
Uttara-7,2026,5,7,3,1.2
Wari,2026,5,7,3,1.1
Agargaon,2026,5,7,4,1.2
Airport,2026,5,7,4,1.1
Badda,2026,5,7,4,1.1
Banani,2026,5,7,4,1.1
Bangshal,2026,5,7,4,1.2
Baridhara,2026,5,7,4,1.3
Bashundhara,2026,5,7,4,1.2
Bijoynagar,2026,5,7,4,1.2
Chawk Bazar,2026,5,7,4,1.2
DOHS Mohakhali,2026,5,7,4,1.2
Demra,2026,5,7,4,1.0
Dhanmondi,2026,5,7,4,1.2
Elephant Road,2026,5,7,4,1.1
Eskaton,2026,5,7,4,1.0
Farmgate,2026,5,7,4,1.1
Gabtoli,2026,5,7,4,1.1
Green Road,2026,5,7,4,1.3
Gulshan-1,2026,5,7,4,1.0
Gulshan-2,2026,5,7,4,1.1
Hatirpool,2026,5,7,4,1.1
Hazaribagh,2026,5,7,4,1.0
Islampur,2026,5,7,4,1.3
Jatrabari,2026,5,7,4,1.3
Kakrail,2026,5,7,4,1.1
Kallyanpur,2026,5,7,4,1.0
Kamalapur,2026,5,7,4,1.2
Karwan Bazar,2026,5,7,4,1.0
Kazipara,2026,5,7,4,1.0
Keraniganj,2026,5,7,4,1.0
Khilkhet,2026,5,7,4,1.1
Kuril,2026,5,7,4,1.0
Lalbagh,2026,5,7,4,1.1
Malibagh,2026,5,7,4,1.1
Mirpur-1,2026,5,7,4,1.1
Mirpur-10,2026,5,7,4,1.2
Mirpur-12,2026,5,7,4,1.0
Moghbazar,2026,5,7,4,1.0
Mohammadpur,2026,5,7,4,1.1
Mohakhali,2026,5,7,4,1.1
Motijheel,2026,5,7,4,1.2
Nakhalpara,2026,5,7,4,1.1
New Market,2026,5,7,4,1.2
Nikunja,2026,5,7,4,1.0
Pallabi,2026,5,7,4,1.0
Paltan,2026,5,7,4,1.0
Panthapath,2026,5,7,4,1.1
Postogola,2026,5,7,4,1.1
Ramna,2026,5,7,4,1.0
Rampura,2026,5,7,4,1.1
Sadarghat,2026,5,7,4,1.1
Science Lab,2026,5,7,4,1.2
Shahbagh,2026,5,7,4,1.2
Shewrapara,2026,5,7,4,1.2
Shyampur,2026,5,7,4,1.2
Sutrapur,2026,5,7,4,1.2
Tejgaon,2026,5,7,4,1.1
Uttara-1,2026,5,7,4,1.1
Uttara-3,2026,5,7,4,1.3
Uttara-7,2026,5,7,4,1.3
Wari,2026,5,7,4,1.3
Agargaon,2026,5,7,5,1.1
Airport,2026,5,7,5,1.2
Badda,2026,5,7,5,1.1
Banani,2026,5,7,5,1.2
Bangshal,2026,5,7,5,1.2
Baridhara,2026,5,7,5,1.0
Bashundhara,2026,5,7,5,1.2
Bijoynagar,2026,5,7,5,1.3
Chawk Bazar,2026,5,7,5,1.2
DOHS Mohakhali,2026,5,7,5,1.1
Demra,2026,5,7,5,1.0
Dhanmondi,2026,5,7,5,1.3
Elephant Road,2026,5,7,5,1.2
Eskaton,2026,5,7,5,1.0
Farmgate,2026,5,7,5,1.2
Gabtoli,2026,5,7,5,1.2
Green Road,2026,5,7,5,1.0
Gulshan-1,2026,5,7,5,1.1
Gulshan-2,2026,5,7,5,1.3
Hatirpool,2026,5,7,5,1.1
Hazaribagh,2026,5,7,5,1.2
Islampur,2026,5,7,5,1.1
Jatrabari,2026,5,7,5,1.0
Kakrail,2026,5,7,5,1.2
Kallyanpur,2026,5,7,5,1.1
Kamalapur,2026,5,7,5,1.0
Karwan Bazar,2026,5,7,5,1.0
Kazipara,2026,5,7,5,1.1
Keraniganj,2026,5,7,5,1.1
Khilkhet,2026,5,7,5,1.0
Kuril,2026,5,7,5,1.2
Lalbagh,2026,5,7,5,1.1
Malibagh,2026,5,7,5,1.3
Mirpur-1,2026,5,7,5,1.1
Mirpur-10,2026,5,7,5,1.2
Mirpur-12,2026,5,7,5,1.1
Moghbazar,2026,5,7,5,1.1
Mohammadpur,2026,5,7,5,1.1
Mohakhali,2026,5,7,5,1.1
Motijheel,2026,5,7,5,1.2
Nakhalpara,2026,5,7,5,1.2
New Market,2026,5,7,5,1.1
Nikunja,2026,5,7,5,1.1
Pallabi,2026,5,7,5,1.1
Paltan,2026,5,7,5,1.1
Panthapath,2026,5,7,5,1.2
Postogola,2026,5,7,5,1.1
Ramna,2026,5,7,5,1.0
Rampura,2026,5,7,5,1.2
Sadarghat,2026,5,7,5,1.2
Science Lab,2026,5,7,5,1.2
Shahbagh,2026,5,7,5,1.1
Shewrapara,2026,5,7,5,1.0
Shyampur,2026,5,7,5,1.2
Sutrapur,2026,5,7,5,1.1
Tejgaon,2026,5,7,5,1.2
Uttara-1,2026,5,7,5,1.0
Uttara-3,2026,5,7,5,1.1
Uttara-7,2026,5,7,5,1.1
Wari,2026,5,7,5,1.1
Agargaon,2026,5,7,6,1.2
Airport,2026,5,7,6,1.2
Badda,2026,5,7,6,1.1
Banani,2026,5,7,6,1.1
Bangshal,2026,5,7,6,1.2
Baridhara,2026,5,7,6,1.3
Bashundhara,2026,5,7,6,1.3
Bijoynagar,2026,5,7,6,1.0
Chawk Bazar,2026,5,7,6,1.1
DOHS Mohakhali,2026,5,7,6,1.2
Demra,2026,5,7,6,1.2
Dhanmondi,2026,5,7,6,1.0
Elephant Road,2026,5,7,6,1.0
Eskaton,2026,5,7,6,1.2
Farmgate,2026,5,7,6,1.2
Gabtoli,2026,5,7,6,1.0
Green Road,2026,5,7,6,1.0
Gulshan-1,2026,5,7,6,1.1
Gulshan-2,2026,5,7,6,1.2
Hatirpool,2026,5,7,6,1.3
Hazaribagh,2026,5,7,6,1.0
Islampur,2026,5,7,6,1.1
Jatrabari,2026,5,7,6,1.2
Kakrail,2026,5,7,6,1.0
Kallyanpur,2026,5,7,6,1.3
Kamalapur,2026,5,7,6,1.1
Karwan Bazar,2026,5,7,6,1.2
Kazipara,2026,5,7,6,1.1
Keraniganj,2026,5,7,6,1.3
Khilkhet,2026,5,7,6,1.1
Kuril,2026,5,7,6,1.0
Lalbagh,2026,5,7,6,1.0
Malibagh,2026,5,7,6,1.0
Mirpur-1,2026,5,7,6,1.0
Mirpur-10,2026,5,7,6,1.2
Mirpur-12,2026,5,7,6,1.3
Moghbazar,2026,5,7,6,1.2
Mohammadpur,2026,5,7,6,1.1
Mohakhali,2026,5,7,6,1.1
Motijheel,2026,5,7,6,1.0
Nakhalpara,2026,5,7,6,1.2
New Market,2026,5,7,6,1.1
Nikunja,2026,5,7,6,1.2
Pallabi,2026,5,7,6,1.2
Paltan,2026,5,7,6,1.2
Panthapath,2026,5,7,6,1.2
Postogola,2026,5,7,6,1.1
Ramna,2026,5,7,6,1.3
Rampura,2026,5,7,6,1.2
Sadarghat,2026,5,7,6,1.2
Science Lab,2026,5,7,6,1.1
Shahbagh,2026,5,7,6,1.2
Shewrapara,2026,5,7,6,1.2
Shyampur,2026,5,7,6,1.0
Sutrapur,2026,5,7,6,1.1
Tejgaon,2026,5,7,6,1.2
Uttara-1,2026,5,7,6,1.2
Uttara-3,2026,5,7,6,1.2
Uttara-7,2026,5,7,6,1.3
Wari,2026,5,7,6,1.3
Agargaon,2026,5,7,7,1.1
Airport,2026,5,7,7,1.0
Badda,2026,5,7,7,1.1
Banani,2026,5,7,7,1.1
Bangshal,2026,5,7,7,1.3
Baridhara,2026,5,7,7,1.1
Bashundhara,2026,5,7,7,1.1
Bijoynagar,2026,5,7,7,1.1
Chawk Bazar,2026,5,7,7,1.1
DOHS Mohakhali,2026,5,7,7,1.2
Demra,2026,5,7,7,1.2
Dhanmondi,2026,5,7,7,1.1
Elephant Road,2026,5,7,7,1.1
Eskaton,2026,5,7,7,1.2
Farmgate,2026,5,7,7,1.1
Gabtoli,2026,5,7,7,1.0
Green Road,2026,5,7,7,1.0
Gulshan-1,2026,5,7,7,1.1
Gulshan-2,2026,5,7,7,1.3
Hatirpool,2026,5,7,7,1.3
Hazaribagh,2026,5,7,7,1.1
Islampur,2026,5,7,7,1.2
Jatrabari,2026,5,7,7,1.3
Kakrail,2026,5,7,7,1.0
Kallyanpur,2026,5,7,7,1.2
Kamalapur,2026,5,7,7,1.1
Karwan Bazar,2026,5,7,7,1.1
Kazipara,2026,5,7,7,1.0
Keraniganj,2026,5,7,7,1.1
Khilkhet,2026,5,7,7,1.1
Kuril,2026,5,7,7,1.3
Lalbagh,2026,5,7,7,1.1
Malibagh,2026,5,7,7,1.3
Mirpur-1,2026,5,7,7,1.2
Mirpur-10,2026,5,7,7,1.1
Mirpur-12,2026,5,7,7,1.1
Moghbazar,2026,5,7,7,1.0
Mohammadpur,2026,5,7,7,1.1
Mohakhali,2026,5,7,7,1.1
Motijheel,2026,5,7,7,1.1
Nakhalpara,2026,5,7,7,1.2
New Market,2026,5,7,7,1.1
Nikunja,2026,5,7,7,1.3
Pallabi,2026,5,7,7,1.0
Paltan,2026,5,7,7,1.2
Panthapath,2026,5,7,7,1.2
Postogola,2026,5,7,7,1.1
Ramna,2026,5,7,7,1.0
Rampura,2026,5,7,7,1.1
Sadarghat,2026,5,7,7,1.0
Science Lab,2026,5,7,7,1.1
Shahbagh,2026,5,7,7,1.3
Shewrapara,2026,5,7,7,1.2
Shyampur,2026,5,7,7,1.1
Sutrapur,2026,5,7,7,1.1
Tejgaon,2026,5,7,7,1.0
Uttara-1,2026,5,7,7,1.1
Uttara-3,2026,5,7,7,1.0
Uttara-7,2026,5,7,7,1.1
Wari,2026,5,7,7,1.0
Agargaon,2026,5,7,8,1.7
Airport,2026,5,7,8,1.7
Badda,2026,5,7,8,1.5
Banani,2026,5,7,8,1.5
Bangshal,2026,5,7,8,1.6
Baridhara,2026,5,7,8,1.6
Bashundhara,2026,5,7,8,1.7
Bijoynagar,2026,5,7,8,1.7
Chawk Bazar,2026,5,7,8,1.7
DOHS Mohakhali,2026,5,7,8,1.7
Demra,2026,5,7,8,1.4
Dhanmondi,2026,5,7,8,1.6
Elephant Road,2026,5,7,8,1.8
Eskaton,2026,5,7,8,1.5
Farmgate,2026,5,7,8,1.5
Gabtoli,2026,5,7,8,1.4
Green Road,2026,5,7,8,1.7
Gulshan-1,2026,5,7,8,1.6
Gulshan-2,2026,5,7,8,1.7
Hatirpool,2026,5,7,8,1.4
Hazaribagh,2026,5,7,8,1.5
Islampur,2026,5,7,8,1.8
Jatrabari,2026,5,7,8,1.7
Kakrail,2026,5,7,8,1.6
Kallyanpur,2026,5,7,8,1.5
Kamalapur,2026,5,7,8,1.5
Karwan Bazar,2026,5,7,8,1.4
Kazipara,2026,5,7,8,1.6
Keraniganj,2026,5,7,8,1.8
Khilkhet,2026,5,7,8,1.6
Kuril,2026,5,7,8,1.4
Lalbagh,2026,5,7,8,1.7
Malibagh,2026,5,7,8,1.6
Mirpur-1,2026,5,7,8,1.6
Mirpur-10,2026,5,7,8,1.4
Mirpur-12,2026,5,7,8,1.7
Moghbazar,2026,5,7,8,1.8
Mohammadpur,2026,5,7,8,1.6
Mohakhali,2026,5,7,8,1.6
Motijheel,2026,5,7,8,1.7
Nakhalpara,2026,5,7,8,1.5
New Market,2026,5,7,8,1.4
Nikunja,2026,5,7,8,1.7
Pallabi,2026,5,7,8,1.6
Paltan,2026,5,7,8,1.7
Panthapath,2026,5,7,8,1.5
Postogola,2026,5,7,8,1.7
Ramna,2026,5,7,8,1.6
Rampura,2026,5,7,8,1.4
Sadarghat,2026,5,7,8,1.5
Science Lab,2026,5,7,8,1.5
Shahbagh,2026,5,7,8,1.7
Shewrapara,2026,5,7,8,1.8
Shyampur,2026,5,7,8,1.8
Sutrapur,2026,5,7,8,1.6
Tejgaon,2026,5,7,8,1.7
Uttara-1,2026,5,7,8,1.6
Uttara-3,2026,5,7,8,1.7
Uttara-7,2026,5,7,8,1.7
Wari,2026,5,7,8,1.7
Agargaon,2026,5,7,9,1.5
Airport,2026,5,7,9,1.5
Badda,2026,5,7,9,1.4
Banani,2026,5,7,9,1.6
Bangshal,2026,5,7,9,1.5
Baridhara,2026,5,7,9,1.6
Bashundhara,2026,5,7,9,1.4
Bijoynagar,2026,5,7,9,1.6
Chawk Bazar,2026,5,7,9,1.5
DOHS Mohakhali,2026,5,7,9,1.4
Demra,2026,5,7,9,1.4
Dhanmondi,2026,5,7,9,1.6
Elephant Road,2026,5,7,9,1.8
Eskaton,2026,5,7,9,1.5
Farmgate,2026,5,7,9,1.6
Gabtoli,2026,5,7,9,1.7
Green Road,2026,5,7,9,1.6
Gulshan-1,2026,5,7,9,1.7
Gulshan-2,2026,5,7,9,1.5
Hatirpool,2026,5,7,9,1.6
Hazaribagh,2026,5,7,9,1.7
Islampur,2026,5,7,9,1.6
Jatrabari,2026,5,7,9,1.7
Kakrail,2026,5,7,9,1.4
Kallyanpur,2026,5,7,9,1.6
Kamalapur,2026,5,7,9,1.7
Karwan Bazar,2026,5,7,9,1.4
Kazipara,2026,5,7,9,1.6
Keraniganj,2026,5,7,9,1.8
Khilkhet,2026,5,7,9,1.5
Kuril,2026,5,7,9,1.4
Lalbagh,2026,5,7,9,1.7
Malibagh,2026,5,7,9,1.6
Mirpur-1,2026,5,7,9,1.7
Mirpur-10,2026,5,7,9,1.7
Mirpur-12,2026,5,7,9,1.6
Moghbazar,2026,5,7,9,1.6
Mohammadpur,2026,5,7,9,1.5
Mohakhali,2026,5,7,9,1.6
Motijheel,2026,5,7,9,1.8
Nakhalpara,2026,5,7,9,1.6
New Market,2026,5,7,9,1.6
Nikunja,2026,5,7,9,1.4
Pallabi,2026,5,7,9,1.6
Paltan,2026,5,7,9,1.6
Panthapath,2026,5,7,9,1.4
Postogola,2026,5,7,9,1.5
Ramna,2026,5,7,9,1.5
Rampura,2026,5,7,9,1.8
Sadarghat,2026,5,7,9,1.4
Science Lab,2026,5,7,9,1.6
Shahbagh,2026,5,7,9,1.6
Shewrapara,2026,5,7,9,1.6
Shyampur,2026,5,7,9,1.6
Sutrapur,2026,5,7,9,1.4
Tejgaon,2026,5,7,9,1.7
Uttara-1,2026,5,7,9,1.5
Uttara-3,2026,5,7,9,1.7
Uttara-7,2026,5,7,9,1.5
Wari,2026,5,7,9,1.7
Agargaon,2026,5,7,10,1.7
Airport,2026,5,7,10,1.5
Badda,2026,5,7,10,1.6
Banani,2026,5,7,10,1.7
Bangshal,2026,5,7,10,1.8
Baridhara,2026,5,7,10,1.5
Bashundhara,2026,5,7,10,1.4
Bijoynagar,2026,5,7,10,1.5
Chawk Bazar,2026,5,7,10,1.5
DOHS Mohakhali,2026,5,7,10,1.5
Demra,2026,5,7,10,1.6
Dhanmondi,2026,5,7,10,1.6
Elephant Road,2026,5,7,10,1.5
Eskaton,2026,5,7,10,1.8
Farmgate,2026,5,7,10,1.6
Gabtoli,2026,5,7,10,1.7
Green Road,2026,5,7,10,1.4
Gulshan-1,2026,5,7,10,1.4
Gulshan-2,2026,5,7,10,1.6
Hatirpool,2026,5,7,10,1.5
Hazaribagh,2026,5,7,10,1.4
Islampur,2026,5,7,10,1.7
Jatrabari,2026,5,7,10,1.5
Kakrail,2026,5,7,10,1.6
Kallyanpur,2026,5,7,10,1.7
Kamalapur,2026,5,7,10,1.7
Karwan Bazar,2026,5,7,10,1.6
Kazipara,2026,5,7,10,1.8
Keraniganj,2026,5,7,10,1.5
Khilkhet,2026,5,7,10,1.7
Kuril,2026,5,7,10,1.6
Lalbagh,2026,5,7,10,1.5
Malibagh,2026,5,7,10,1.4
Mirpur-1,2026,5,7,10,1.5
Mirpur-10,2026,5,7,10,1.8
Mirpur-12,2026,5,7,10,1.4
Moghbazar,2026,5,7,10,1.8
Mohammadpur,2026,5,7,10,1.7
Mohakhali,2026,5,7,10,1.4
Motijheel,2026,5,7,10,1.7
Nakhalpara,2026,5,7,10,1.5
New Market,2026,5,7,10,1.8
Nikunja,2026,5,7,10,1.7
Pallabi,2026,5,7,10,1.6
Paltan,2026,5,7,10,1.7
Panthapath,2026,5,7,10,1.7
Postogola,2026,5,7,10,1.7
Ramna,2026,5,7,10,1.6
Rampura,2026,5,7,10,1.6
Sadarghat,2026,5,7,10,1.8
Science Lab,2026,5,7,10,1.7
Shahbagh,2026,5,7,10,1.7
Shewrapara,2026,5,7,10,1.6
Shyampur,2026,5,7,10,1.8
Sutrapur,2026,5,7,10,1.5
Tejgaon,2026,5,7,10,1.5
Uttara-1,2026,5,7,10,1.7
Uttara-3,2026,5,7,10,1.6
Uttara-7,2026,5,7,10,1.4
Wari,2026,5,7,10,1.7
Agargaon,2026,5,7,11,1.1
Airport,2026,5,7,11,1.0
Badda,2026,5,7,11,1.2
Banani,2026,5,7,11,1.1
Bangshal,2026,5,7,11,1.3
Baridhara,2026,5,7,11,1.3
Bashundhara,2026,5,7,11,1.1
Bijoynagar,2026,5,7,11,1.1
Chawk Bazar,2026,5,7,11,1.2
DOHS Mohakhali,2026,5,7,11,1.1
Demra,2026,5,7,11,1.0
Dhanmondi,2026,5,7,11,1.1
Elephant Road,2026,5,7,11,1.0
Eskaton,2026,5,7,11,1.1
Farmgate,2026,5,7,11,1.3
Gabtoli,2026,5,7,11,1.3
Green Road,2026,5,7,11,1.2
Gulshan-1,2026,5,7,11,1.1
Gulshan-2,2026,5,7,11,1.0
Hatirpool,2026,5,7,11,1.2
Hazaribagh,2026,5,7,11,1.3
Islampur,2026,5,7,11,1.3
Jatrabari,2026,5,7,11,1.2
Kakrail,2026,5,7,11,1.2
Kallyanpur,2026,5,7,11,1.0
Kamalapur,2026,5,7,11,1.1
Karwan Bazar,2026,5,7,11,1.1
Kazipara,2026,5,7,11,1.0
Keraniganj,2026,5,7,11,1.2
Khilkhet,2026,5,7,11,1.0
Kuril,2026,5,7,11,1.3
Lalbagh,2026,5,7,11,1.2
Malibagh,2026,5,7,11,1.2
Mirpur-1,2026,5,7,11,1.0
Mirpur-10,2026,5,7,11,1.0
Mirpur-12,2026,5,7,11,1.2
Moghbazar,2026,5,7,11,1.3
Mohammadpur,2026,5,7,11,1.2
Mohakhali,2026,5,7,11,1.1
Motijheel,2026,5,7,11,1.2
Nakhalpara,2026,5,7,11,1.0
New Market,2026,5,7,11,1.1
Nikunja,2026,5,7,11,1.1
Pallabi,2026,5,7,11,1.3
Paltan,2026,5,7,11,1.1
Panthapath,2026,5,7,11,1.2
Postogola,2026,5,7,11,1.1
Ramna,2026,5,7,11,1.3
Rampura,2026,5,7,11,1.2
Sadarghat,2026,5,7,11,1.2
Science Lab,2026,5,7,11,1.1
Shahbagh,2026,5,7,11,1.1
Shewrapara,2026,5,7,11,1.0
Shyampur,2026,5,7,11,1.1
Sutrapur,2026,5,7,11,1.1
Tejgaon,2026,5,7,11,1.1
Uttara-1,2026,5,7,11,1.0
Uttara-3,2026,5,7,11,1.1
Uttara-7,2026,5,7,11,1.2
Wari,2026,5,7,11,1.3
Agargaon,2026,5,7,12,1.1
Airport,2026,5,7,12,1.1
Badda,2026,5,7,12,1.1
Banani,2026,5,7,12,1.1
Bangshal,2026,5,7,12,1.1
Baridhara,2026,5,7,12,1.2
Bashundhara,2026,5,7,12,1.0
Bijoynagar,2026,5,7,12,1.1
Chawk Bazar,2026,5,7,12,1.0
DOHS Mohakhali,2026,5,7,12,1.0
Demra,2026,5,7,12,1.2
Dhanmondi,2026,5,7,12,1.3
Elephant Road,2026,5,7,12,1.2
Eskaton,2026,5,7,12,1.1
Farmgate,2026,5,7,12,1.0
Gabtoli,2026,5,7,12,1.2
Green Road,2026,5,7,12,1.2
Gulshan-1,2026,5,7,12,1.1
Gulshan-2,2026,5,7,12,1.3
Hatirpool,2026,5,7,12,1.2
Hazaribagh,2026,5,7,12,1.2
Islampur,2026,5,7,12,1.1
Jatrabari,2026,5,7,12,1.2
Kakrail,2026,5,7,12,1.3
Kallyanpur,2026,5,7,12,1.2
Kamalapur,2026,5,7,12,1.2
Karwan Bazar,2026,5,7,12,1.2
Kazipara,2026,5,7,12,1.1
Keraniganj,2026,5,7,12,1.1
Khilkhet,2026,5,7,12,1.0
Kuril,2026,5,7,12,1.0
Lalbagh,2026,5,7,12,1.3
Malibagh,2026,5,7,12,1.2
Mirpur-1,2026,5,7,12,1.1
Mirpur-10,2026,5,7,12,1.2
Mirpur-12,2026,5,7,12,1.2
Moghbazar,2026,5,7,12,1.1
Mohammadpur,2026,5,7,12,1.2
Mohakhali,2026,5,7,12,1.1
Motijheel,2026,5,7,12,1.3
Nakhalpara,2026,5,7,12,1.3
New Market,2026,5,7,12,1.1
Nikunja,2026,5,7,12,1.2
Pallabi,2026,5,7,12,1.2
Paltan,2026,5,7,12,1.2
Panthapath,2026,5,7,12,1.2
Postogola,2026,5,7,12,1.0
Ramna,2026,5,7,12,1.1
Rampura,2026,5,7,12,1.1
Sadarghat,2026,5,7,12,1.0
Science Lab,2026,5,7,12,1.2
Shahbagh,2026,5,7,12,1.3
Shewrapara,2026,5,7,12,1.0
Shyampur,2026,5,7,12,1.1
Sutrapur,2026,5,7,12,1.1
Tejgaon,2026,5,7,12,1.2
Uttara-1,2026,5,7,12,1.0
Uttara-3,2026,5,7,12,1.0
Uttara-7,2026,5,7,12,1.3
Wari,2026,5,7,12,1.1
Agargaon,2026,5,7,13,1.3
Airport,2026,5,7,13,1.1
Badda,2026,5,7,13,1.2
Banani,2026,5,7,13,1.1
Bangshal,2026,5,7,13,1.2
Baridhara,2026,5,7,13,1.0
Bashundhara,2026,5,7,13,1.1
Bijoynagar,2026,5,7,13,1.1
Chawk Bazar,2026,5,7,13,1.1
DOHS Mohakhali,2026,5,7,13,1.1
Demra,2026,5,7,13,1.2
Dhanmondi,2026,5,7,13,1.0
Elephant Road,2026,5,7,13,1.3
Eskaton,2026,5,7,13,1.2
Farmgate,2026,5,7,13,1.1
Gabtoli,2026,5,7,13,1.2
Green Road,2026,5,7,13,1.3
Gulshan-1,2026,5,7,13,1.0
Gulshan-2,2026,5,7,13,1.0
Hatirpool,2026,5,7,13,1.2
Hazaribagh,2026,5,7,13,1.2
Islampur,2026,5,7,13,1.2
Jatrabari,2026,5,7,13,1.1
Kakrail,2026,5,7,13,1.0
Kallyanpur,2026,5,7,13,1.2
Kamalapur,2026,5,7,13,1.3
Karwan Bazar,2026,5,7,13,1.2
Kazipara,2026,5,7,13,1.3
Keraniganj,2026,5,7,13,1.1
Khilkhet,2026,5,7,13,1.3
Kuril,2026,5,7,13,1.3
Lalbagh,2026,5,7,13,1.0
Malibagh,2026,5,7,13,1.2
Mirpur-1,2026,5,7,13,1.2
Mirpur-10,2026,5,7,13,1.1
Mirpur-12,2026,5,7,13,1.0
Moghbazar,2026,5,7,13,1.2
Mohammadpur,2026,5,7,13,1.2
Mohakhali,2026,5,7,13,1.1
Motijheel,2026,5,7,13,1.3
Nakhalpara,2026,5,7,13,1.0
New Market,2026,5,7,13,1.1
Nikunja,2026,5,7,13,1.1
Pallabi,2026,5,7,13,1.1
Paltan,2026,5,7,13,1.2
Panthapath,2026,5,7,13,1.2
Postogola,2026,5,7,13,1.1
Ramna,2026,5,7,13,1.0
Rampura,2026,5,7,13,1.1
Sadarghat,2026,5,7,13,1.2
Science Lab,2026,5,7,13,1.1
Shahbagh,2026,5,7,13,1.3
Shewrapara,2026,5,7,13,1.0
Shyampur,2026,5,7,13,1.2
Sutrapur,2026,5,7,13,1.2
Tejgaon,2026,5,7,13,1.2
Uttara-1,2026,5,7,13,1.2
Uttara-3,2026,5,7,13,1.1
Uttara-7,2026,5,7,13,1.2
Wari,2026,5,7,13,1.3
Agargaon,2026,5,7,14,1.1
Airport,2026,5,7,14,1.1
Badda,2026,5,7,14,1.2
Banani,2026,5,7,14,1.2
Bangshal,2026,5,7,14,1.2
Baridhara,2026,5,7,14,1.2
Bashundhara,2026,5,7,14,1.3
Bijoynagar,2026,5,7,14,1.3
Chawk Bazar,2026,5,7,14,1.3
DOHS Mohakhali,2026,5,7,14,1.1
Demra,2026,5,7,14,1.1
Dhanmondi,2026,5,7,14,1.1
Elephant Road,2026,5,7,14,1.2
Eskaton,2026,5,7,14,1.3
Farmgate,2026,5,7,14,1.3
Gabtoli,2026,5,7,14,1.2
Green Road,2026,5,7,14,1.2
Gulshan-1,2026,5,7,14,1.2
Gulshan-2,2026,5,7,14,1.3
Hatirpool,2026,5,7,14,1.1
Hazaribagh,2026,5,7,14,1.0
Islampur,2026,5,7,14,1.2
Jatrabari,2026,5,7,14,1.1
Kakrail,2026,5,7,14,1.2
Kallyanpur,2026,5,7,14,1.1
Kamalapur,2026,5,7,14,1.3
Karwan Bazar,2026,5,7,14,1.1
Kazipara,2026,5,7,14,1.2
Keraniganj,2026,5,7,14,1.3
Khilkhet,2026,5,7,14,1.3
Kuril,2026,5,7,14,1.2
Lalbagh,2026,5,7,14,1.2
Malibagh,2026,5,7,14,1.3
Mirpur-1,2026,5,7,14,1.0
Mirpur-10,2026,5,7,14,1.1
Mirpur-12,2026,5,7,14,1.2
Moghbazar,2026,5,7,14,1.2
Mohammadpur,2026,5,7,14,1.3
Mohakhali,2026,5,7,14,1.1
Motijheel,2026,5,7,14,1.2
Nakhalpara,2026,5,7,14,1.3
New Market,2026,5,7,14,1.2
Nikunja,2026,5,7,14,1.2
Pallabi,2026,5,7,14,1.1
Paltan,2026,5,7,14,1.0
Panthapath,2026,5,7,14,1.2
Postogola,2026,5,7,14,1.2
Ramna,2026,5,7,14,1.3
Rampura,2026,5,7,14,1.2
Sadarghat,2026,5,7,14,1.2
Science Lab,2026,5,7,14,1.2
Shahbagh,2026,5,7,14,1.2
Shewrapara,2026,5,7,14,1.3
Shyampur,2026,5,7,14,1.1
Sutrapur,2026,5,7,14,1.0
Tejgaon,2026,5,7,14,1.1
Uttara-1,2026,5,7,14,1.2
Uttara-3,2026,5,7,14,1.1
Uttara-7,2026,5,7,14,1.1
Wari,2026,5,7,14,1.0
Agargaon,2026,5,7,15,1.2
Airport,2026,5,7,15,1.1
Badda,2026,5,7,15,1.0
Banani,2026,5,7,15,1.2
Bangshal,2026,5,7,15,1.3
Baridhara,2026,5,7,15,1.1
Bashundhara,2026,5,7,15,1.2
Bijoynagar,2026,5,7,15,1.1
Chawk Bazar,2026,5,7,15,1.2
DOHS Mohakhali,2026,5,7,15,1.0
Demra,2026,5,7,15,1.0
Dhanmondi,2026,5,7,15,1.0
Elephant Road,2026,5,7,15,1.2
Eskaton,2026,5,7,15,1.3
Farmgate,2026,5,7,15,1.1
Gabtoli,2026,5,7,15,1.3
Green Road,2026,5,7,15,1.2
Gulshan-1,2026,5,7,15,1.2
Gulshan-2,2026,5,7,15,1.3
Hatirpool,2026,5,7,15,1.3
Hazaribagh,2026,5,7,15,1.0
Islampur,2026,5,7,15,1.2
Jatrabari,2026,5,7,15,1.2
Kakrail,2026,5,7,15,1.1
Kallyanpur,2026,5,7,15,1.3
Kamalapur,2026,5,7,15,1.0
Karwan Bazar,2026,5,7,15,1.1
Kazipara,2026,5,7,15,1.1
Keraniganj,2026,5,7,15,1.0
Khilkhet,2026,5,7,15,1.0
Kuril,2026,5,7,15,1.1
Lalbagh,2026,5,7,15,1.1
Malibagh,2026,5,7,15,1.1
Mirpur-1,2026,5,7,15,1.1
Mirpur-10,2026,5,7,15,1.2
Mirpur-12,2026,5,7,15,1.2
Moghbazar,2026,5,7,15,1.2
Mohammadpur,2026,5,7,15,1.1
Mohakhali,2026,5,7,15,1.2
Motijheel,2026,5,7,15,1.2
Nakhalpara,2026,5,7,15,1.2
New Market,2026,5,7,15,1.2
Nikunja,2026,5,7,15,1.2
Pallabi,2026,5,7,15,1.0
Paltan,2026,5,7,15,1.2
Panthapath,2026,5,7,15,1.3
Postogola,2026,5,7,15,1.3
Ramna,2026,5,7,15,1.1
Rampura,2026,5,7,15,1.1
Sadarghat,2026,5,7,15,1.0
Science Lab,2026,5,7,15,1.3
Shahbagh,2026,5,7,15,1.2
Shewrapara,2026,5,7,15,1.1
Shyampur,2026,5,7,15,1.2
Sutrapur,2026,5,7,15,1.1
Tejgaon,2026,5,7,15,1.0
Uttara-1,2026,5,7,15,1.2
Uttara-3,2026,5,7,15,1.1
Uttara-7,2026,5,7,15,1.1
Wari,2026,5,7,15,1.1
Agargaon,2026,5,7,16,1.0
Airport,2026,5,7,16,1.1
Badda,2026,5,7,16,1.2
Banani,2026,5,7,16,1.0
Bangshal,2026,5,7,16,1.2
Baridhara,2026,5,7,16,1.1
Bashundhara,2026,5,7,16,1.1
Bijoynagar,2026,5,7,16,1.0
Chawk Bazar,2026,5,7,16,1.2
DOHS Mohakhali,2026,5,7,16,1.2
Demra,2026,5,7,16,1.1
Dhanmondi,2026,5,7,16,1.1
Elephant Road,2026,5,7,16,1.1
Eskaton,2026,5,7,16,1.1
Farmgate,2026,5,7,16,1.2
Gabtoli,2026,5,7,16,1.3
Green Road,2026,5,7,16,1.3
Gulshan-1,2026,5,7,16,1.0
Gulshan-2,2026,5,7,16,1.3
Hatirpool,2026,5,7,16,1.0
Hazaribagh,2026,5,7,16,1.3
Islampur,2026,5,7,16,1.3
Jatrabari,2026,5,7,16,1.3
Kakrail,2026,5,7,16,1.0
Kallyanpur,2026,5,7,16,1.0
Kamalapur,2026,5,7,16,1.3
Karwan Bazar,2026,5,7,16,1.1
Kazipara,2026,5,7,16,1.1
Keraniganj,2026,5,7,16,1.3
Khilkhet,2026,5,7,16,1.2
Kuril,2026,5,7,16,1.0
Lalbagh,2026,5,7,16,1.2
Malibagh,2026,5,7,16,1.3
Mirpur-1,2026,5,7,16,1.1
Mirpur-10,2026,5,7,16,1.1
Mirpur-12,2026,5,7,16,1.2
Moghbazar,2026,5,7,16,1.0
Mohammadpur,2026,5,7,16,1.1
Mohakhali,2026,5,7,16,1.1
Motijheel,2026,5,7,16,1.3
Nakhalpara,2026,5,7,16,1.2
New Market,2026,5,7,16,1.0
Nikunja,2026,5,7,16,1.2
Pallabi,2026,5,7,16,1.2
Paltan,2026,5,7,16,1.3
Panthapath,2026,5,7,16,1.2
Postogola,2026,5,7,16,1.1
Ramna,2026,5,7,16,1.1
Rampura,2026,5,7,16,1.0
Sadarghat,2026,5,7,16,1.3
Science Lab,2026,5,7,16,1.1
Shahbagh,2026,5,7,16,1.3
Shewrapara,2026,5,7,16,1.1
Shyampur,2026,5,7,16,1.1
Sutrapur,2026,5,7,16,1.2
Tejgaon,2026,5,7,16,1.1
Uttara-1,2026,5,7,16,1.1
Uttara-3,2026,5,7,16,1.1
Uttara-7,2026,5,7,16,1.3
Wari,2026,5,7,16,1.3
Agargaon,2026,5,7,17,1.5
Airport,2026,5,7,17,1.9
Badda,2026,5,7,17,1.6
Banani,2026,5,7,17,1.9
Bangshal,2026,5,7,17,1.9
Baridhara,2026,5,7,17,1.7
Bashundhara,2026,5,7,17,1.9
Bijoynagar,2026,5,7,17,1.9
Chawk Bazar,2026,5,7,17,1.6
DOHS Mohakhali,2026,5,7,17,2.0
Demra,2026,5,7,17,1.8
Dhanmondi,2026,5,7,17,1.9
Elephant Road,2026,5,7,17,1.7
Eskaton,2026,5,7,17,1.8
Farmgate,2026,5,7,17,1.8
Gabtoli,2026,5,7,17,1.8
Green Road,2026,5,7,17,2.0
Gulshan-1,2026,5,7,17,1.9
Gulshan-2,2026,5,7,17,1.9
Hatirpool,2026,5,7,17,2.0
Hazaribagh,2026,5,7,17,2.0
Islampur,2026,5,7,17,1.8
Jatrabari,2026,5,7,17,1.7
Kakrail,2026,5,7,17,1.6
Kallyanpur,2026,5,7,17,1.6
Kamalapur,2026,5,7,17,1.7
Karwan Bazar,2026,5,7,17,1.7
Kazipara,2026,5,7,17,1.7
Keraniganj,2026,5,7,17,1.8
Khilkhet,2026,5,7,17,1.8
Kuril,2026,5,7,17,1.6
Lalbagh,2026,5,7,17,1.6
Malibagh,2026,5,7,17,1.6
Mirpur-1,2026,5,7,17,1.8
Mirpur-10,2026,5,7,17,1.8
Mirpur-12,2026,5,7,17,1.7
Moghbazar,2026,5,7,17,1.9
Mohammadpur,2026,5,7,17,1.9
Mohakhali,2026,5,7,17,1.6
Motijheel,2026,5,7,17,1.8
Nakhalpara,2026,5,7,17,1.6
New Market,2026,5,7,17,2.0
Nikunja,2026,5,7,17,1.5
Pallabi,2026,5,7,17,1.7
Paltan,2026,5,7,17,1.7
Panthapath,2026,5,7,17,1.5
Postogola,2026,5,7,17,1.6
Ramna,2026,5,7,17,1.7
Rampura,2026,5,7,17,1.8
Sadarghat,2026,5,7,17,1.6
Science Lab,2026,5,7,17,1.7
Shahbagh,2026,5,7,17,1.8
Shewrapara,2026,5,7,17,1.6
Shyampur,2026,5,7,17,1.7
Sutrapur,2026,5,7,17,1.9
Tejgaon,2026,5,7,17,1.9
Uttara-1,2026,5,7,17,1.8
Uttara-3,2026,5,7,17,2.0
Uttara-7,2026,5,7,17,1.9
Wari,2026,5,7,17,1.9
Agargaon,2026,5,7,18,1.7
Airport,2026,5,7,18,1.5
Badda,2026,5,7,18,1.9
Banani,2026,5,7,18,2.0
Bangshal,2026,5,7,18,2.0
Baridhara,2026,5,7,18,1.7
Bashundhara,2026,5,7,18,2.0
Bijoynagar,2026,5,7,18,1.9
Chawk Bazar,2026,5,7,18,1.6
DOHS Mohakhali,2026,5,7,18,1.8
Demra,2026,5,7,18,1.9
Dhanmondi,2026,5,7,18,1.9
Elephant Road,2026,5,7,18,1.8
Eskaton,2026,5,7,18,1.9
Farmgate,2026,5,7,18,1.7
Gabtoli,2026,5,7,18,1.6
Green Road,2026,5,7,18,2.0
Gulshan-1,2026,5,7,18,2.0
Gulshan-2,2026,5,7,18,1.9
Hatirpool,2026,5,7,18,1.7
Hazaribagh,2026,5,7,18,1.5
Islampur,2026,5,7,18,1.7
Jatrabari,2026,5,7,18,2.0
Kakrail,2026,5,7,18,1.6
Kallyanpur,2026,5,7,18,1.8
Kamalapur,2026,5,7,18,1.5
Karwan Bazar,2026,5,7,18,1.6
Kazipara,2026,5,7,18,1.7
Keraniganj,2026,5,7,18,1.9
Khilkhet,2026,5,7,18,2.0
Kuril,2026,5,7,18,1.9
Lalbagh,2026,5,7,18,1.6
Malibagh,2026,5,7,18,1.5
Mirpur-1,2026,5,7,18,1.9
Mirpur-10,2026,5,7,18,1.9
Mirpur-12,2026,5,7,18,1.9
Moghbazar,2026,5,7,18,1.5
Mohammadpur,2026,5,7,18,1.6
Mohakhali,2026,5,7,18,1.9
Motijheel,2026,5,7,18,1.5
Nakhalpara,2026,5,7,18,2.0
New Market,2026,5,7,18,1.9
Nikunja,2026,5,7,18,1.5
Pallabi,2026,5,7,18,1.7
Paltan,2026,5,7,18,1.9
Panthapath,2026,5,7,18,2.0
Postogola,2026,5,7,18,1.7
Ramna,2026,5,7,18,1.7
Rampura,2026,5,7,18,1.9
Sadarghat,2026,5,7,18,2.0
Science Lab,2026,5,7,18,1.7
Shahbagh,2026,5,7,18,1.5
Shewrapara,2026,5,7,18,1.8
Shyampur,2026,5,7,18,1.8
Sutrapur,2026,5,7,18,1.7
Tejgaon,2026,5,7,18,1.6
Uttara-1,2026,5,7,18,2.0
Uttara-3,2026,5,7,18,1.9
Uttara-7,2026,5,7,18,1.8
Wari,2026,5,7,18,2.0
Agargaon,2026,5,7,19,1.8
Airport,2026,5,7,19,1.9
Badda,2026,5,7,19,2.0
Banani,2026,5,7,19,1.6
Bangshal,2026,5,7,19,1.6
Baridhara,2026,5,7,19,1.8
Bashundhara,2026,5,7,19,1.7
Bijoynagar,2026,5,7,19,1.7
Chawk Bazar,2026,5,7,19,1.7
DOHS Mohakhali,2026,5,7,19,1.5
Demra,2026,5,7,19,1.9
Dhanmondi,2026,5,7,19,1.8
Elephant Road,2026,5,7,19,1.8
Eskaton,2026,5,7,19,1.7
Farmgate,2026,5,7,19,1.7
Gabtoli,2026,5,7,19,1.5
Green Road,2026,5,7,19,2.0
Gulshan-1,2026,5,7,19,1.9
Gulshan-2,2026,5,7,19,1.6
Hatirpool,2026,5,7,19,1.7
Hazaribagh,2026,5,7,19,1.9
Islampur,2026,5,7,19,1.7
Jatrabari,2026,5,7,19,1.8
Kakrail,2026,5,7,19,1.9
Kallyanpur,2026,5,7,19,1.8
Kamalapur,2026,5,7,19,1.8
Karwan Bazar,2026,5,7,19,1.7
Kazipara,2026,5,7,19,1.7
Keraniganj,2026,5,7,19,1.8
Khilkhet,2026,5,7,19,1.9
Kuril,2026,5,7,19,1.7
Lalbagh,2026,5,7,19,1.9
Malibagh,2026,5,7,19,1.8
Mirpur-1,2026,5,7,19,1.7
Mirpur-10,2026,5,7,19,1.9
Mirpur-12,2026,5,7,19,1.8
Moghbazar,2026,5,7,19,1.9
Mohammadpur,2026,5,7,19,1.6
Mohakhali,2026,5,7,19,1.5
Motijheel,2026,5,7,19,1.8
Nakhalpara,2026,5,7,19,1.7
New Market,2026,5,7,19,1.9
Nikunja,2026,5,7,19,1.6
Pallabi,2026,5,7,19,1.9
Paltan,2026,5,7,19,1.5
Panthapath,2026,5,7,19,1.7
Postogola,2026,5,7,19,1.8
Ramna,2026,5,7,19,1.8
Rampura,2026,5,7,19,2.0
Sadarghat,2026,5,7,19,1.5
Science Lab,2026,5,7,19,1.9
Shahbagh,2026,5,7,19,1.8
Shewrapara,2026,5,7,19,1.7
Shyampur,2026,5,7,19,1.6
Sutrapur,2026,5,7,19,1.7
Tejgaon,2026,5,7,19,1.5
Uttara-1,2026,5,7,19,1.5
Uttara-3,2026,5,7,19,1.7
Uttara-7,2026,5,7,19,1.6
Wari,2026,5,7,19,1.8
Agargaon,2026,5,7,20,2.0
Airport,2026,5,7,20,1.7
Badda,2026,5,7,20,1.8
Banani,2026,5,7,20,1.8
Bangshal,2026,5,7,20,2.0
Baridhara,2026,5,7,20,1.7
Bashundhara,2026,5,7,20,1.8
Bijoynagar,2026,5,7,20,1.5
Chawk Bazar,2026,5,7,20,2.0
DOHS Mohakhali,2026,5,7,20,2.0
Demra,2026,5,7,20,1.9
Dhanmondi,2026,5,7,20,1.6
Elephant Road,2026,5,7,20,1.5
Eskaton,2026,5,7,20,1.9
Farmgate,2026,5,7,20,1.7
Gabtoli,2026,5,7,20,2.0
Green Road,2026,5,7,20,1.7
Gulshan-1,2026,5,7,20,1.5
Gulshan-2,2026,5,7,20,1.8
Hatirpool,2026,5,7,20,1.7
Hazaribagh,2026,5,7,20,1.6
Islampur,2026,5,7,20,1.8
Jatrabari,2026,5,7,20,1.7
Kakrail,2026,5,7,20,1.7
Kallyanpur,2026,5,7,20,1.7
Kamalapur,2026,5,7,20,1.8
Karwan Bazar,2026,5,7,20,1.9
Kazipara,2026,5,7,20,1.7
Keraniganj,2026,5,7,20,1.6
Khilkhet,2026,5,7,20,1.6
Kuril,2026,5,7,20,1.8
Lalbagh,2026,5,7,20,1.6
Malibagh,2026,5,7,20,2.0
Mirpur-1,2026,5,7,20,1.8
Mirpur-10,2026,5,7,20,1.9
Mirpur-12,2026,5,7,20,1.7
Moghbazar,2026,5,7,20,1.6
Mohammadpur,2026,5,7,20,1.8
Mohakhali,2026,5,7,20,1.8
Motijheel,2026,5,7,20,1.5
Nakhalpara,2026,5,7,20,1.7
New Market,2026,5,7,20,1.7
Nikunja,2026,5,7,20,1.9
Pallabi,2026,5,7,20,1.7
Paltan,2026,5,7,20,2.0
Panthapath,2026,5,7,20,1.5
Postogola,2026,5,7,20,1.9
Ramna,2026,5,7,20,1.6
Rampura,2026,5,7,20,1.9
Sadarghat,2026,5,7,20,1.8
Science Lab,2026,5,7,20,1.9
Shahbagh,2026,5,7,20,1.9
Shewrapara,2026,5,7,20,2.0
Shyampur,2026,5,7,20,2.0
Sutrapur,2026,5,7,20,1.8
Tejgaon,2026,5,7,20,1.8
Uttara-1,2026,5,7,20,1.5
Uttara-3,2026,5,7,20,1.9
Uttara-7,2026,5,7,20,1.8
Wari,2026,5,7,20,1.5
Agargaon,2026,5,7,21,1.9
Airport,2026,5,7,21,1.9
Badda,2026,5,7,21,2.0
Banani,2026,5,7,21,1.9
Bangshal,2026,5,7,21,1.7
Baridhara,2026,5,7,21,1.8
Bashundhara,2026,5,7,21,1.8
Bijoynagar,2026,5,7,21,1.9
Chawk Bazar,2026,5,7,21,1.5
DOHS Mohakhali,2026,5,7,21,1.6
Demra,2026,5,7,21,1.7
Dhanmondi,2026,5,7,21,1.5
Elephant Road,2026,5,7,21,1.9
Eskaton,2026,5,7,21,1.8
Farmgate,2026,5,7,21,1.7
Gabtoli,2026,5,7,21,1.9
Green Road,2026,5,7,21,1.6
Gulshan-1,2026,5,7,21,1.8
Gulshan-2,2026,5,7,21,1.6
Hatirpool,2026,5,7,21,1.7
Hazaribagh,2026,5,7,21,1.6
Islampur,2026,5,7,21,1.7
Jatrabari,2026,5,7,21,1.5
Kakrail,2026,5,7,21,1.6
Kallyanpur,2026,5,7,21,1.5
Kamalapur,2026,5,7,21,1.5
Karwan Bazar,2026,5,7,21,1.8
Kazipara,2026,5,7,21,1.9
Keraniganj,2026,5,7,21,1.5
Khilkhet,2026,5,7,21,1.7
Kuril,2026,5,7,21,1.8
Lalbagh,2026,5,7,21,2.0
Malibagh,2026,5,7,21,1.7
Mirpur-1,2026,5,7,21,1.9
Mirpur-10,2026,5,7,21,1.6
Mirpur-12,2026,5,7,21,1.8
Moghbazar,2026,5,7,21,1.6
Mohammadpur,2026,5,7,21,1.8
Mohakhali,2026,5,7,21,2.0
Motijheel,2026,5,7,21,1.6
Nakhalpara,2026,5,7,21,1.7
New Market,2026,5,7,21,1.9
Nikunja,2026,5,7,21,1.5
Pallabi,2026,5,7,21,1.6
Paltan,2026,5,7,21,1.7
Panthapath,2026,5,7,21,1.6
Postogola,2026,5,7,21,1.6
Ramna,2026,5,7,21,1.6
Rampura,2026,5,7,21,1.7
Sadarghat,2026,5,7,21,1.6
Science Lab,2026,5,7,21,1.9
Shahbagh,2026,5,7,21,1.7
Shewrapara,2026,5,7,21,1.9
Shyampur,2026,5,7,21,1.8
Sutrapur,2026,5,7,21,1.7
Tejgaon,2026,5,7,21,1.7
Uttara-1,2026,5,7,21,1.7
Uttara-3,2026,5,7,21,1.8
Uttara-7,2026,5,7,21,2.0
Wari,2026,5,7,21,1.9
Agargaon,2026,5,7,22,1.3
Airport,2026,5,7,22,1.0
Badda,2026,5,7,22,1.1
Banani,2026,5,7,22,1.0
Bangshal,2026,5,7,22,1.2
Baridhara,2026,5,7,22,1.1
Bashundhara,2026,5,7,22,1.1
Bijoynagar,2026,5,7,22,1.1
Chawk Bazar,2026,5,7,22,1.2
DOHS Mohakhali,2026,5,7,22,1.1
Demra,2026,5,7,22,1.2
Dhanmondi,2026,5,7,22,1.2
Elephant Road,2026,5,7,22,1.0
Eskaton,2026,5,7,22,1.1
Farmgate,2026,5,7,22,1.2
Gabtoli,2026,5,7,22,1.1
Green Road,2026,5,7,22,1.3
Gulshan-1,2026,5,7,22,1.1
Gulshan-2,2026,5,7,22,1.1
Hatirpool,2026,5,7,22,1.3
Hazaribagh,2026,5,7,22,1.2
Islampur,2026,5,7,22,1.0
Jatrabari,2026,5,7,22,1.2
Kakrail,2026,5,7,22,1.3
Kallyanpur,2026,5,7,22,1.0
Kamalapur,2026,5,7,22,1.2
Karwan Bazar,2026,5,7,22,1.2
Kazipara,2026,5,7,22,1.0
Keraniganj,2026,5,7,22,1.2
Khilkhet,2026,5,7,22,1.1
Kuril,2026,5,7,22,1.2
Lalbagh,2026,5,7,22,1.3
Malibagh,2026,5,7,22,1.1
Mirpur-1,2026,5,7,22,1.0
Mirpur-10,2026,5,7,22,1.2
Mirpur-12,2026,5,7,22,1.2
Moghbazar,2026,5,7,22,1.0
Mohammadpur,2026,5,7,22,1.0
Mohakhali,2026,5,7,22,1.0
Motijheel,2026,5,7,22,1.1
Nakhalpara,2026,5,7,22,1.3
New Market,2026,5,7,22,1.0
Nikunja,2026,5,7,22,1.3
Pallabi,2026,5,7,22,1.1
Paltan,2026,5,7,22,1.1
Panthapath,2026,5,7,22,1.1
Postogola,2026,5,7,22,1.0
Ramna,2026,5,7,22,1.1
Rampura,2026,5,7,22,1.2
Sadarghat,2026,5,7,22,1.2
Science Lab,2026,5,7,22,1.3
Shahbagh,2026,5,7,22,1.1
Shewrapara,2026,5,7,22,1.1
Shyampur,2026,5,7,22,1.1
Sutrapur,2026,5,7,22,1.1
Tejgaon,2026,5,7,22,1.2
Uttara-1,2026,5,7,22,1.1
Uttara-3,2026,5,7,22,1.1
Uttara-7,2026,5,7,22,1.1
Wari,2026,5,7,22,1.2
Agargaon,2026,5,7,23,1.2
Airport,2026,5,7,23,1.3
Badda,2026,5,7,23,1.1
Banani,2026,5,7,23,1.3
Bangshal,2026,5,7,23,1.2
Baridhara,2026,5,7,23,1.2
Bashundhara,2026,5,7,23,1.1
Bijoynagar,2026,5,7,23,1.2
Chawk Bazar,2026,5,7,23,1.2
DOHS Mohakhali,2026,5,7,23,1.2
Demra,2026,5,7,23,1.1
Dhanmondi,2026,5,7,23,1.1
Elephant Road,2026,5,7,23,1.2
Eskaton,2026,5,7,23,1.1
Farmgate,2026,5,7,23,1.2
Gabtoli,2026,5,7,23,1.2
Green Road,2026,5,7,23,1.2
Gulshan-1,2026,5,7,23,1.2
Gulshan-2,2026,5,7,23,1.3
Hatirpool,2026,5,7,23,1.2
Hazaribagh,2026,5,7,23,1.3
Islampur,2026,5,7,23,1.1
Jatrabari,2026,5,7,23,1.3
Kakrail,2026,5,7,23,1.1
Kallyanpur,2026,5,7,23,1.0
Kamalapur,2026,5,7,23,1.3
Karwan Bazar,2026,5,7,23,1.2
Kazipara,2026,5,7,23,1.2
Keraniganj,2026,5,7,23,1.1
Khilkhet,2026,5,7,23,1.1
Kuril,2026,5,7,23,1.3
Lalbagh,2026,5,7,23,1.2
Malibagh,2026,5,7,23,1.1
Mirpur-1,2026,5,7,23,1.1
Mirpur-10,2026,5,7,23,1.2
Mirpur-12,2026,5,7,23,1.1
Moghbazar,2026,5,7,23,1.0
Mohammadpur,2026,5,7,23,1.1
Mohakhali,2026,5,7,23,1.2
Motijheel,2026,5,7,23,1.1
Nakhalpara,2026,5,7,23,1.1
New Market,2026,5,7,23,1.3
Nikunja,2026,5,7,23,1.2
Pallabi,2026,5,7,23,1.3
Paltan,2026,5,7,23,1.2
Panthapath,2026,5,7,23,1.2
Postogola,2026,5,7,23,1.2
Ramna,2026,5,7,23,1.1
Rampura,2026,5,7,23,1.3
Sadarghat,2026,5,7,23,1.2
Science Lab,2026,5,7,23,1.3
Shahbagh,2026,5,7,23,1.3
Shewrapara,2026,5,7,23,1.1
Shyampur,2026,5,7,23,1.1
Sutrapur,2026,5,7,23,1.1
Tejgaon,2026,5,7,23,1.2
Uttara-1,2026,5,7,23,1.1
Uttara-3,2026,5,7,23,1.1
Uttara-7,2026,5,7,23,1.0
Wari,2026,5,7,23,1.2
Agargaon,2026,5,8,0,1.2
Airport,2026,5,8,0,1.1
Badda,2026,5,8,0,1.3
Banani,2026,5,8,0,1.0
Bangshal,2026,5,8,0,1.1
Baridhara,2026,5,8,0,1.3
Bashundhara,2026,5,8,0,1.2
Bijoynagar,2026,5,8,0,1.0
Chawk Bazar,2026,5,8,0,1.2
DOHS Mohakhali,2026,5,8,0,1.2
Demra,2026,5,8,0,1.2
Dhanmondi,2026,5,8,0,1.2
Elephant Road,2026,5,8,0,1.0
Eskaton,2026,5,8,0,1.3
Farmgate,2026,5,8,0,1.2
Gabtoli,2026,5,8,0,1.0
Green Road,2026,5,8,0,1.2
Gulshan-1,2026,5,8,0,1.1
Gulshan-2,2026,5,8,0,1.1
Hatirpool,2026,5,8,0,1.1
Hazaribagh,2026,5,8,0,1.2
Islampur,2026,5,8,0,1.3
Jatrabari,2026,5,8,0,1.2
Kakrail,2026,5,8,0,1.3
Kallyanpur,2026,5,8,0,1.2
Kamalapur,2026,5,8,0,1.3
Karwan Bazar,2026,5,8,0,1.1
Kazipara,2026,5,8,0,1.2
Keraniganj,2026,5,8,0,1.3
Khilkhet,2026,5,8,0,1.2
Kuril,2026,5,8,0,1.0
Lalbagh,2026,5,8,0,1.0
Malibagh,2026,5,8,0,1.3
Mirpur-1,2026,5,8,0,1.1
Mirpur-10,2026,5,8,0,1.1
Mirpur-12,2026,5,8,0,1.2
Moghbazar,2026,5,8,0,1.1
Mohammadpur,2026,5,8,0,1.1
Mohakhali,2026,5,8,0,1.2
Motijheel,2026,5,8,0,1.3
Nakhalpara,2026,5,8,0,1.1
New Market,2026,5,8,0,1.0
Nikunja,2026,5,8,0,1.2
Pallabi,2026,5,8,0,1.0
Paltan,2026,5,8,0,1.3
Panthapath,2026,5,8,0,1.2
Postogola,2026,5,8,0,1.2
Ramna,2026,5,8,0,1.3
Rampura,2026,5,8,0,1.0
Sadarghat,2026,5,8,0,1.2
Science Lab,2026,5,8,0,1.1
Shahbagh,2026,5,8,0,1.1
Shewrapara,2026,5,8,0,1.2
Shyampur,2026,5,8,0,1.2
Sutrapur,2026,5,8,0,1.1
Tejgaon,2026,5,8,0,1.3
Uttara-1,2026,5,8,0,1.2
Uttara-3,2026,5,8,0,1.1
Uttara-7,2026,5,8,0,1.0
Wari,2026,5,8,0,1.1
Agargaon,2026,5,8,1,1.3
Airport,2026,5,8,1,1.0
Badda,2026,5,8,1,1.3
Banani,2026,5,8,1,1.1
Bangshal,2026,5,8,1,1.2
Baridhara,2026,5,8,1,1.0
Bashundhara,2026,5,8,1,1.2
Bijoynagar,2026,5,8,1,1.1
Chawk Bazar,2026,5,8,1,1.0
DOHS Mohakhali,2026,5,8,1,1.0
Demra,2026,5,8,1,1.2
Dhanmondi,2026,5,8,1,1.2
Elephant Road,2026,5,8,1,1.2
Eskaton,2026,5,8,1,1.0
Farmgate,2026,5,8,1,1.3
Gabtoli,2026,5,8,1,1.2
Green Road,2026,5,8,1,1.2
Gulshan-1,2026,5,8,1,1.2
Gulshan-2,2026,5,8,1,1.3
Hatirpool,2026,5,8,1,1.0
Hazaribagh,2026,5,8,1,1.3
Islampur,2026,5,8,1,1.2
Jatrabari,2026,5,8,1,1.1
Kakrail,2026,5,8,1,1.2
Kallyanpur,2026,5,8,1,1.2
Kamalapur,2026,5,8,1,1.2
Karwan Bazar,2026,5,8,1,1.0
Kazipara,2026,5,8,1,1.2
Keraniganj,2026,5,8,1,1.1
Khilkhet,2026,5,8,1,1.1
Kuril,2026,5,8,1,1.1
Lalbagh,2026,5,8,1,1.1
Malibagh,2026,5,8,1,1.1
Mirpur-1,2026,5,8,1,1.2
Mirpur-10,2026,5,8,1,1.3
Mirpur-12,2026,5,8,1,1.0
Moghbazar,2026,5,8,1,1.3
Mohammadpur,2026,5,8,1,1.0
Mohakhali,2026,5,8,1,1.3
Motijheel,2026,5,8,1,1.2
Nakhalpara,2026,5,8,1,1.2
New Market,2026,5,8,1,1.1
Nikunja,2026,5,8,1,1.1
Pallabi,2026,5,8,1,1.0
Paltan,2026,5,8,1,1.3
Panthapath,2026,5,8,1,1.1
Postogola,2026,5,8,1,1.3
Ramna,2026,5,8,1,1.1
Rampura,2026,5,8,1,1.1
Sadarghat,2026,5,8,1,1.2
Science Lab,2026,5,8,1,1.0
Shahbagh,2026,5,8,1,1.1
Shewrapara,2026,5,8,1,1.2
Shyampur,2026,5,8,1,1.3
Sutrapur,2026,5,8,1,1.3
Tejgaon,2026,5,8,1,1.0
Uttara-1,2026,5,8,1,1.2
Uttara-3,2026,5,8,1,1.0
Uttara-7,2026,5,8,1,1.3
Wari,2026,5,8,1,1.1
Agargaon,2026,5,8,2,1.0
Airport,2026,5,8,2,1.1
Badda,2026,5,8,2,1.2
Banani,2026,5,8,2,1.2
Bangshal,2026,5,8,2,1.0
Baridhara,2026,5,8,2,1.2
Bashundhara,2026,5,8,2,1.2
Bijoynagar,2026,5,8,2,1.1
Chawk Bazar,2026,5,8,2,1.2
DOHS Mohakhali,2026,5,8,2,1.1
Demra,2026,5,8,2,1.2
Dhanmondi,2026,5,8,2,1.3
Elephant Road,2026,5,8,2,1.1
Eskaton,2026,5,8,2,1.0
Farmgate,2026,5,8,2,1.1
Gabtoli,2026,5,8,2,1.2
Green Road,2026,5,8,2,1.2
Gulshan-1,2026,5,8,2,1.0
Gulshan-2,2026,5,8,2,1.2
Hatirpool,2026,5,8,2,1.3
Hazaribagh,2026,5,8,2,1.2
Islampur,2026,5,8,2,1.2
Jatrabari,2026,5,8,2,1.0
Kakrail,2026,5,8,2,1.0
Kallyanpur,2026,5,8,2,1.1
Kamalapur,2026,5,8,2,1.2
Karwan Bazar,2026,5,8,2,1.1
Kazipara,2026,5,8,2,1.0
Keraniganj,2026,5,8,2,1.1
Khilkhet,2026,5,8,2,1.1
Kuril,2026,5,8,2,1.2
Lalbagh,2026,5,8,2,1.1
Malibagh,2026,5,8,2,1.0
Mirpur-1,2026,5,8,2,1.3
Mirpur-10,2026,5,8,2,1.2
Mirpur-12,2026,5,8,2,1.1
Moghbazar,2026,5,8,2,1.1
Mohammadpur,2026,5,8,2,1.3
Mohakhali,2026,5,8,2,1.3
Motijheel,2026,5,8,2,1.0
Nakhalpara,2026,5,8,2,1.3
New Market,2026,5,8,2,1.1
Nikunja,2026,5,8,2,1.3
Pallabi,2026,5,8,2,1.3
Paltan,2026,5,8,2,1.3
Panthapath,2026,5,8,2,1.2
Postogola,2026,5,8,2,1.1
Ramna,2026,5,8,2,1.3
Rampura,2026,5,8,2,1.2
Sadarghat,2026,5,8,2,1.1
Science Lab,2026,5,8,2,1.3
Shahbagh,2026,5,8,2,1.3
Shewrapara,2026,5,8,2,1.2
Shyampur,2026,5,8,2,1.3
Sutrapur,2026,5,8,2,1.1
Tejgaon,2026,5,8,2,1.1
Uttara-1,2026,5,8,2,1.1
Uttara-3,2026,5,8,2,1.0
Uttara-7,2026,5,8,2,1.0
Wari,2026,5,8,2,1.2
Agargaon,2026,5,8,3,1.1
Airport,2026,5,8,3,1.2
Badda,2026,5,8,3,1.1
Banani,2026,5,8,3,1.2
Bangshal,2026,5,8,3,1.2
Baridhara,2026,5,8,3,1.1
Bashundhara,2026,5,8,3,1.0
Bijoynagar,2026,5,8,3,1.1
Chawk Bazar,2026,5,8,3,1.2
DOHS Mohakhali,2026,5,8,3,1.3
Demra,2026,5,8,3,1.3
Dhanmondi,2026,5,8,3,1.1
Elephant Road,2026,5,8,3,1.1
Eskaton,2026,5,8,3,1.2
Farmgate,2026,5,8,3,1.2
Gabtoli,2026,5,8,3,1.3
Green Road,2026,5,8,3,1.2
Gulshan-1,2026,5,8,3,1.1
Gulshan-2,2026,5,8,3,1.3
Hatirpool,2026,5,8,3,1.1
Hazaribagh,2026,5,8,3,1.1
Islampur,2026,5,8,3,1.2
Jatrabari,2026,5,8,3,1.2
Kakrail,2026,5,8,3,1.1
Kallyanpur,2026,5,8,3,1.1
Kamalapur,2026,5,8,3,1.0
Karwan Bazar,2026,5,8,3,1.1
Kazipara,2026,5,8,3,1.1
Keraniganj,2026,5,8,3,1.2
Khilkhet,2026,5,8,3,1.1
Kuril,2026,5,8,3,1.2
Lalbagh,2026,5,8,3,1.3
Malibagh,2026,5,8,3,1.0
Mirpur-1,2026,5,8,3,1.1
Mirpur-10,2026,5,8,3,1.3
Mirpur-12,2026,5,8,3,1.1
Moghbazar,2026,5,8,3,1.2
Mohammadpur,2026,5,8,3,1.0
Mohakhali,2026,5,8,3,1.0
Motijheel,2026,5,8,3,1.3
Nakhalpara,2026,5,8,3,1.1
New Market,2026,5,8,3,1.0
Nikunja,2026,5,8,3,1.2
Pallabi,2026,5,8,3,1.2
Paltan,2026,5,8,3,1.1
Panthapath,2026,5,8,3,1.3
Postogola,2026,5,8,3,1.2
Ramna,2026,5,8,3,1.3
Rampura,2026,5,8,3,1.3
Sadarghat,2026,5,8,3,1.1
Science Lab,2026,5,8,3,1.0
Shahbagh,2026,5,8,3,1.2
Shewrapara,2026,5,8,3,1.2
Shyampur,2026,5,8,3,1.1
Sutrapur,2026,5,8,3,1.2
Tejgaon,2026,5,8,3,1.1
Uttara-1,2026,5,8,3,1.1
Uttara-3,2026,5,8,3,1.2
Uttara-7,2026,5,8,3,1.2
Wari,2026,5,8,3,1.1
Agargaon,2026,5,8,4,1.2
Airport,2026,5,8,4,1.1
Badda,2026,5,8,4,1.2
Banani,2026,5,8,4,1.1
Bangshal,2026,5,8,4,1.3
Baridhara,2026,5,8,4,1.2
Bashundhara,2026,5,8,4,1.0
Bijoynagar,2026,5,8,4,1.1
Chawk Bazar,2026,5,8,4,1.2
DOHS Mohakhali,2026,5,8,4,1.0
Demra,2026,5,8,4,1.2
Dhanmondi,2026,5,8,4,1.2
Elephant Road,2026,5,8,4,1.2
Eskaton,2026,5,8,4,1.1
Farmgate,2026,5,8,4,1.2
Gabtoli,2026,5,8,4,1.2
Green Road,2026,5,8,4,1.0
Gulshan-1,2026,5,8,4,1.0
Gulshan-2,2026,5,8,4,1.0
Hatirpool,2026,5,8,4,1.1
Hazaribagh,2026,5,8,4,1.1
Islampur,2026,5,8,4,1.3
Jatrabari,2026,5,8,4,1.2
Kakrail,2026,5,8,4,1.2
Kallyanpur,2026,5,8,4,1.2
Kamalapur,2026,5,8,4,1.2
Karwan Bazar,2026,5,8,4,1.1
Kazipara,2026,5,8,4,1.2
Keraniganj,2026,5,8,4,1.2
Khilkhet,2026,5,8,4,1.2
Kuril,2026,5,8,4,1.1
Lalbagh,2026,5,8,4,1.1
Malibagh,2026,5,8,4,1.0
Mirpur-1,2026,5,8,4,1.0
Mirpur-10,2026,5,8,4,1.3
Mirpur-12,2026,5,8,4,1.2
Moghbazar,2026,5,8,4,1.1
Mohammadpur,2026,5,8,4,1.2
Mohakhali,2026,5,8,4,1.1
Motijheel,2026,5,8,4,1.0
Nakhalpara,2026,5,8,4,1.1
New Market,2026,5,8,4,1.1
Nikunja,2026,5,8,4,1.2
Pallabi,2026,5,8,4,1.1
Paltan,2026,5,8,4,1.2
Panthapath,2026,5,8,4,1.3
Postogola,2026,5,8,4,1.2
Ramna,2026,5,8,4,1.1
Rampura,2026,5,8,4,1.2
Sadarghat,2026,5,8,4,1.0
Science Lab,2026,5,8,4,1.1
Shahbagh,2026,5,8,4,1.2
Shewrapara,2026,5,8,4,1.2
Shyampur,2026,5,8,4,1.2
Sutrapur,2026,5,8,4,1.2
Tejgaon,2026,5,8,4,1.1
Uttara-1,2026,5,8,4,1.2
Uttara-3,2026,5,8,4,1.2
Uttara-7,2026,5,8,4,1.0
Wari,2026,5,8,4,1.0
Agargaon,2026,5,8,5,1.3
Airport,2026,5,8,5,1.1
Badda,2026,5,8,5,1.1
Banani,2026,5,8,5,1.2
Bangshal,2026,5,8,5,1.1
Baridhara,2026,5,8,5,1.3
Bashundhara,2026,5,8,5,1.2
Bijoynagar,2026,5,8,5,1.3
Chawk Bazar,2026,5,8,5,1.2
DOHS Mohakhali,2026,5,8,5,1.0
Demra,2026,5,8,5,1.2
Dhanmondi,2026,5,8,5,1.0
Elephant Road,2026,5,8,5,1.2
Eskaton,2026,5,8,5,1.2
Farmgate,2026,5,8,5,1.2
Gabtoli,2026,5,8,5,1.2
Green Road,2026,5,8,5,1.2
Gulshan-1,2026,5,8,5,1.2
Gulshan-2,2026,5,8,5,1.1
Hatirpool,2026,5,8,5,1.2
Hazaribagh,2026,5,8,5,1.2
Islampur,2026,5,8,5,1.2
Jatrabari,2026,5,8,5,1.3
Kakrail,2026,5,8,5,1.3
Kallyanpur,2026,5,8,5,1.0
Kamalapur,2026,5,8,5,1.2
Karwan Bazar,2026,5,8,5,1.0
Kazipara,2026,5,8,5,1.1
Keraniganj,2026,5,8,5,1.3
Khilkhet,2026,5,8,5,1.1
Kuril,2026,5,8,5,1.1
Lalbagh,2026,5,8,5,1.0
Malibagh,2026,5,8,5,1.0
Mirpur-1,2026,5,8,5,1.3
Mirpur-10,2026,5,8,5,1.2
Mirpur-12,2026,5,8,5,1.3
Moghbazar,2026,5,8,5,1.1
Mohammadpur,2026,5,8,5,1.3
Mohakhali,2026,5,8,5,1.0
Motijheel,2026,5,8,5,1.1
Nakhalpara,2026,5,8,5,1.2
New Market,2026,5,8,5,1.3
Nikunja,2026,5,8,5,1.1
Pallabi,2026,5,8,5,1.2
Paltan,2026,5,8,5,1.2
Panthapath,2026,5,8,5,1.3
Postogola,2026,5,8,5,1.3
Ramna,2026,5,8,5,1.1
Rampura,2026,5,8,5,1.3
Sadarghat,2026,5,8,5,1.0
Science Lab,2026,5,8,5,1.1
Shahbagh,2026,5,8,5,1.3
Shewrapara,2026,5,8,5,1.1
Shyampur,2026,5,8,5,1.1
Sutrapur,2026,5,8,5,1.3
Tejgaon,2026,5,8,5,1.2
Uttara-1,2026,5,8,5,1.2
Uttara-3,2026,5,8,5,1.2
Uttara-7,2026,5,8,5,1.2
Wari,2026,5,8,5,1.2
Agargaon,2026,5,8,6,1.2
Airport,2026,5,8,6,1.3
Badda,2026,5,8,6,1.3
Banani,2026,5,8,6,1.0
Bangshal,2026,5,8,6,1.2
Baridhara,2026,5,8,6,1.2
Bashundhara,2026,5,8,6,1.1
Bijoynagar,2026,5,8,6,1.2
Chawk Bazar,2026,5,8,6,1.2
DOHS Mohakhali,2026,5,8,6,1.2
Demra,2026,5,8,6,1.2
Dhanmondi,2026,5,8,6,1.0
Elephant Road,2026,5,8,6,1.2
Eskaton,2026,5,8,6,1.3
Farmgate,2026,5,8,6,1.2
Gabtoli,2026,5,8,6,1.2
Green Road,2026,5,8,6,1.2
Gulshan-1,2026,5,8,6,1.2
Gulshan-2,2026,5,8,6,1.2
Hatirpool,2026,5,8,6,1.1
Hazaribagh,2026,5,8,6,1.1
Islampur,2026,5,8,6,1.1
Jatrabari,2026,5,8,6,1.3
Kakrail,2026,5,8,6,1.3
Kallyanpur,2026,5,8,6,1.2
Kamalapur,2026,5,8,6,1.1
Karwan Bazar,2026,5,8,6,1.2
Kazipara,2026,5,8,6,1.2
Keraniganj,2026,5,8,6,1.1
Khilkhet,2026,5,8,6,1.3
Kuril,2026,5,8,6,1.1
Lalbagh,2026,5,8,6,1.1
Malibagh,2026,5,8,6,1.1
Mirpur-1,2026,5,8,6,1.2
Mirpur-10,2026,5,8,6,1.0
Mirpur-12,2026,5,8,6,1.1
Moghbazar,2026,5,8,6,1.3
Mohammadpur,2026,5,8,6,1.3
Mohakhali,2026,5,8,6,1.2
Motijheel,2026,5,8,6,1.1
Nakhalpara,2026,5,8,6,1.2
New Market,2026,5,8,6,1.1
Nikunja,2026,5,8,6,1.1
Pallabi,2026,5,8,6,1.0
Paltan,2026,5,8,6,1.2
Panthapath,2026,5,8,6,1.0
Postogola,2026,5,8,6,1.3
Ramna,2026,5,8,6,1.1
Rampura,2026,5,8,6,1.3
Sadarghat,2026,5,8,6,1.0
Science Lab,2026,5,8,6,1.1
Shahbagh,2026,5,8,6,1.1
Shewrapara,2026,5,8,6,1.2
Shyampur,2026,5,8,6,1.0
Sutrapur,2026,5,8,6,1.2
Tejgaon,2026,5,8,6,1.1
Uttara-1,2026,5,8,6,1.1
Uttara-3,2026,5,8,6,1.2
Uttara-7,2026,5,8,6,1.3
Wari,2026,5,8,6,1.1
Agargaon,2026,5,8,7,1.0
Airport,2026,5,8,7,1.0
Badda,2026,5,8,7,1.1
Banani,2026,5,8,7,1.1
Bangshal,2026,5,8,7,1.1
Baridhara,2026,5,8,7,1.2
Bashundhara,2026,5,8,7,1.3
Bijoynagar,2026,5,8,7,1.1
Chawk Bazar,2026,5,8,7,1.1
DOHS Mohakhali,2026,5,8,7,1.1
Demra,2026,5,8,7,1.0
Dhanmondi,2026,5,8,7,1.2
Elephant Road,2026,5,8,7,1.3
Eskaton,2026,5,8,7,1.0
Farmgate,2026,5,8,7,1.1
Gabtoli,2026,5,8,7,1.2
Green Road,2026,5,8,7,1.1
Gulshan-1,2026,5,8,7,1.1
Gulshan-2,2026,5,8,7,1.3
Hatirpool,2026,5,8,7,1.3
Hazaribagh,2026,5,8,7,1.3
Islampur,2026,5,8,7,1.2
Jatrabari,2026,5,8,7,1.0
Kakrail,2026,5,8,7,1.1
Kallyanpur,2026,5,8,7,1.1
Kamalapur,2026,5,8,7,1.1
Karwan Bazar,2026,5,8,7,1.1
Kazipara,2026,5,8,7,1.3
Keraniganj,2026,5,8,7,1.2
Khilkhet,2026,5,8,7,1.1
Kuril,2026,5,8,7,1.2
Lalbagh,2026,5,8,7,1.1
Malibagh,2026,5,8,7,1.1
Mirpur-1,2026,5,8,7,1.3
Mirpur-10,2026,5,8,7,1.1
Mirpur-12,2026,5,8,7,1.2
Moghbazar,2026,5,8,7,1.3
Mohammadpur,2026,5,8,7,1.2
Mohakhali,2026,5,8,7,1.0
Motijheel,2026,5,8,7,1.1
Nakhalpara,2026,5,8,7,1.0
New Market,2026,5,8,7,1.1
Nikunja,2026,5,8,7,1.3
Pallabi,2026,5,8,7,1.1
Paltan,2026,5,8,7,1.1
Panthapath,2026,5,8,7,1.2
Postogola,2026,5,8,7,1.2
Ramna,2026,5,8,7,1.3
Rampura,2026,5,8,7,1.2
Sadarghat,2026,5,8,7,1.1
Science Lab,2026,5,8,7,1.1
Shahbagh,2026,5,8,7,1.3
Shewrapara,2026,5,8,7,1.2
Shyampur,2026,5,8,7,1.2
Sutrapur,2026,5,8,7,1.2
Tejgaon,2026,5,8,7,1.3
Uttara-1,2026,5,8,7,1.1
Uttara-3,2026,5,8,7,1.2
Uttara-7,2026,5,8,7,1.0
Wari,2026,5,8,7,1.2
Agargaon,2026,5,8,8,1.5
Airport,2026,5,8,8,1.5
Badda,2026,5,8,8,1.4
Banani,2026,5,8,8,1.5
Bangshal,2026,5,8,8,1.5
Baridhara,2026,5,8,8,1.6
Bashundhara,2026,5,8,8,1.5
Bijoynagar,2026,5,8,8,1.5
Chawk Bazar,2026,5,8,8,1.5
DOHS Mohakhali,2026,5,8,8,1.6
Demra,2026,5,8,8,1.4
Dhanmondi,2026,5,8,8,1.5
Elephant Road,2026,5,8,8,1.7
Eskaton,2026,5,8,8,1.6
Farmgate,2026,5,8,8,1.7
Gabtoli,2026,5,8,8,1.5
Green Road,2026,5,8,8,1.8
Gulshan-1,2026,5,8,8,1.8
Gulshan-2,2026,5,8,8,1.8
Hatirpool,2026,5,8,8,1.6
Hazaribagh,2026,5,8,8,1.7
Islampur,2026,5,8,8,1.4
Jatrabari,2026,5,8,8,1.4
Kakrail,2026,5,8,8,1.7
Kallyanpur,2026,5,8,8,1.6
Kamalapur,2026,5,8,8,1.6
Karwan Bazar,2026,5,8,8,1.7
Kazipara,2026,5,8,8,1.5
Keraniganj,2026,5,8,8,1.6
Khilkhet,2026,5,8,8,1.5
Kuril,2026,5,8,8,1.5
Lalbagh,2026,5,8,8,1.7
Malibagh,2026,5,8,8,1.8
Mirpur-1,2026,5,8,8,1.6
Mirpur-10,2026,5,8,8,1.8
Mirpur-12,2026,5,8,8,1.7
Moghbazar,2026,5,8,8,1.8
Mohammadpur,2026,5,8,8,1.5
Mohakhali,2026,5,8,8,1.6
Motijheel,2026,5,8,8,1.5
Nakhalpara,2026,5,8,8,1.6
New Market,2026,5,8,8,1.6
Nikunja,2026,5,8,8,1.7
Pallabi,2026,5,8,8,1.5
Paltan,2026,5,8,8,1.6
Panthapath,2026,5,8,8,1.4
Postogola,2026,5,8,8,1.6
Ramna,2026,5,8,8,1.6
Rampura,2026,5,8,8,1.6
Sadarghat,2026,5,8,8,1.6
Science Lab,2026,5,8,8,1.5
Shahbagh,2026,5,8,8,1.6
Shewrapara,2026,5,8,8,1.7
Shyampur,2026,5,8,8,1.7
Sutrapur,2026,5,8,8,1.5
Tejgaon,2026,5,8,8,1.7
Uttara-1,2026,5,8,8,1.5
Uttara-3,2026,5,8,8,1.8
Uttara-7,2026,5,8,8,1.8
Wari,2026,5,8,8,1.8
Agargaon,2026,5,8,9,1.6
Airport,2026,5,8,9,1.7
Badda,2026,5,8,9,1.8
Banani,2026,5,8,9,1.4
Bangshal,2026,5,8,9,1.7
Baridhara,2026,5,8,9,1.6
Bashundhara,2026,5,8,9,1.5
Bijoynagar,2026,5,8,9,1.5
Chawk Bazar,2026,5,8,9,1.6
DOHS Mohakhali,2026,5,8,9,1.7
Demra,2026,5,8,9,1.8
Dhanmondi,2026,5,8,9,1.6
Elephant Road,2026,5,8,9,1.6
Eskaton,2026,5,8,9,1.8
Farmgate,2026,5,8,9,1.7
Gabtoli,2026,5,8,9,1.4
Green Road,2026,5,8,9,1.5
Gulshan-1,2026,5,8,9,1.7
Gulshan-2,2026,5,8,9,1.7
Hatirpool,2026,5,8,9,1.7
Hazaribagh,2026,5,8,9,1.4
Islampur,2026,5,8,9,1.7
Jatrabari,2026,5,8,9,1.4
Kakrail,2026,5,8,9,1.5
Kallyanpur,2026,5,8,9,1.7
Kamalapur,2026,5,8,9,1.5
Karwan Bazar,2026,5,8,9,1.7
Kazipara,2026,5,8,9,1.5
Keraniganj,2026,5,8,9,1.7
Khilkhet,2026,5,8,9,1.6
Kuril,2026,5,8,9,1.8
Lalbagh,2026,5,8,9,1.6
Malibagh,2026,5,8,9,1.5
Mirpur-1,2026,5,8,9,1.5
Mirpur-10,2026,5,8,9,1.6
Mirpur-12,2026,5,8,9,1.7
Moghbazar,2026,5,8,9,1.7
Mohammadpur,2026,5,8,9,1.8
Mohakhali,2026,5,8,9,1.5
Motijheel,2026,5,8,9,1.6
Nakhalpara,2026,5,8,9,1.6
New Market,2026,5,8,9,1.6
Nikunja,2026,5,8,9,1.8
Pallabi,2026,5,8,9,1.5
Paltan,2026,5,8,9,1.5
Panthapath,2026,5,8,9,1.5
Postogola,2026,5,8,9,1.7
Ramna,2026,5,8,9,1.5
Rampura,2026,5,8,9,1.8
Sadarghat,2026,5,8,9,1.5
Science Lab,2026,5,8,9,1.8
Shahbagh,2026,5,8,9,1.5
Shewrapara,2026,5,8,9,1.7
Shyampur,2026,5,8,9,1.7
Sutrapur,2026,5,8,9,1.5
Tejgaon,2026,5,8,9,1.6
Uttara-1,2026,5,8,9,1.5
Uttara-3,2026,5,8,9,1.5
Uttara-7,2026,5,8,9,1.6
Wari,2026,5,8,9,1.7
Agargaon,2026,5,8,10,1.4
Airport,2026,5,8,10,1.5
Badda,2026,5,8,10,1.4
Banani,2026,5,8,10,1.8
Bangshal,2026,5,8,10,1.6
Baridhara,2026,5,8,10,1.7
Bashundhara,2026,5,8,10,1.5
Bijoynagar,2026,5,8,10,1.6
Chawk Bazar,2026,5,8,10,1.5
DOHS Mohakhali,2026,5,8,10,1.5
Demra,2026,5,8,10,1.5
Dhanmondi,2026,5,8,10,1.6
Elephant Road,2026,5,8,10,1.4
Eskaton,2026,5,8,10,1.7
Farmgate,2026,5,8,10,1.6
Gabtoli,2026,5,8,10,1.8
Green Road,2026,5,8,10,1.5
Gulshan-1,2026,5,8,10,1.5
Gulshan-2,2026,5,8,10,1.5
Hatirpool,2026,5,8,10,1.4
Hazaribagh,2026,5,8,10,1.7
Islampur,2026,5,8,10,1.8
Jatrabari,2026,5,8,10,1.7
Kakrail,2026,5,8,10,1.7
Kallyanpur,2026,5,8,10,1.4
Kamalapur,2026,5,8,10,1.4
Karwan Bazar,2026,5,8,10,1.5
Kazipara,2026,5,8,10,1.5
Keraniganj,2026,5,8,10,1.4
Khilkhet,2026,5,8,10,1.4
Kuril,2026,5,8,10,1.7
Lalbagh,2026,5,8,10,1.8
Malibagh,2026,5,8,10,1.7
Mirpur-1,2026,5,8,10,1.7
Mirpur-10,2026,5,8,10,1.7
Mirpur-12,2026,5,8,10,1.6
Moghbazar,2026,5,8,10,1.8
Mohammadpur,2026,5,8,10,1.4
Mohakhali,2026,5,8,10,1.4
Motijheel,2026,5,8,10,1.4
Nakhalpara,2026,5,8,10,1.4
New Market,2026,5,8,10,1.4
Nikunja,2026,5,8,10,1.4
Pallabi,2026,5,8,10,1.8
Paltan,2026,5,8,10,1.8
Panthapath,2026,5,8,10,1.6
Postogola,2026,5,8,10,1.6
Ramna,2026,5,8,10,1.6
Rampura,2026,5,8,10,1.5
Sadarghat,2026,5,8,10,1.6
Science Lab,2026,5,8,10,1.5
Shahbagh,2026,5,8,10,1.5
Shewrapara,2026,5,8,10,1.5
Shyampur,2026,5,8,10,1.7
Sutrapur,2026,5,8,10,1.4
Tejgaon,2026,5,8,10,1.7
Uttara-1,2026,5,8,10,1.7
Uttara-3,2026,5,8,10,1.7
Uttara-7,2026,5,8,10,1.7
Wari,2026,5,8,10,1.7
Agargaon,2026,5,8,11,1.3
Airport,2026,5,8,11,1.1
Badda,2026,5,8,11,1.2
Banani,2026,5,8,11,1.2
Bangshal,2026,5,8,11,1.1
Baridhara,2026,5,8,11,1.2
Bashundhara,2026,5,8,11,1.2
Bijoynagar,2026,5,8,11,1.2
Chawk Bazar,2026,5,8,11,1.2
DOHS Mohakhali,2026,5,8,11,1.3
Demra,2026,5,8,11,1.1
Dhanmondi,2026,5,8,11,1.2
Elephant Road,2026,5,8,11,1.2
Eskaton,2026,5,8,11,1.2
Farmgate,2026,5,8,11,1.0
Gabtoli,2026,5,8,11,1.2
Green Road,2026,5,8,11,1.3
Gulshan-1,2026,5,8,11,1.0
Gulshan-2,2026,5,8,11,1.3
Hatirpool,2026,5,8,11,1.2
Hazaribagh,2026,5,8,11,1.2
Islampur,2026,5,8,11,1.3
Jatrabari,2026,5,8,11,1.3
Kakrail,2026,5,8,11,1.3
Kallyanpur,2026,5,8,11,1.1
Kamalapur,2026,5,8,11,1.2
Karwan Bazar,2026,5,8,11,1.2
Kazipara,2026,5,8,11,1.0
Keraniganj,2026,5,8,11,1.2
Khilkhet,2026,5,8,11,1.3
Kuril,2026,5,8,11,1.2
Lalbagh,2026,5,8,11,1.2
Malibagh,2026,5,8,11,1.2
Mirpur-1,2026,5,8,11,1.3
Mirpur-10,2026,5,8,11,1.0
Mirpur-12,2026,5,8,11,1.2
Moghbazar,2026,5,8,11,1.0
Mohammadpur,2026,5,8,11,1.2
Mohakhali,2026,5,8,11,1.0
Motijheel,2026,5,8,11,1.0
Nakhalpara,2026,5,8,11,1.3
New Market,2026,5,8,11,1.2
Nikunja,2026,5,8,11,1.2
Pallabi,2026,5,8,11,1.0
Paltan,2026,5,8,11,1.1
Panthapath,2026,5,8,11,1.2
Postogola,2026,5,8,11,1.1
Ramna,2026,5,8,11,1.1
Rampura,2026,5,8,11,1.1
Sadarghat,2026,5,8,11,1.2
Science Lab,2026,5,8,11,1.1
Shahbagh,2026,5,8,11,1.2
Shewrapara,2026,5,8,11,1.1
Shyampur,2026,5,8,11,1.0
Sutrapur,2026,5,8,11,1.0
Tejgaon,2026,5,8,11,1.2
Uttara-1,2026,5,8,11,1.1
Uttara-3,2026,5,8,11,1.2
Uttara-7,2026,5,8,11,1.0
Wari,2026,5,8,11,1.3
Agargaon,2026,5,8,12,1.0
Airport,2026,5,8,12,1.2
Badda,2026,5,8,12,1.1
Banani,2026,5,8,12,1.1
Bangshal,2026,5,8,12,1.1
Baridhara,2026,5,8,12,1.1
Bashundhara,2026,5,8,12,1.2
Bijoynagar,2026,5,8,12,1.3
Chawk Bazar,2026,5,8,12,1.2
DOHS Mohakhali,2026,5,8,12,1.2
Demra,2026,5,8,12,1.0
Dhanmondi,2026,5,8,12,1.2
Elephant Road,2026,5,8,12,1.2
Eskaton,2026,5,8,12,1.2
Farmgate,2026,5,8,12,1.0
Gabtoli,2026,5,8,12,1.1
Green Road,2026,5,8,12,1.0
Gulshan-1,2026,5,8,12,1.1
Gulshan-2,2026,5,8,12,1.2
Hatirpool,2026,5,8,12,1.1
Hazaribagh,2026,5,8,12,1.2
Islampur,2026,5,8,12,1.3
Jatrabari,2026,5,8,12,1.0
Kakrail,2026,5,8,12,1.2
Kallyanpur,2026,5,8,12,1.1
Kamalapur,2026,5,8,12,1.0
Karwan Bazar,2026,5,8,12,1.0
Kazipara,2026,5,8,12,1.1
Keraniganj,2026,5,8,12,1.3
Khilkhet,2026,5,8,12,1.3
Kuril,2026,5,8,12,1.1
Lalbagh,2026,5,8,12,1.0
Malibagh,2026,5,8,12,1.0
Mirpur-1,2026,5,8,12,1.2
Mirpur-10,2026,5,8,12,1.1
Mirpur-12,2026,5,8,12,1.1
Moghbazar,2026,5,8,12,1.2
Mohammadpur,2026,5,8,12,1.2
Mohakhali,2026,5,8,12,1.3
Motijheel,2026,5,8,12,1.0
Nakhalpara,2026,5,8,12,1.0
New Market,2026,5,8,12,1.0
Nikunja,2026,5,8,12,1.1
Pallabi,2026,5,8,12,1.0
Paltan,2026,5,8,12,1.1
Panthapath,2026,5,8,12,1.1
Postogola,2026,5,8,12,1.1
Ramna,2026,5,8,12,1.0
Rampura,2026,5,8,12,1.1
Sadarghat,2026,5,8,12,1.2
Science Lab,2026,5,8,12,1.0
Shahbagh,2026,5,8,12,1.1
Shewrapara,2026,5,8,12,1.3
Shyampur,2026,5,8,12,1.2
Sutrapur,2026,5,8,12,1.0
Tejgaon,2026,5,8,12,1.1
Uttara-1,2026,5,8,12,1.1
Uttara-3,2026,5,8,12,1.3
Uttara-7,2026,5,8,12,1.0
Wari,2026,5,8,12,1.3
Agargaon,2026,5,8,13,1.2
Airport,2026,5,8,13,1.2
Badda,2026,5,8,13,1.1
Banani,2026,5,8,13,1.1
Bangshal,2026,5,8,13,1.3
Baridhara,2026,5,8,13,1.0
Bashundhara,2026,5,8,13,1.0
Bijoynagar,2026,5,8,13,1.2
Chawk Bazar,2026,5,8,13,1.1
DOHS Mohakhali,2026,5,8,13,1.1
Demra,2026,5,8,13,1.1
Dhanmondi,2026,5,8,13,1.3
Elephant Road,2026,5,8,13,1.2
Eskaton,2026,5,8,13,1.2
Farmgate,2026,5,8,13,1.0
Gabtoli,2026,5,8,13,1.3
Green Road,2026,5,8,13,1.3
Gulshan-1,2026,5,8,13,1.3
Gulshan-2,2026,5,8,13,1.2
Hatirpool,2026,5,8,13,1.0
Hazaribagh,2026,5,8,13,1.0
Islampur,2026,5,8,13,1.1
Jatrabari,2026,5,8,13,1.1
Kakrail,2026,5,8,13,1.0
Kallyanpur,2026,5,8,13,1.2
Kamalapur,2026,5,8,13,1.1
Karwan Bazar,2026,5,8,13,1.2
Kazipara,2026,5,8,13,1.2
Keraniganj,2026,5,8,13,1.2
Khilkhet,2026,5,8,13,1.2
Kuril,2026,5,8,13,1.0
Lalbagh,2026,5,8,13,1.3
Malibagh,2026,5,8,13,1.0
Mirpur-1,2026,5,8,13,1.2
Mirpur-10,2026,5,8,13,1.2
Mirpur-12,2026,5,8,13,1.3
Moghbazar,2026,5,8,13,1.3
Mohammadpur,2026,5,8,13,1.1
Mohakhali,2026,5,8,13,1.0
Motijheel,2026,5,8,13,1.0
Nakhalpara,2026,5,8,13,1.0
New Market,2026,5,8,13,1.0
Nikunja,2026,5,8,13,1.2
Pallabi,2026,5,8,13,1.1
Paltan,2026,5,8,13,1.1
Panthapath,2026,5,8,13,1.2
Postogola,2026,5,8,13,1.1
Ramna,2026,5,8,13,1.0
Rampura,2026,5,8,13,1.0
Sadarghat,2026,5,8,13,1.0
Science Lab,2026,5,8,13,1.2
Shahbagh,2026,5,8,13,1.0
Shewrapara,2026,5,8,13,1.2
Shyampur,2026,5,8,13,1.3
Sutrapur,2026,5,8,13,1.2
Tejgaon,2026,5,8,13,1.1
Uttara-1,2026,5,8,13,1.1
Uttara-3,2026,5,8,13,1.3
Uttara-7,2026,5,8,13,1.2
Wari,2026,5,8,13,1.0
Agargaon,2026,5,8,14,1.3
Airport,2026,5,8,14,1.2
Badda,2026,5,8,14,1.3
Banani,2026,5,8,14,1.3
Bangshal,2026,5,8,14,1.3
Baridhara,2026,5,8,14,1.2
Bashundhara,2026,5,8,14,1.1
Bijoynagar,2026,5,8,14,1.2
Chawk Bazar,2026,5,8,14,1.3
DOHS Mohakhali,2026,5,8,14,1.2
Demra,2026,5,8,14,1.3
Dhanmondi,2026,5,8,14,1.1
Elephant Road,2026,5,8,14,1.1
Eskaton,2026,5,8,14,1.2
Farmgate,2026,5,8,14,1.2
Gabtoli,2026,5,8,14,1.1
Green Road,2026,5,8,14,1.1
Gulshan-1,2026,5,8,14,1.3
Gulshan-2,2026,5,8,14,1.1
Hatirpool,2026,5,8,14,1.1
Hazaribagh,2026,5,8,14,1.2
Islampur,2026,5,8,14,1.2
Jatrabari,2026,5,8,14,1.0
Kakrail,2026,5,8,14,1.0
Kallyanpur,2026,5,8,14,1.3
Kamalapur,2026,5,8,14,1.1
Karwan Bazar,2026,5,8,14,1.0
Kazipara,2026,5,8,14,1.1
Keraniganj,2026,5,8,14,1.0
Khilkhet,2026,5,8,14,1.3
Kuril,2026,5,8,14,1.1
Lalbagh,2026,5,8,14,1.1
Malibagh,2026,5,8,14,1.0
Mirpur-1,2026,5,8,14,1.2
Mirpur-10,2026,5,8,14,1.3
Mirpur-12,2026,5,8,14,1.1
Moghbazar,2026,5,8,14,1.1
Mohammadpur,2026,5,8,14,1.2
Mohakhali,2026,5,8,14,1.1
Motijheel,2026,5,8,14,1.1
Nakhalpara,2026,5,8,14,1.1
New Market,2026,5,8,14,1.1
Nikunja,2026,5,8,14,1.1
Pallabi,2026,5,8,14,1.0
Paltan,2026,5,8,14,1.2
Panthapath,2026,5,8,14,1.2
Postogola,2026,5,8,14,1.1
Ramna,2026,5,8,14,1.2
Rampura,2026,5,8,14,1.3
Sadarghat,2026,5,8,14,1.1
Science Lab,2026,5,8,14,1.2
Shahbagh,2026,5,8,14,1.2
Shewrapara,2026,5,8,14,1.1
Shyampur,2026,5,8,14,1.0
Sutrapur,2026,5,8,14,1.0
Tejgaon,2026,5,8,14,1.2
Uttara-1,2026,5,8,14,1.2
Uttara-3,2026,5,8,14,1.2
Uttara-7,2026,5,8,14,1.3
Wari,2026,5,8,14,1.3
Agargaon,2026,5,8,15,1.0
Airport,2026,5,8,15,1.2
Badda,2026,5,8,15,1.1
Banani,2026,5,8,15,1.3
Bangshal,2026,5,8,15,1.0
Baridhara,2026,5,8,15,1.1
Bashundhara,2026,5,8,15,1.2
Bijoynagar,2026,5,8,15,1.2
Chawk Bazar,2026,5,8,15,1.3
DOHS Mohakhali,2026,5,8,15,1.1
Demra,2026,5,8,15,1.1
Dhanmondi,2026,5,8,15,1.2
Elephant Road,2026,5,8,15,1.0
Eskaton,2026,5,8,15,1.3
Farmgate,2026,5,8,15,1.2
Gabtoli,2026,5,8,15,1.1
Green Road,2026,5,8,15,1.1
Gulshan-1,2026,5,8,15,1.1
Gulshan-2,2026,5,8,15,1.3
Hatirpool,2026,5,8,15,1.0
Hazaribagh,2026,5,8,15,1.2
Islampur,2026,5,8,15,1.1
Jatrabari,2026,5,8,15,1.3
Kakrail,2026,5,8,15,1.1
Kallyanpur,2026,5,8,15,1.2
Kamalapur,2026,5,8,15,1.0
Karwan Bazar,2026,5,8,15,1.3
Kazipara,2026,5,8,15,1.2
Keraniganj,2026,5,8,15,1.3
Khilkhet,2026,5,8,15,1.3
Kuril,2026,5,8,15,1.0
Lalbagh,2026,5,8,15,1.3
Malibagh,2026,5,8,15,1.0
Mirpur-1,2026,5,8,15,1.3
Mirpur-10,2026,5,8,15,1.3
Mirpur-12,2026,5,8,15,1.2
Moghbazar,2026,5,8,15,1.2
Mohammadpur,2026,5,8,15,1.2
Mohakhali,2026,5,8,15,1.2
Motijheel,2026,5,8,15,1.1
Nakhalpara,2026,5,8,15,1.1
New Market,2026,5,8,15,1.2
Nikunja,2026,5,8,15,1.2
Pallabi,2026,5,8,15,1.0
Paltan,2026,5,8,15,1.0
Panthapath,2026,5,8,15,1.1
Postogola,2026,5,8,15,1.2
Ramna,2026,5,8,15,1.1
Rampura,2026,5,8,15,1.1
Sadarghat,2026,5,8,15,1.3
Science Lab,2026,5,8,15,1.2
Shahbagh,2026,5,8,15,1.2
Shewrapara,2026,5,8,15,1.0
Shyampur,2026,5,8,15,1.1
Sutrapur,2026,5,8,15,1.2
Tejgaon,2026,5,8,15,1.2
Uttara-1,2026,5,8,15,1.3
Uttara-3,2026,5,8,15,1.2
Uttara-7,2026,5,8,15,1.0
Wari,2026,5,8,15,1.1
Agargaon,2026,5,8,16,1.0
Airport,2026,5,8,16,1.2
Badda,2026,5,8,16,1.2
Banani,2026,5,8,16,1.2
Bangshal,2026,5,8,16,1.0
Baridhara,2026,5,8,16,1.2
Bashundhara,2026,5,8,16,1.1
Bijoynagar,2026,5,8,16,1.0
Chawk Bazar,2026,5,8,16,1.3
DOHS Mohakhali,2026,5,8,16,1.3
Demra,2026,5,8,16,1.2
Dhanmondi,2026,5,8,16,1.1
Elephant Road,2026,5,8,16,1.1
Eskaton,2026,5,8,16,1.0
Farmgate,2026,5,8,16,1.2
Gabtoli,2026,5,8,16,1.1
Green Road,2026,5,8,16,1.0
Gulshan-1,2026,5,8,16,1.0
Gulshan-2,2026,5,8,16,1.3
Hatirpool,2026,5,8,16,1.1
Hazaribagh,2026,5,8,16,1.2
Islampur,2026,5,8,16,1.2
Jatrabari,2026,5,8,16,1.2
Kakrail,2026,5,8,16,1.3
Kallyanpur,2026,5,8,16,1.0
Kamalapur,2026,5,8,16,1.2
Karwan Bazar,2026,5,8,16,1.2
Kazipara,2026,5,8,16,1.2
Keraniganj,2026,5,8,16,1.2
Khilkhet,2026,5,8,16,1.1
Kuril,2026,5,8,16,1.0
Lalbagh,2026,5,8,16,1.2
Malibagh,2026,5,8,16,1.1
Mirpur-1,2026,5,8,16,1.2
Mirpur-10,2026,5,8,16,1.2
Mirpur-12,2026,5,8,16,1.2
Moghbazar,2026,5,8,16,1.2
Mohammadpur,2026,5,8,16,1.2
Mohakhali,2026,5,8,16,1.2
Motijheel,2026,5,8,16,1.2
Nakhalpara,2026,5,8,16,1.1
New Market,2026,5,8,16,1.2
Nikunja,2026,5,8,16,1.1
Pallabi,2026,5,8,16,1.1
Paltan,2026,5,8,16,1.1
Panthapath,2026,5,8,16,1.1
Postogola,2026,5,8,16,1.3
Ramna,2026,5,8,16,1.0
Rampura,2026,5,8,16,1.2
Sadarghat,2026,5,8,16,1.3
Science Lab,2026,5,8,16,1.3
Shahbagh,2026,5,8,16,1.1
Shewrapara,2026,5,8,16,1.2
Shyampur,2026,5,8,16,1.1
Sutrapur,2026,5,8,16,1.3
Tejgaon,2026,5,8,16,1.3
Uttara-1,2026,5,8,16,1.3
Uttara-3,2026,5,8,16,1.0
Uttara-7,2026,5,8,16,1.2
Wari,2026,5,8,16,1.3
Agargaon,2026,5,8,17,1.9
Airport,2026,5,8,17,1.8
Badda,2026,5,8,17,2.0
Banani,2026,5,8,17,1.8
Bangshal,2026,5,8,17,1.8
Baridhara,2026,5,8,17,2.0
Bashundhara,2026,5,8,17,1.9
Bijoynagar,2026,5,8,17,1.9
Chawk Bazar,2026,5,8,17,1.6
DOHS Mohakhali,2026,5,8,17,1.6
Demra,2026,5,8,17,2.0
Dhanmondi,2026,5,8,17,1.6
Elephant Road,2026,5,8,17,1.8
Eskaton,2026,5,8,17,1.7
Farmgate,2026,5,8,17,1.5
Gabtoli,2026,5,8,17,1.6
Green Road,2026,5,8,17,1.9
Gulshan-1,2026,5,8,17,1.7
Gulshan-2,2026,5,8,17,1.5
Hatirpool,2026,5,8,17,1.9
Hazaribagh,2026,5,8,17,1.9
Islampur,2026,5,8,17,1.8
Jatrabari,2026,5,8,17,1.8
Kakrail,2026,5,8,17,1.8
Kallyanpur,2026,5,8,17,1.8
Kamalapur,2026,5,8,17,1.8
Karwan Bazar,2026,5,8,17,1.6
Kazipara,2026,5,8,17,1.9
Keraniganj,2026,5,8,17,1.7
Khilkhet,2026,5,8,17,1.8
Kuril,2026,5,8,17,1.5
Lalbagh,2026,5,8,17,1.6
Malibagh,2026,5,8,17,2.0
Mirpur-1,2026,5,8,17,1.9
Mirpur-10,2026,5,8,17,1.6
Mirpur-12,2026,5,8,17,1.8
Moghbazar,2026,5,8,17,1.5
Mohammadpur,2026,5,8,17,1.7
Mohakhali,2026,5,8,17,1.9
Motijheel,2026,5,8,17,1.7
Nakhalpara,2026,5,8,17,1.7
New Market,2026,5,8,17,1.5
Nikunja,2026,5,8,17,1.8
Pallabi,2026,5,8,17,1.6
Paltan,2026,5,8,17,1.8
Panthapath,2026,5,8,17,1.5
Postogola,2026,5,8,17,1.7
Ramna,2026,5,8,17,1.6
Rampura,2026,5,8,17,1.6
Sadarghat,2026,5,8,17,2.0
Science Lab,2026,5,8,17,1.7
Shahbagh,2026,5,8,17,2.0
Shewrapara,2026,5,8,17,1.7
Shyampur,2026,5,8,17,1.9
Sutrapur,2026,5,8,17,1.7
Tejgaon,2026,5,8,17,1.9
Uttara-1,2026,5,8,17,1.5
Uttara-3,2026,5,8,17,1.9
Uttara-7,2026,5,8,17,1.8
Wari,2026,5,8,17,1.7
Agargaon,2026,5,8,18,1.5
Airport,2026,5,8,18,1.9
Badda,2026,5,8,18,1.6
Banani,2026,5,8,18,1.7
Bangshal,2026,5,8,18,1.7
Baridhara,2026,5,8,18,1.9
Bashundhara,2026,5,8,18,1.8
Bijoynagar,2026,5,8,18,1.5
Chawk Bazar,2026,5,8,18,1.7
DOHS Mohakhali,2026,5,8,18,1.8
Demra,2026,5,8,18,1.6
Dhanmondi,2026,5,8,18,1.9
Elephant Road,2026,5,8,18,1.7
Eskaton,2026,5,8,18,1.6
Farmgate,2026,5,8,18,1.8
Gabtoli,2026,5,8,18,1.5
Green Road,2026,5,8,18,2.0
Gulshan-1,2026,5,8,18,1.7
Gulshan-2,2026,5,8,18,1.8
Hatirpool,2026,5,8,18,1.8
Hazaribagh,2026,5,8,18,1.7
Islampur,2026,5,8,18,1.9
Jatrabari,2026,5,8,18,1.9
Kakrail,2026,5,8,18,2.0
Kallyanpur,2026,5,8,18,1.9
Kamalapur,2026,5,8,18,1.7
Karwan Bazar,2026,5,8,18,1.9
Kazipara,2026,5,8,18,1.8
Keraniganj,2026,5,8,18,1.6
Khilkhet,2026,5,8,18,1.5
Kuril,2026,5,8,18,1.8
Lalbagh,2026,5,8,18,1.9
Malibagh,2026,5,8,18,1.6
Mirpur-1,2026,5,8,18,1.7
Mirpur-10,2026,5,8,18,1.8
Mirpur-12,2026,5,8,18,1.5
Moghbazar,2026,5,8,18,1.6
Mohammadpur,2026,5,8,18,1.5
Mohakhali,2026,5,8,18,1.6
Motijheel,2026,5,8,18,1.6
Nakhalpara,2026,5,8,18,1.6
New Market,2026,5,8,18,1.5
Nikunja,2026,5,8,18,1.6
Pallabi,2026,5,8,18,1.8
Paltan,2026,5,8,18,1.6
Panthapath,2026,5,8,18,1.9
Postogola,2026,5,8,18,1.9
Ramna,2026,5,8,18,1.5
Rampura,2026,5,8,18,1.6
Sadarghat,2026,5,8,18,1.8
Science Lab,2026,5,8,18,2.0
Shahbagh,2026,5,8,18,1.9
Shewrapara,2026,5,8,18,1.8
Shyampur,2026,5,8,18,1.8
Sutrapur,2026,5,8,18,2.0
Tejgaon,2026,5,8,18,1.7
Uttara-1,2026,5,8,18,1.6
Uttara-3,2026,5,8,18,1.8
Uttara-7,2026,5,8,18,1.7
Wari,2026,5,8,18,1.9
Agargaon,2026,5,8,19,1.6
Airport,2026,5,8,19,1.9
Badda,2026,5,8,19,2.0
Banani,2026,5,8,19,1.6
Bangshal,2026,5,8,19,2.0
Baridhara,2026,5,8,19,1.6
Bashundhara,2026,5,8,19,1.8
Bijoynagar,2026,5,8,19,1.9
Chawk Bazar,2026,5,8,19,1.8
DOHS Mohakhali,2026,5,8,19,1.5
Demra,2026,5,8,19,1.8
Dhanmondi,2026,5,8,19,1.8
Elephant Road,2026,5,8,19,1.9
Eskaton,2026,5,8,19,1.9
Farmgate,2026,5,8,19,1.5
Gabtoli,2026,5,8,19,2.0
Green Road,2026,5,8,19,1.8
Gulshan-1,2026,5,8,19,1.6
Gulshan-2,2026,5,8,19,1.9
Hatirpool,2026,5,8,19,1.6
Hazaribagh,2026,5,8,19,1.5
Islampur,2026,5,8,19,1.8
Jatrabari,2026,5,8,19,1.8
Kakrail,2026,5,8,19,1.6
Kallyanpur,2026,5,8,19,1.6
Kamalapur,2026,5,8,19,1.8
Karwan Bazar,2026,5,8,19,2.0
Kazipara,2026,5,8,19,2.0
Keraniganj,2026,5,8,19,1.9
Khilkhet,2026,5,8,19,1.8
Kuril,2026,5,8,19,1.8
Lalbagh,2026,5,8,19,1.6
Malibagh,2026,5,8,19,1.5
Mirpur-1,2026,5,8,19,1.6
Mirpur-10,2026,5,8,19,1.6
Mirpur-12,2026,5,8,19,1.5
Moghbazar,2026,5,8,19,1.9
Mohammadpur,2026,5,8,19,1.7
Mohakhali,2026,5,8,19,1.9
Motijheel,2026,5,8,19,1.6
Nakhalpara,2026,5,8,19,1.5
New Market,2026,5,8,19,1.8
Nikunja,2026,5,8,19,1.5
Pallabi,2026,5,8,19,1.9
Paltan,2026,5,8,19,1.6
Panthapath,2026,5,8,19,1.8
Postogola,2026,5,8,19,1.8
Ramna,2026,5,8,19,1.8
Rampura,2026,5,8,19,1.7
Sadarghat,2026,5,8,19,1.9
Science Lab,2026,5,8,19,2.0
Shahbagh,2026,5,8,19,1.6
Shewrapara,2026,5,8,19,1.8
Shyampur,2026,5,8,19,1.7
Sutrapur,2026,5,8,19,1.6
Tejgaon,2026,5,8,19,1.6
Uttara-1,2026,5,8,19,1.8
Uttara-3,2026,5,8,19,1.9
Uttara-7,2026,5,8,19,1.6
Wari,2026,5,8,19,1.7
Agargaon,2026,5,8,20,1.6
Airport,2026,5,8,20,1.8
Badda,2026,5,8,20,1.7
Banani,2026,5,8,20,1.9
Bangshal,2026,5,8,20,1.7
Baridhara,2026,5,8,20,1.9
Bashundhara,2026,5,8,20,2.0
Bijoynagar,2026,5,8,20,1.8
Chawk Bazar,2026,5,8,20,1.7
DOHS Mohakhali,2026,5,8,20,1.5
Demra,2026,5,8,20,2.0
Dhanmondi,2026,5,8,20,1.7
Elephant Road,2026,5,8,20,1.9
Eskaton,2026,5,8,20,1.7
Farmgate,2026,5,8,20,1.8
Gabtoli,2026,5,8,20,1.8
Green Road,2026,5,8,20,1.6
Gulshan-1,2026,5,8,20,1.7
Gulshan-2,2026,5,8,20,1.6
Hatirpool,2026,5,8,20,1.5
Hazaribagh,2026,5,8,20,1.7
Islampur,2026,5,8,20,2.0
Jatrabari,2026,5,8,20,1.6
Kakrail,2026,5,8,20,1.8
Kallyanpur,2026,5,8,20,1.9
Kamalapur,2026,5,8,20,1.5
Karwan Bazar,2026,5,8,20,1.7
Kazipara,2026,5,8,20,1.7
Keraniganj,2026,5,8,20,1.8
Khilkhet,2026,5,8,20,1.6
Kuril,2026,5,8,20,1.8
Lalbagh,2026,5,8,20,1.6
Malibagh,2026,5,8,20,1.9
Mirpur-1,2026,5,8,20,1.8
Mirpur-10,2026,5,8,20,1.7
Mirpur-12,2026,5,8,20,2.0
Moghbazar,2026,5,8,20,1.7
Mohammadpur,2026,5,8,20,1.8
Mohakhali,2026,5,8,20,1.8
Motijheel,2026,5,8,20,1.6
Nakhalpara,2026,5,8,20,1.6
New Market,2026,5,8,20,1.8
Nikunja,2026,5,8,20,1.6
Pallabi,2026,5,8,20,2.0
Paltan,2026,5,8,20,1.8
Panthapath,2026,5,8,20,1.7
Postogola,2026,5,8,20,1.7
Ramna,2026,5,8,20,1.9
Rampura,2026,5,8,20,1.6
Sadarghat,2026,5,8,20,1.9
Science Lab,2026,5,8,20,1.9
Shahbagh,2026,5,8,20,1.8
Shewrapara,2026,5,8,20,1.6
Shyampur,2026,5,8,20,1.7
Sutrapur,2026,5,8,20,1.9
Tejgaon,2026,5,8,20,1.6
Uttara-1,2026,5,8,20,2.0
Uttara-3,2026,5,8,20,1.9
Uttara-7,2026,5,8,20,1.7
Wari,2026,5,8,20,1.8
Agargaon,2026,5,8,21,1.8
Airport,2026,5,8,21,1.6
Badda,2026,5,8,21,1.7
Banani,2026,5,8,21,1.7
Bangshal,2026,5,8,21,1.9
Baridhara,2026,5,8,21,1.6
Bashundhara,2026,5,8,21,1.7
Bijoynagar,2026,5,8,21,1.7
Chawk Bazar,2026,5,8,21,1.5
DOHS Mohakhali,2026,5,8,21,1.9
Demra,2026,5,8,21,1.9
Dhanmondi,2026,5,8,21,1.5
Elephant Road,2026,5,8,21,1.7
Eskaton,2026,5,8,21,1.9
Farmgate,2026,5,8,21,1.9
Gabtoli,2026,5,8,21,1.8
Green Road,2026,5,8,21,1.5
Gulshan-1,2026,5,8,21,1.7
Gulshan-2,2026,5,8,21,1.5
Hatirpool,2026,5,8,21,1.8
Hazaribagh,2026,5,8,21,1.5
Islampur,2026,5,8,21,1.8
Jatrabari,2026,5,8,21,1.8
Kakrail,2026,5,8,21,1.8
Kallyanpur,2026,5,8,21,1.7
Kamalapur,2026,5,8,21,1.5
Karwan Bazar,2026,5,8,21,1.6
Kazipara,2026,5,8,21,1.7
Keraniganj,2026,5,8,21,1.5
Khilkhet,2026,5,8,21,1.6
Kuril,2026,5,8,21,1.9
Lalbagh,2026,5,8,21,1.9
Malibagh,2026,5,8,21,1.9
Mirpur-1,2026,5,8,21,2.0
Mirpur-10,2026,5,8,21,1.9
Mirpur-12,2026,5,8,21,1.9
Moghbazar,2026,5,8,21,1.9
Mohammadpur,2026,5,8,21,1.6
Mohakhali,2026,5,8,21,1.7
Motijheel,2026,5,8,21,1.5
Nakhalpara,2026,5,8,21,1.7
New Market,2026,5,8,21,1.6
Nikunja,2026,5,8,21,1.8
Pallabi,2026,5,8,21,1.7
Paltan,2026,5,8,21,1.7
Panthapath,2026,5,8,21,1.9
Postogola,2026,5,8,21,1.6
Ramna,2026,5,8,21,1.7
Rampura,2026,5,8,21,1.9
Sadarghat,2026,5,8,21,1.6
Science Lab,2026,5,8,21,2.0
Shahbagh,2026,5,8,21,1.5
Shewrapara,2026,5,8,21,1.8
Shyampur,2026,5,8,21,1.8
Sutrapur,2026,5,8,21,1.6
Tejgaon,2026,5,8,21,1.7
Uttara-1,2026,5,8,21,1.9
Uttara-3,2026,5,8,21,1.9
Uttara-7,2026,5,8,21,1.7
Wari,2026,5,8,21,1.9
Agargaon,2026,5,8,22,1.2
Airport,2026,5,8,22,1.2
Badda,2026,5,8,22,1.1
Banani,2026,5,8,22,1.2
Bangshal,2026,5,8,22,1.0
Baridhara,2026,5,8,22,1.1
Bashundhara,2026,5,8,22,1.1
Bijoynagar,2026,5,8,22,1.1
Chawk Bazar,2026,5,8,22,1.2
DOHS Mohakhali,2026,5,8,22,1.3
Demra,2026,5,8,22,1.0
Dhanmondi,2026,5,8,22,1.1
Elephant Road,2026,5,8,22,1.1
Eskaton,2026,5,8,22,1.0
Farmgate,2026,5,8,22,1.1
Gabtoli,2026,5,8,22,1.2
Green Road,2026,5,8,22,1.1
Gulshan-1,2026,5,8,22,1.1
Gulshan-2,2026,5,8,22,1.0
Hatirpool,2026,5,8,22,1.1
Hazaribagh,2026,5,8,22,1.2
Islampur,2026,5,8,22,1.0
Jatrabari,2026,5,8,22,1.0
Kakrail,2026,5,8,22,1.2
Kallyanpur,2026,5,8,22,1.2
Kamalapur,2026,5,8,22,1.2
Karwan Bazar,2026,5,8,22,1.2
Kazipara,2026,5,8,22,1.2
Keraniganj,2026,5,8,22,1.2
Khilkhet,2026,5,8,22,1.2
Kuril,2026,5,8,22,1.2
Lalbagh,2026,5,8,22,1.3
Malibagh,2026,5,8,22,1.3
Mirpur-1,2026,5,8,22,1.3
Mirpur-10,2026,5,8,22,1.1
Mirpur-12,2026,5,8,22,1.0
Moghbazar,2026,5,8,22,1.3
Mohammadpur,2026,5,8,22,1.0
Mohakhali,2026,5,8,22,1.1
Motijheel,2026,5,8,22,1.1
Nakhalpara,2026,5,8,22,1.2
New Market,2026,5,8,22,1.1
Nikunja,2026,5,8,22,1.3
Pallabi,2026,5,8,22,1.2
Paltan,2026,5,8,22,1.0
Panthapath,2026,5,8,22,1.2
Postogola,2026,5,8,22,1.2
Ramna,2026,5,8,22,1.2
Rampura,2026,5,8,22,1.2
Sadarghat,2026,5,8,22,1.1
Science Lab,2026,5,8,22,1.1
Shahbagh,2026,5,8,22,1.2
Shewrapara,2026,5,8,22,1.1
Shyampur,2026,5,8,22,1.0
Sutrapur,2026,5,8,22,1.2
Tejgaon,2026,5,8,22,1.3
Uttara-1,2026,5,8,22,1.1
Uttara-3,2026,5,8,22,1.1
Uttara-7,2026,5,8,22,1.2
Wari,2026,5,8,22,1.3
Agargaon,2026,5,8,23,1.1
Airport,2026,5,8,23,1.2
Badda,2026,5,8,23,1.0
Banani,2026,5,8,23,1.2
Bangshal,2026,5,8,23,1.1
Baridhara,2026,5,8,23,1.3
Bashundhara,2026,5,8,23,1.1
Bijoynagar,2026,5,8,23,1.2
Chawk Bazar,2026,5,8,23,1.2
DOHS Mohakhali,2026,5,8,23,1.1
Demra,2026,5,8,23,1.2
Dhanmondi,2026,5,8,23,1.2
Elephant Road,2026,5,8,23,1.2
Eskaton,2026,5,8,23,1.3
Farmgate,2026,5,8,23,1.2
Gabtoli,2026,5,8,23,1.0
Green Road,2026,5,8,23,1.1
Gulshan-1,2026,5,8,23,1.0
Gulshan-2,2026,5,8,23,1.2
Hatirpool,2026,5,8,23,1.1
Hazaribagh,2026,5,8,23,1.0
Islampur,2026,5,8,23,1.2
Jatrabari,2026,5,8,23,1.1
Kakrail,2026,5,8,23,1.0
Kallyanpur,2026,5,8,23,1.2
Kamalapur,2026,5,8,23,1.2
Karwan Bazar,2026,5,8,23,1.1
Kazipara,2026,5,8,23,1.3
Keraniganj,2026,5,8,23,1.1
Khilkhet,2026,5,8,23,1.0
Kuril,2026,5,8,23,1.0
Lalbagh,2026,5,8,23,1.1
Malibagh,2026,5,8,23,1.3
Mirpur-1,2026,5,8,23,1.2
Mirpur-10,2026,5,8,23,1.2
Mirpur-12,2026,5,8,23,1.2
Moghbazar,2026,5,8,23,1.1
Mohammadpur,2026,5,8,23,1.3
Mohakhali,2026,5,8,23,1.2
Motijheel,2026,5,8,23,1.2
Nakhalpara,2026,5,8,23,1.1
New Market,2026,5,8,23,1.1
Nikunja,2026,5,8,23,1.1
Pallabi,2026,5,8,23,1.2
Paltan,2026,5,8,23,1.3
Panthapath,2026,5,8,23,1.1
Postogola,2026,5,8,23,1.1
Ramna,2026,5,8,23,1.0
Rampura,2026,5,8,23,1.3
Sadarghat,2026,5,8,23,1.3
Science Lab,2026,5,8,23,1.1
Shahbagh,2026,5,8,23,1.2
Shewrapara,2026,5,8,23,1.0
Shyampur,2026,5,8,23,1.1
Sutrapur,2026,5,8,23,1.2
Tejgaon,2026,5,8,23,1.3
Uttara-1,2026,5,8,23,1.1
Uttara-3,2026,5,8,23,1.2
Uttara-7,2026,5,8,23,1.1
Wari,2026,5,8,23,1.1
Agargaon,2026,5,9,0,1.1
Airport,2026,5,9,0,1.1
Badda,2026,5,9,0,1.2
Banani,2026,5,9,0,1.1
Bangshal,2026,5,9,0,1.2
Baridhara,2026,5,9,0,1.3
Bashundhara,2026,5,9,0,1.2
Bijoynagar,2026,5,9,0,1.1
Chawk Bazar,2026,5,9,0,1.2
DOHS Mohakhali,2026,5,9,0,1.1
Demra,2026,5,9,0,1.2
Dhanmondi,2026,5,9,0,1.3
Elephant Road,2026,5,9,0,1.0
Eskaton,2026,5,9,0,1.1
Farmgate,2026,5,9,0,1.0
Gabtoli,2026,5,9,0,1.2
Green Road,2026,5,9,0,1.1
Gulshan-1,2026,5,9,0,1.1
Gulshan-2,2026,5,9,0,1.0
Hatirpool,2026,5,9,0,1.3
Hazaribagh,2026,5,9,0,1.0
Islampur,2026,5,9,0,1.0
Jatrabari,2026,5,9,0,1.0
Kakrail,2026,5,9,0,1.2
Kallyanpur,2026,5,9,0,1.3
Kamalapur,2026,5,9,0,1.2
Karwan Bazar,2026,5,9,0,1.1
Kazipara,2026,5,9,0,1.1
Keraniganj,2026,5,9,0,1.2
Khilkhet,2026,5,9,0,1.2
Kuril,2026,5,9,0,1.1
Lalbagh,2026,5,9,0,1.1
Malibagh,2026,5,9,0,1.3
Mirpur-1,2026,5,9,0,1.2
Mirpur-10,2026,5,9,0,1.2
Mirpur-12,2026,5,9,0,1.1
Moghbazar,2026,5,9,0,1.1
Mohammadpur,2026,5,9,0,1.1
Mohakhali,2026,5,9,0,1.1
Motijheel,2026,5,9,0,1.2
Nakhalpara,2026,5,9,0,1.0
New Market,2026,5,9,0,1.2
Nikunja,2026,5,9,0,1.3
Pallabi,2026,5,9,0,1.1
Paltan,2026,5,9,0,1.3
Panthapath,2026,5,9,0,1.1
Postogola,2026,5,9,0,1.0
Ramna,2026,5,9,0,1.3
Rampura,2026,5,9,0,1.2
Sadarghat,2026,5,9,0,1.0
Science Lab,2026,5,9,0,1.3
Shahbagh,2026,5,9,0,1.3
Shewrapara,2026,5,9,0,1.1
Shyampur,2026,5,9,0,1.1
Sutrapur,2026,5,9,0,1.1
Tejgaon,2026,5,9,0,1.2
Uttara-1,2026,5,9,0,1.2
Uttara-3,2026,5,9,0,1.0
Uttara-7,2026,5,9,0,1.2
Wari,2026,5,9,0,1.2
Agargaon,2026,5,9,1,1.1
Airport,2026,5,9,1,1.3
Badda,2026,5,9,1,1.3
Banani,2026,5,9,1,1.0
Bangshal,2026,5,9,1,1.1
Baridhara,2026,5,9,1,1.2
Bashundhara,2026,5,9,1,1.2
Bijoynagar,2026,5,9,1,1.2
Chawk Bazar,2026,5,9,1,1.2
DOHS Mohakhali,2026,5,9,1,1.3
Demra,2026,5,9,1,1.2
Dhanmondi,2026,5,9,1,1.2
Elephant Road,2026,5,9,1,1.1
Eskaton,2026,5,9,1,1.1
Farmgate,2026,5,9,1,1.1
Gabtoli,2026,5,9,1,1.1
Green Road,2026,5,9,1,1.1
Gulshan-1,2026,5,9,1,1.0
Gulshan-2,2026,5,9,1,1.1
Hatirpool,2026,5,9,1,1.1
Hazaribagh,2026,5,9,1,1.1
Islampur,2026,5,9,1,1.0
Jatrabari,2026,5,9,1,1.2
Kakrail,2026,5,9,1,1.2
Kallyanpur,2026,5,9,1,1.3
Kamalapur,2026,5,9,1,1.2
Karwan Bazar,2026,5,9,1,1.2
Kazipara,2026,5,9,1,1.2
Keraniganj,2026,5,9,1,1.1
Khilkhet,2026,5,9,1,1.1
Kuril,2026,5,9,1,1.1
Lalbagh,2026,5,9,1,1.2
Malibagh,2026,5,9,1,1.2
Mirpur-1,2026,5,9,1,1.1
Mirpur-10,2026,5,9,1,1.1
Mirpur-12,2026,5,9,1,1.0
Moghbazar,2026,5,9,1,1.3
Mohammadpur,2026,5,9,1,1.1
Mohakhali,2026,5,9,1,1.0
Motijheel,2026,5,9,1,1.2
Nakhalpara,2026,5,9,1,1.3
New Market,2026,5,9,1,1.3
Nikunja,2026,5,9,1,1.3
Pallabi,2026,5,9,1,1.2
Paltan,2026,5,9,1,1.0
Panthapath,2026,5,9,1,1.1
Postogola,2026,5,9,1,1.2
Ramna,2026,5,9,1,1.0
Rampura,2026,5,9,1,1.2
Sadarghat,2026,5,9,1,1.3
Science Lab,2026,5,9,1,1.3
Shahbagh,2026,5,9,1,1.2
Shewrapara,2026,5,9,1,1.1
Shyampur,2026,5,9,1,1.3
Sutrapur,2026,5,9,1,1.1
Tejgaon,2026,5,9,1,1.1
Uttara-1,2026,5,9,1,1.3
Uttara-3,2026,5,9,1,1.1
Uttara-7,2026,5,9,1,1.0
Wari,2026,5,9,1,1.3
Agargaon,2026,5,9,2,1.1
Airport,2026,5,9,2,1.1
Badda,2026,5,9,2,1.2
Banani,2026,5,9,2,1.1
Bangshal,2026,5,9,2,1.2
Baridhara,2026,5,9,2,1.1
Bashundhara,2026,5,9,2,1.2
Bijoynagar,2026,5,9,2,1.3
Chawk Bazar,2026,5,9,2,1.2
DOHS Mohakhali,2026,5,9,2,1.1
Demra,2026,5,9,2,1.0
Dhanmondi,2026,5,9,2,1.1
Elephant Road,2026,5,9,2,1.2
Eskaton,2026,5,9,2,1.1
Farmgate,2026,5,9,2,1.1
Gabtoli,2026,5,9,2,1.2
Green Road,2026,5,9,2,1.2
Gulshan-1,2026,5,9,2,1.2
Gulshan-2,2026,5,9,2,1.1
Hatirpool,2026,5,9,2,1.1
Hazaribagh,2026,5,9,2,1.1
Islampur,2026,5,9,2,1.2
Jatrabari,2026,5,9,2,1.1
Kakrail,2026,5,9,2,1.1
Kallyanpur,2026,5,9,2,1.2
Kamalapur,2026,5,9,2,1.2
Karwan Bazar,2026,5,9,2,1.0
Kazipara,2026,5,9,2,1.2
Keraniganj,2026,5,9,2,1.1
Khilkhet,2026,5,9,2,1.1
Kuril,2026,5,9,2,1.2
Lalbagh,2026,5,9,2,1.1
Malibagh,2026,5,9,2,1.3
Mirpur-1,2026,5,9,2,1.2
Mirpur-10,2026,5,9,2,1.2
Mirpur-12,2026,5,9,2,1.1
Moghbazar,2026,5,9,2,1.2
Mohammadpur,2026,5,9,2,1.1
Mohakhali,2026,5,9,2,1.1
Motijheel,2026,5,9,2,1.2
Nakhalpara,2026,5,9,2,1.1
New Market,2026,5,9,2,1.2
Nikunja,2026,5,9,2,1.2
Pallabi,2026,5,9,2,1.1
Paltan,2026,5,9,2,1.2
Panthapath,2026,5,9,2,1.2
Postogola,2026,5,9,2,1.2
Ramna,2026,5,9,2,1.2
Rampura,2026,5,9,2,1.3
Sadarghat,2026,5,9,2,1.2
Science Lab,2026,5,9,2,1.1
Shahbagh,2026,5,9,2,1.2
Shewrapara,2026,5,9,2,1.0
Shyampur,2026,5,9,2,1.2
Sutrapur,2026,5,9,2,1.0
Tejgaon,2026,5,9,2,1.2
Uttara-1,2026,5,9,2,1.1
Uttara-3,2026,5,9,2,1.0
Uttara-7,2026,5,9,2,1.2
Wari,2026,5,9,2,1.2
Agargaon,2026,5,9,3,1.3
Airport,2026,5,9,3,1.0
Badda,2026,5,9,3,1.2
Banani,2026,5,9,3,1.2
Bangshal,2026,5,9,3,1.2
Baridhara,2026,5,9,3,1.2
Bashundhara,2026,5,9,3,1.1
Bijoynagar,2026,5,9,3,1.0
Chawk Bazar,2026,5,9,3,1.2
DOHS Mohakhali,2026,5,9,3,1.0
Demra,2026,5,9,3,1.0
Dhanmondi,2026,5,9,3,1.1
Elephant Road,2026,5,9,3,1.0
Eskaton,2026,5,9,3,1.0
Farmgate,2026,5,9,3,1.0
Gabtoli,2026,5,9,3,1.2
Green Road,2026,5,9,3,1.1
Gulshan-1,2026,5,9,3,1.1
Gulshan-2,2026,5,9,3,1.1
Hatirpool,2026,5,9,3,1.1
Hazaribagh,2026,5,9,3,1.1
Islampur,2026,5,9,3,1.1
Jatrabari,2026,5,9,3,1.1
Kakrail,2026,5,9,3,1.3
Kallyanpur,2026,5,9,3,1.2
Kamalapur,2026,5,9,3,1.0
Karwan Bazar,2026,5,9,3,1.2
Kazipara,2026,5,9,3,1.2
Keraniganj,2026,5,9,3,1.2
Khilkhet,2026,5,9,3,1.2
Kuril,2026,5,9,3,1.0
Lalbagh,2026,5,9,3,1.1
Malibagh,2026,5,9,3,1.0
Mirpur-1,2026,5,9,3,1.1
Mirpur-10,2026,5,9,3,1.2
Mirpur-12,2026,5,9,3,1.2
Moghbazar,2026,5,9,3,1.2
Mohammadpur,2026,5,9,3,1.1
Mohakhali,2026,5,9,3,1.2
Motijheel,2026,5,9,3,1.1
Nakhalpara,2026,5,9,3,1.1
New Market,2026,5,9,3,1.0
Nikunja,2026,5,9,3,1.2
Pallabi,2026,5,9,3,1.3
Paltan,2026,5,9,3,1.0
Panthapath,2026,5,9,3,1.3
Postogola,2026,5,9,3,1.2
Ramna,2026,5,9,3,1.0
Rampura,2026,5,9,3,1.1
Sadarghat,2026,5,9,3,1.2
Science Lab,2026,5,9,3,1.3
Shahbagh,2026,5,9,3,1.1
Shewrapara,2026,5,9,3,1.3
Shyampur,2026,5,9,3,1.3
Sutrapur,2026,5,9,3,1.1
Tejgaon,2026,5,9,3,1.2
Uttara-1,2026,5,9,3,1.1
Uttara-3,2026,5,9,3,1.3
Uttara-7,2026,5,9,3,1.2
Wari,2026,5,9,3,1.2
Agargaon,2026,5,9,4,1.0
Airport,2026,5,9,4,1.2
Badda,2026,5,9,4,1.1
Banani,2026,5,9,4,1.1
Bangshal,2026,5,9,4,1.0
Baridhara,2026,5,9,4,1.2
Bashundhara,2026,5,9,4,1.2
Bijoynagar,2026,5,9,4,1.3
Chawk Bazar,2026,5,9,4,1.1
DOHS Mohakhali,2026,5,9,4,1.1
Demra,2026,5,9,4,1.1
Dhanmondi,2026,5,9,4,1.1
Elephant Road,2026,5,9,4,1.3
Eskaton,2026,5,9,4,1.3
Farmgate,2026,5,9,4,1.2
Gabtoli,2026,5,9,4,1.1
Green Road,2026,5,9,4,1.2
Gulshan-1,2026,5,9,4,1.2
Gulshan-2,2026,5,9,4,1.3
Hatirpool,2026,5,9,4,1.0
Hazaribagh,2026,5,9,4,1.2
Islampur,2026,5,9,4,1.2
Jatrabari,2026,5,9,4,1.0
Kakrail,2026,5,9,4,1.1
Kallyanpur,2026,5,9,4,1.1
Kamalapur,2026,5,9,4,1.0
Karwan Bazar,2026,5,9,4,1.2
Kazipara,2026,5,9,4,1.2
Keraniganj,2026,5,9,4,1.2
Khilkhet,2026,5,9,4,1.2
Kuril,2026,5,9,4,1.1
Lalbagh,2026,5,9,4,1.1
Malibagh,2026,5,9,4,1.1
Mirpur-1,2026,5,9,4,1.2
Mirpur-10,2026,5,9,4,1.0
Mirpur-12,2026,5,9,4,1.0
Moghbazar,2026,5,9,4,1.1
Mohammadpur,2026,5,9,4,1.3
Mohakhali,2026,5,9,4,1.1
Motijheel,2026,5,9,4,1.2
Nakhalpara,2026,5,9,4,1.1
New Market,2026,5,9,4,1.1
Nikunja,2026,5,9,4,1.2
Pallabi,2026,5,9,4,1.3
Paltan,2026,5,9,4,1.2
Panthapath,2026,5,9,4,1.1
Postogola,2026,5,9,4,1.1
Ramna,2026,5,9,4,1.2
Rampura,2026,5,9,4,1.1
Sadarghat,2026,5,9,4,1.2
Science Lab,2026,5,9,4,1.3
Shahbagh,2026,5,9,4,1.2
Shewrapara,2026,5,9,4,1.2
Shyampur,2026,5,9,4,1.1
Sutrapur,2026,5,9,4,1.2
Tejgaon,2026,5,9,4,1.2
Uttara-1,2026,5,9,4,1.1
Uttara-3,2026,5,9,4,1.2
Uttara-7,2026,5,9,4,1.2
Wari,2026,5,9,4,1.3
Agargaon,2026,5,9,5,1.2
Airport,2026,5,9,5,1.1
Badda,2026,5,9,5,1.1
Banani,2026,5,9,5,1.2
Bangshal,2026,5,9,5,1.3
Baridhara,2026,5,9,5,1.1
Bashundhara,2026,5,9,5,1.1
Bijoynagar,2026,5,9,5,1.0
Chawk Bazar,2026,5,9,5,1.1
DOHS Mohakhali,2026,5,9,5,1.1
Demra,2026,5,9,5,1.1
Dhanmondi,2026,5,9,5,1.1
Elephant Road,2026,5,9,5,1.2
Eskaton,2026,5,9,5,1.0
Farmgate,2026,5,9,5,1.2
Gabtoli,2026,5,9,5,1.1
Green Road,2026,5,9,5,1.1
Gulshan-1,2026,5,9,5,1.1
Gulshan-2,2026,5,9,5,1.1
Hatirpool,2026,5,9,5,1.2
Hazaribagh,2026,5,9,5,1.0
Islampur,2026,5,9,5,1.3
Jatrabari,2026,5,9,5,1.1
Kakrail,2026,5,9,5,1.2
Kallyanpur,2026,5,9,5,1.1
Kamalapur,2026,5,9,5,1.0
Karwan Bazar,2026,5,9,5,1.0
Kazipara,2026,5,9,5,1.1
Keraniganj,2026,5,9,5,1.3
Khilkhet,2026,5,9,5,1.2
Kuril,2026,5,9,5,1.0
Lalbagh,2026,5,9,5,1.3
Malibagh,2026,5,9,5,1.2
Mirpur-1,2026,5,9,5,1.1
Mirpur-10,2026,5,9,5,1.1
Mirpur-12,2026,5,9,5,1.0
Moghbazar,2026,5,9,5,1.3
Mohammadpur,2026,5,9,5,1.3
Mohakhali,2026,5,9,5,1.1
Motijheel,2026,5,9,5,1.1
Nakhalpara,2026,5,9,5,1.1
New Market,2026,5,9,5,1.2
Nikunja,2026,5,9,5,1.1
Pallabi,2026,5,9,5,1.2
Paltan,2026,5,9,5,1.1
Panthapath,2026,5,9,5,1.0
Postogola,2026,5,9,5,1.3
Ramna,2026,5,9,5,1.0
Rampura,2026,5,9,5,1.0
Sadarghat,2026,5,9,5,1.1
Science Lab,2026,5,9,5,1.3
Shahbagh,2026,5,9,5,1.1
Shewrapara,2026,5,9,5,1.1
Shyampur,2026,5,9,5,1.1
Sutrapur,2026,5,9,5,1.1
Tejgaon,2026,5,9,5,1.2
Uttara-1,2026,5,9,5,1.3
Uttara-3,2026,5,9,5,1.2
Uttara-7,2026,5,9,5,1.1
Wari,2026,5,9,5,1.0
Agargaon,2026,5,9,6,1.2
Airport,2026,5,9,6,1.1
Badda,2026,5,9,6,1.1
Banani,2026,5,9,6,1.0
Bangshal,2026,5,9,6,1.0
Baridhara,2026,5,9,6,1.0
Bashundhara,2026,5,9,6,1.2
Bijoynagar,2026,5,9,6,1.1
Chawk Bazar,2026,5,9,6,1.1
DOHS Mohakhali,2026,5,9,6,1.2
Demra,2026,5,9,6,1.2
Dhanmondi,2026,5,9,6,1.2
Elephant Road,2026,5,9,6,1.2
Eskaton,2026,5,9,6,1.2
Farmgate,2026,5,9,6,1.3
Gabtoli,2026,5,9,6,1.3
Green Road,2026,5,9,6,1.0
Gulshan-1,2026,5,9,6,1.2
Gulshan-2,2026,5,9,6,1.2
Hatirpool,2026,5,9,6,1.2
Hazaribagh,2026,5,9,6,1.2
Islampur,2026,5,9,6,1.1
Jatrabari,2026,5,9,6,1.0
Kakrail,2026,5,9,6,1.2
Kallyanpur,2026,5,9,6,1.2
Kamalapur,2026,5,9,6,1.1
Karwan Bazar,2026,5,9,6,1.3
Kazipara,2026,5,9,6,1.2
Keraniganj,2026,5,9,6,1.3
Khilkhet,2026,5,9,6,1.1
Kuril,2026,5,9,6,1.2
Lalbagh,2026,5,9,6,1.1
Malibagh,2026,5,9,6,1.0
Mirpur-1,2026,5,9,6,1.3
Mirpur-10,2026,5,9,6,1.2
Mirpur-12,2026,5,9,6,1.2
Moghbazar,2026,5,9,6,1.2
Mohammadpur,2026,5,9,6,1.2
Mohakhali,2026,5,9,6,1.1
Motijheel,2026,5,9,6,1.2
Nakhalpara,2026,5,9,6,1.0
New Market,2026,5,9,6,1.0
Nikunja,2026,5,9,6,1.1
Pallabi,2026,5,9,6,1.1
Paltan,2026,5,9,6,1.2
Panthapath,2026,5,9,6,1.1
Postogola,2026,5,9,6,1.2
Ramna,2026,5,9,6,1.0
Rampura,2026,5,9,6,1.3
Sadarghat,2026,5,9,6,1.0
Science Lab,2026,5,9,6,1.2
Shahbagh,2026,5,9,6,1.2
Shewrapara,2026,5,9,6,1.2
Shyampur,2026,5,9,6,1.0
Sutrapur,2026,5,9,6,1.0
Tejgaon,2026,5,9,6,1.1
Uttara-1,2026,5,9,6,1.1
Uttara-3,2026,5,9,6,1.1
Uttara-7,2026,5,9,6,1.2
Wari,2026,5,9,6,1.2
Agargaon,2026,5,9,7,1.0
Airport,2026,5,9,7,1.2
Badda,2026,5,9,7,1.2
Banani,2026,5,9,7,1.3
Bangshal,2026,5,9,7,1.0
Baridhara,2026,5,9,7,1.1
Bashundhara,2026,5,9,7,1.0
Bijoynagar,2026,5,9,7,1.1
Chawk Bazar,2026,5,9,7,1.1
DOHS Mohakhali,2026,5,9,7,1.2
Demra,2026,5,9,7,1.2
Dhanmondi,2026,5,9,7,1.0
Elephant Road,2026,5,9,7,1.3
Eskaton,2026,5,9,7,1.0
Farmgate,2026,5,9,7,1.0
Gabtoli,2026,5,9,7,1.1
Green Road,2026,5,9,7,1.2
Gulshan-1,2026,5,9,7,1.3
Gulshan-2,2026,5,9,7,1.1
Hatirpool,2026,5,9,7,1.2
Hazaribagh,2026,5,9,7,1.0
Islampur,2026,5,9,7,1.0
Jatrabari,2026,5,9,7,1.1
Kakrail,2026,5,9,7,1.1
Kallyanpur,2026,5,9,7,1.2
Kamalapur,2026,5,9,7,1.1
Karwan Bazar,2026,5,9,7,1.2
Kazipara,2026,5,9,7,1.1
Keraniganj,2026,5,9,7,1.2
Khilkhet,2026,5,9,7,1.0
Kuril,2026,5,9,7,1.1
Lalbagh,2026,5,9,7,1.3
Malibagh,2026,5,9,7,1.2
Mirpur-1,2026,5,9,7,1.0
Mirpur-10,2026,5,9,7,1.0
Mirpur-12,2026,5,9,7,1.2
Moghbazar,2026,5,9,7,1.0
Mohammadpur,2026,5,9,7,1.1
Mohakhali,2026,5,9,7,1.2
Motijheel,2026,5,9,7,1.2
Nakhalpara,2026,5,9,7,1.1
New Market,2026,5,9,7,1.1
Nikunja,2026,5,9,7,1.0
Pallabi,2026,5,9,7,1.0
Paltan,2026,5,9,7,1.0
Panthapath,2026,5,9,7,1.3
Postogola,2026,5,9,7,1.1
Ramna,2026,5,9,7,1.2
Rampura,2026,5,9,7,1.1
Sadarghat,2026,5,9,7,1.1
Science Lab,2026,5,9,7,1.1
Shahbagh,2026,5,9,7,1.1
Shewrapara,2026,5,9,7,1.0
Shyampur,2026,5,9,7,1.1
Sutrapur,2026,5,9,7,1.2
Tejgaon,2026,5,9,7,1.1
Uttara-1,2026,5,9,7,1.1
Uttara-3,2026,5,9,7,1.1
Uttara-7,2026,5,9,7,1.2
Wari,2026,5,9,7,1.1
Agargaon,2026,5,9,8,1.5
Airport,2026,5,9,8,1.8
Badda,2026,5,9,8,1.7
Banani,2026,5,9,8,1.7
Bangshal,2026,5,9,8,1.6
Baridhara,2026,5,9,8,1.4
Bashundhara,2026,5,9,8,1.4
Bijoynagar,2026,5,9,8,1.8
Chawk Bazar,2026,5,9,8,1.6
DOHS Mohakhali,2026,5,9,8,1.5
Demra,2026,5,9,8,1.6
Dhanmondi,2026,5,9,8,1.8
Elephant Road,2026,5,9,8,1.4
Eskaton,2026,5,9,8,1.8
Farmgate,2026,5,9,8,1.4
Gabtoli,2026,5,9,8,1.8
Green Road,2026,5,9,8,1.6
Gulshan-1,2026,5,9,8,1.6
Gulshan-2,2026,5,9,8,1.8
Hatirpool,2026,5,9,8,1.7
Hazaribagh,2026,5,9,8,1.8
Islampur,2026,5,9,8,1.6
Jatrabari,2026,5,9,8,1.6
Kakrail,2026,5,9,8,1.6
Kallyanpur,2026,5,9,8,1.7
Kamalapur,2026,5,9,8,1.6
Karwan Bazar,2026,5,9,8,1.7
Kazipara,2026,5,9,8,1.4
Keraniganj,2026,5,9,8,1.6
Khilkhet,2026,5,9,8,1.5
Kuril,2026,5,9,8,1.6
Lalbagh,2026,5,9,8,1.5
Malibagh,2026,5,9,8,1.7
Mirpur-1,2026,5,9,8,1.6
Mirpur-10,2026,5,9,8,1.4
Mirpur-12,2026,5,9,8,1.5
Moghbazar,2026,5,9,8,1.5
Mohammadpur,2026,5,9,8,1.8
Mohakhali,2026,5,9,8,1.6
Motijheel,2026,5,9,8,1.8
Nakhalpara,2026,5,9,8,1.8
New Market,2026,5,9,8,1.5
Nikunja,2026,5,9,8,1.8
Pallabi,2026,5,9,8,1.6
Paltan,2026,5,9,8,1.4
Panthapath,2026,5,9,8,1.7
Postogola,2026,5,9,8,1.6
Ramna,2026,5,9,8,1.4
Rampura,2026,5,9,8,1.8
Sadarghat,2026,5,9,8,1.7
Science Lab,2026,5,9,8,1.5
Shahbagh,2026,5,9,8,1.6
Shewrapara,2026,5,9,8,1.5
Shyampur,2026,5,9,8,1.7
Sutrapur,2026,5,9,8,1.8
Tejgaon,2026,5,9,8,1.4
Uttara-1,2026,5,9,8,1.5
Uttara-3,2026,5,9,8,1.7
Uttara-7,2026,5,9,8,1.4
Wari,2026,5,9,8,1.7
Agargaon,2026,5,9,9,1.7
Airport,2026,5,9,9,1.5
Badda,2026,5,9,9,1.4
Banani,2026,5,9,9,1.8
Bangshal,2026,5,9,9,1.7
Baridhara,2026,5,9,9,1.7
Bashundhara,2026,5,9,9,1.6
Bijoynagar,2026,5,9,9,1.5
Chawk Bazar,2026,5,9,9,1.6
DOHS Mohakhali,2026,5,9,9,1.8
Demra,2026,5,9,9,1.4
Dhanmondi,2026,5,9,9,1.8
Elephant Road,2026,5,9,9,1.4
Eskaton,2026,5,9,9,1.6
Farmgate,2026,5,9,9,1.7
Gabtoli,2026,5,9,9,1.7
Green Road,2026,5,9,9,1.7
Gulshan-1,2026,5,9,9,1.8
Gulshan-2,2026,5,9,9,1.8
Hatirpool,2026,5,9,9,1.8
Hazaribagh,2026,5,9,9,1.7
Islampur,2026,5,9,9,1.6
Jatrabari,2026,5,9,9,1.7
Kakrail,2026,5,9,9,1.7
Kallyanpur,2026,5,9,9,1.7
Kamalapur,2026,5,9,9,1.5
Karwan Bazar,2026,5,9,9,1.7
Kazipara,2026,5,9,9,1.4
Keraniganj,2026,5,9,9,1.5
Khilkhet,2026,5,9,9,1.6
Kuril,2026,5,9,9,1.5
Lalbagh,2026,5,9,9,1.5
Malibagh,2026,5,9,9,1.7
Mirpur-1,2026,5,9,9,1.7
Mirpur-10,2026,5,9,9,1.5
Mirpur-12,2026,5,9,9,1.4
Moghbazar,2026,5,9,9,1.5
Mohammadpur,2026,5,9,9,1.6
Mohakhali,2026,5,9,9,1.7
Motijheel,2026,5,9,9,1.6
Nakhalpara,2026,5,9,9,1.7
New Market,2026,5,9,9,1.7
Nikunja,2026,5,9,9,1.8
Pallabi,2026,5,9,9,1.7
Paltan,2026,5,9,9,1.7
Panthapath,2026,5,9,9,1.5
Postogola,2026,5,9,9,1.4
Ramna,2026,5,9,9,1.7
Rampura,2026,5,9,9,1.7
Sadarghat,2026,5,9,9,1.7
Science Lab,2026,5,9,9,1.5
Shahbagh,2026,5,9,9,1.5
Shewrapara,2026,5,9,9,1.6
Shyampur,2026,5,9,9,1.6
Sutrapur,2026,5,9,9,1.6
Tejgaon,2026,5,9,9,1.5
Uttara-1,2026,5,9,9,1.7
Uttara-3,2026,5,9,9,1.7
Uttara-7,2026,5,9,9,1.4
Wari,2026,5,9,9,1.8
Agargaon,2026,5,9,10,1.6
Airport,2026,5,9,10,1.6
Badda,2026,5,9,10,1.8
Banani,2026,5,9,10,1.5
Bangshal,2026,5,9,10,1.4
Baridhara,2026,5,9,10,1.8
Bashundhara,2026,5,9,10,1.7
Bijoynagar,2026,5,9,10,1.5
Chawk Bazar,2026,5,9,10,1.7
DOHS Mohakhali,2026,5,9,10,1.7
Demra,2026,5,9,10,1.8
Dhanmondi,2026,5,9,10,1.6
Elephant Road,2026,5,9,10,1.6
Eskaton,2026,5,9,10,1.5
Farmgate,2026,5,9,10,1.7
Gabtoli,2026,5,9,10,1.6
Green Road,2026,5,9,10,1.6
Gulshan-1,2026,5,9,10,1.7
Gulshan-2,2026,5,9,10,1.5
Hatirpool,2026,5,9,10,1.6
Hazaribagh,2026,5,9,10,1.8
Islampur,2026,5,9,10,1.5
Jatrabari,2026,5,9,10,1.7
Kakrail,2026,5,9,10,1.6
Kallyanpur,2026,5,9,10,1.6
Kamalapur,2026,5,9,10,1.5
Karwan Bazar,2026,5,9,10,1.5
Kazipara,2026,5,9,10,1.5
Keraniganj,2026,5,9,10,1.4
Khilkhet,2026,5,9,10,1.6
Kuril,2026,5,9,10,1.6
Lalbagh,2026,5,9,10,1.7
Malibagh,2026,5,9,10,1.5
Mirpur-1,2026,5,9,10,1.5
Mirpur-10,2026,5,9,10,1.5
Mirpur-12,2026,5,9,10,1.6
Moghbazar,2026,5,9,10,1.7
Mohammadpur,2026,5,9,10,1.7
Mohakhali,2026,5,9,10,1.7
Motijheel,2026,5,9,10,1.7
Nakhalpara,2026,5,9,10,1.5
New Market,2026,5,9,10,1.6
Nikunja,2026,5,9,10,1.7
Pallabi,2026,5,9,10,1.7
Paltan,2026,5,9,10,1.4
Panthapath,2026,5,9,10,1.5
Postogola,2026,5,9,10,1.4
Ramna,2026,5,9,10,1.7
Rampura,2026,5,9,10,1.7
Sadarghat,2026,5,9,10,1.7
Science Lab,2026,5,9,10,1.4
Shahbagh,2026,5,9,10,1.7
Shewrapara,2026,5,9,10,1.6
Shyampur,2026,5,9,10,1.8
Sutrapur,2026,5,9,10,1.5
Tejgaon,2026,5,9,10,1.6
Uttara-1,2026,5,9,10,1.7
Uttara-3,2026,5,9,10,1.6
Uttara-7,2026,5,9,10,1.7
Wari,2026,5,9,10,1.5
Agargaon,2026,5,9,11,1.1
Airport,2026,5,9,11,1.0
Badda,2026,5,9,11,1.3
Banani,2026,5,9,11,1.2
Bangshal,2026,5,9,11,1.2
Baridhara,2026,5,9,11,1.3
Bashundhara,2026,5,9,11,1.0
Bijoynagar,2026,5,9,11,1.3
Chawk Bazar,2026,5,9,11,1.3
DOHS Mohakhali,2026,5,9,11,1.1
Demra,2026,5,9,11,1.0
Dhanmondi,2026,5,9,11,1.2
Elephant Road,2026,5,9,11,1.2
Eskaton,2026,5,9,11,1.3
Farmgate,2026,5,9,11,1.1
Gabtoli,2026,5,9,11,1.2
Green Road,2026,5,9,11,1.1
Gulshan-1,2026,5,9,11,1.1
Gulshan-2,2026,5,9,11,1.2
Hatirpool,2026,5,9,11,1.0
Hazaribagh,2026,5,9,11,1.2
Islampur,2026,5,9,11,1.2
Jatrabari,2026,5,9,11,1.0
Kakrail,2026,5,9,11,1.0
Kallyanpur,2026,5,9,11,1.1
Kamalapur,2026,5,9,11,1.1
Karwan Bazar,2026,5,9,11,1.1
Kazipara,2026,5,9,11,1.3
Keraniganj,2026,5,9,11,1.2
Khilkhet,2026,5,9,11,1.0
Kuril,2026,5,9,11,1.2
Lalbagh,2026,5,9,11,1.2
Malibagh,2026,5,9,11,1.2
Mirpur-1,2026,5,9,11,1.0
Mirpur-10,2026,5,9,11,1.0
Mirpur-12,2026,5,9,11,1.0
Moghbazar,2026,5,9,11,1.2
Mohammadpur,2026,5,9,11,1.3
Mohakhali,2026,5,9,11,1.3
Motijheel,2026,5,9,11,1.2
Nakhalpara,2026,5,9,11,1.3
New Market,2026,5,9,11,1.2
Nikunja,2026,5,9,11,1.1
Pallabi,2026,5,9,11,1.1
Paltan,2026,5,9,11,1.1
Panthapath,2026,5,9,11,1.0
Postogola,2026,5,9,11,1.3
Ramna,2026,5,9,11,1.1
Rampura,2026,5,9,11,1.1
Sadarghat,2026,5,9,11,1.0
Science Lab,2026,5,9,11,1.2
Shahbagh,2026,5,9,11,1.1
Shewrapara,2026,5,9,11,1.1
Shyampur,2026,5,9,11,1.3
Sutrapur,2026,5,9,11,1.1
Tejgaon,2026,5,9,11,1.2
Uttara-1,2026,5,9,11,1.3
Uttara-3,2026,5,9,11,1.1
Uttara-7,2026,5,9,11,1.0
Wari,2026,5,9,11,1.1
Agargaon,2026,5,9,12,1.0
Airport,2026,5,9,12,1.1
Badda,2026,5,9,12,1.1
Banani,2026,5,9,12,1.0
Bangshal,2026,5,9,12,1.1
Baridhara,2026,5,9,12,1.1
Bashundhara,2026,5,9,12,1.1
Bijoynagar,2026,5,9,12,1.2
Chawk Bazar,2026,5,9,12,1.2
DOHS Mohakhali,2026,5,9,12,1.2
Demra,2026,5,9,12,1.2
Dhanmondi,2026,5,9,12,1.2
Elephant Road,2026,5,9,12,1.1
Eskaton,2026,5,9,12,1.3
Farmgate,2026,5,9,12,1.2
Gabtoli,2026,5,9,12,1.2
Green Road,2026,5,9,12,1.3
Gulshan-1,2026,5,9,12,1.1
Gulshan-2,2026,5,9,12,1.1
Hatirpool,2026,5,9,12,1.1
Hazaribagh,2026,5,9,12,1.0
Islampur,2026,5,9,12,1.0
Jatrabari,2026,5,9,12,1.1
Kakrail,2026,5,9,12,1.2
Kallyanpur,2026,5,9,12,1.0
Kamalapur,2026,5,9,12,1.3
Karwan Bazar,2026,5,9,12,1.3
Kazipara,2026,5,9,12,1.3
Keraniganj,2026,5,9,12,1.0
Khilkhet,2026,5,9,12,1.1
Kuril,2026,5,9,12,1.2
Lalbagh,2026,5,9,12,1.1
Malibagh,2026,5,9,12,1.2
Mirpur-1,2026,5,9,12,1.2
Mirpur-10,2026,5,9,12,1.0
Mirpur-12,2026,5,9,12,1.2
Moghbazar,2026,5,9,12,1.0
Mohammadpur,2026,5,9,12,1.1
Mohakhali,2026,5,9,12,1.1
Motijheel,2026,5,9,12,1.2
Nakhalpara,2026,5,9,12,1.1
New Market,2026,5,9,12,1.3
Nikunja,2026,5,9,12,1.1
Pallabi,2026,5,9,12,1.2
Paltan,2026,5,9,12,1.0
Panthapath,2026,5,9,12,1.1
Postogola,2026,5,9,12,1.1
Ramna,2026,5,9,12,1.2
Rampura,2026,5,9,12,1.3
Sadarghat,2026,5,9,12,1.1
Science Lab,2026,5,9,12,1.1
Shahbagh,2026,5,9,12,1.3
Shewrapara,2026,5,9,12,1.2
Shyampur,2026,5,9,12,1.2
Sutrapur,2026,5,9,12,1.2
Tejgaon,2026,5,9,12,1.2
Uttara-1,2026,5,9,12,1.2
Uttara-3,2026,5,9,12,1.3
Uttara-7,2026,5,9,12,1.3
Wari,2026,5,9,12,1.2
Agargaon,2026,5,9,13,1.2
Airport,2026,5,9,13,1.1
Badda,2026,5,9,13,1.0
Banani,2026,5,9,13,1.1
Bangshal,2026,5,9,13,1.3
Baridhara,2026,5,9,13,1.3
Bashundhara,2026,5,9,13,1.1
Bijoynagar,2026,5,9,13,1.2
Chawk Bazar,2026,5,9,13,1.2
DOHS Mohakhali,2026,5,9,13,1.3
Demra,2026,5,9,13,1.2
Dhanmondi,2026,5,9,13,1.1
Elephant Road,2026,5,9,13,1.0
Eskaton,2026,5,9,13,1.1
Farmgate,2026,5,9,13,1.1
Gabtoli,2026,5,9,13,1.2
Green Road,2026,5,9,13,1.0
Gulshan-1,2026,5,9,13,1.1
Gulshan-2,2026,5,9,13,1.1
Hatirpool,2026,5,9,13,1.3
Hazaribagh,2026,5,9,13,1.1
Islampur,2026,5,9,13,1.3
Jatrabari,2026,5,9,13,1.2
Kakrail,2026,5,9,13,1.1
Kallyanpur,2026,5,9,13,1.1
Kamalapur,2026,5,9,13,1.1
Karwan Bazar,2026,5,9,13,1.2
Kazipara,2026,5,9,13,1.0
Keraniganj,2026,5,9,13,1.1
Khilkhet,2026,5,9,13,1.0
Kuril,2026,5,9,13,1.2
Lalbagh,2026,5,9,13,1.3
Malibagh,2026,5,9,13,1.0
Mirpur-1,2026,5,9,13,1.1
Mirpur-10,2026,5,9,13,1.2
Mirpur-12,2026,5,9,13,1.3
Moghbazar,2026,5,9,13,1.2
Mohammadpur,2026,5,9,13,1.2
Mohakhali,2026,5,9,13,1.3
Motijheel,2026,5,9,13,1.1
Nakhalpara,2026,5,9,13,1.2
New Market,2026,5,9,13,1.0
Nikunja,2026,5,9,13,1.3
Pallabi,2026,5,9,13,1.2
Paltan,2026,5,9,13,1.2
Panthapath,2026,5,9,13,1.0
Postogola,2026,5,9,13,1.1
Ramna,2026,5,9,13,1.2
Rampura,2026,5,9,13,1.1
Sadarghat,2026,5,9,13,1.2
Science Lab,2026,5,9,13,1.0
Shahbagh,2026,5,9,13,1.2
Shewrapara,2026,5,9,13,1.0
Shyampur,2026,5,9,13,1.2
Sutrapur,2026,5,9,13,1.1
Tejgaon,2026,5,9,13,1.2
Uttara-1,2026,5,9,13,1.2
Uttara-3,2026,5,9,13,1.3
Uttara-7,2026,5,9,13,1.2
Wari,2026,5,9,13,1.1
Agargaon,2026,5,9,14,1.2
Airport,2026,5,9,14,1.2
Badda,2026,5,9,14,1.1
Banani,2026,5,9,14,1.0
Bangshal,2026,5,9,14,1.3
Baridhara,2026,5,9,14,1.2
Bashundhara,2026,5,9,14,1.1
Bijoynagar,2026,5,9,14,1.1
Chawk Bazar,2026,5,9,14,1.2
DOHS Mohakhali,2026,5,9,14,1.1
Demra,2026,5,9,14,1.1
Dhanmondi,2026,5,9,14,1.1
Elephant Road,2026,5,9,14,1.1
Eskaton,2026,5,9,14,1.0
Farmgate,2026,5,9,14,1.2
Gabtoli,2026,5,9,14,1.1
Green Road,2026,5,9,14,1.2
Gulshan-1,2026,5,9,14,1.1
Gulshan-2,2026,5,9,14,1.0
Hatirpool,2026,5,9,14,1.0
Hazaribagh,2026,5,9,14,1.0
Islampur,2026,5,9,14,1.2
Jatrabari,2026,5,9,14,1.2
Kakrail,2026,5,9,14,1.0
Kallyanpur,2026,5,9,14,1.0
Kamalapur,2026,5,9,14,1.2
Karwan Bazar,2026,5,9,14,1.0
Kazipara,2026,5,9,14,1.1
Keraniganj,2026,5,9,14,1.1
Khilkhet,2026,5,9,14,1.0
Kuril,2026,5,9,14,1.2
Lalbagh,2026,5,9,14,1.1
Malibagh,2026,5,9,14,1.3
Mirpur-1,2026,5,9,14,1.2
Mirpur-10,2026,5,9,14,1.2
Mirpur-12,2026,5,9,14,1.2
Moghbazar,2026,5,9,14,1.1
Mohammadpur,2026,5,9,14,1.3
Mohakhali,2026,5,9,14,1.0
Motijheel,2026,5,9,14,1.2
Nakhalpara,2026,5,9,14,1.1
New Market,2026,5,9,14,1.1
Nikunja,2026,5,9,14,1.1
Pallabi,2026,5,9,14,1.0
Paltan,2026,5,9,14,1.1
Panthapath,2026,5,9,14,1.2
Postogola,2026,5,9,14,1.2
Ramna,2026,5,9,14,1.1
Rampura,2026,5,9,14,1.2
Sadarghat,2026,5,9,14,1.3
Science Lab,2026,5,9,14,1.1
Shahbagh,2026,5,9,14,1.1
Shewrapara,2026,5,9,14,1.0
Shyampur,2026,5,9,14,1.2
Sutrapur,2026,5,9,14,1.2
Tejgaon,2026,5,9,14,1.1
Uttara-1,2026,5,9,14,1.2
Uttara-3,2026,5,9,14,1.3
Uttara-7,2026,5,9,14,1.2
Wari,2026,5,9,14,1.2
Agargaon,2026,5,9,15,1.3
Airport,2026,5,9,15,1.1
Badda,2026,5,9,15,1.1
Banani,2026,5,9,15,1.2
Bangshal,2026,5,9,15,1.1
Baridhara,2026,5,9,15,1.1
Bashundhara,2026,5,9,15,1.0
Bijoynagar,2026,5,9,15,1.1
Chawk Bazar,2026,5,9,15,1.1
DOHS Mohakhali,2026,5,9,15,1.2
Demra,2026,5,9,15,1.1
Dhanmondi,2026,5,9,15,1.1
Elephant Road,2026,5,9,15,1.2
Eskaton,2026,5,9,15,1.2
Farmgate,2026,5,9,15,1.2
Gabtoli,2026,5,9,15,1.1
Green Road,2026,5,9,15,1.0
Gulshan-1,2026,5,9,15,1.2
Gulshan-2,2026,5,9,15,1.3
Hatirpool,2026,5,9,15,1.1
Hazaribagh,2026,5,9,15,1.0
Islampur,2026,5,9,15,1.1
Jatrabari,2026,5,9,15,1.2
Kakrail,2026,5,9,15,1.2
Kallyanpur,2026,5,9,15,1.1
Kamalapur,2026,5,9,15,1.0
Karwan Bazar,2026,5,9,15,1.1
Kazipara,2026,5,9,15,1.1
Keraniganj,2026,5,9,15,1.1
Khilkhet,2026,5,9,15,1.1
Kuril,2026,5,9,15,1.1
Lalbagh,2026,5,9,15,1.1
Malibagh,2026,5,9,15,1.1
Mirpur-1,2026,5,9,15,1.1
Mirpur-10,2026,5,9,15,1.2
Mirpur-12,2026,5,9,15,1.1
Moghbazar,2026,5,9,15,1.1
Mohammadpur,2026,5,9,15,1.1
Mohakhali,2026,5,9,15,1.1
Motijheel,2026,5,9,15,1.1
Nakhalpara,2026,5,9,15,1.1
New Market,2026,5,9,15,1.2
Nikunja,2026,5,9,15,1.0
Pallabi,2026,5,9,15,1.3
Paltan,2026,5,9,15,1.1
Panthapath,2026,5,9,15,1.0
Postogola,2026,5,9,15,1.2
Ramna,2026,5,9,15,1.1
Rampura,2026,5,9,15,1.2
Sadarghat,2026,5,9,15,1.0
Science Lab,2026,5,9,15,1.2
Shahbagh,2026,5,9,15,1.0
Shewrapara,2026,5,9,15,1.2
Shyampur,2026,5,9,15,1.0
Sutrapur,2026,5,9,15,1.1
Tejgaon,2026,5,9,15,1.2
Uttara-1,2026,5,9,15,1.1
Uttara-3,2026,5,9,15,1.2
Uttara-7,2026,5,9,15,1.2
Wari,2026,5,9,15,1.2
Agargaon,2026,5,9,16,1.1
Airport,2026,5,9,16,1.1
Badda,2026,5,9,16,1.2
Banani,2026,5,9,16,1.0
Bangshal,2026,5,9,16,1.2
Baridhara,2026,5,9,16,1.2
Bashundhara,2026,5,9,16,1.2
Bijoynagar,2026,5,9,16,1.0
Chawk Bazar,2026,5,9,16,1.1
DOHS Mohakhali,2026,5,9,16,1.1
Demra,2026,5,9,16,1.1
Dhanmondi,2026,5,9,16,1.1
Elephant Road,2026,5,9,16,1.2
Eskaton,2026,5,9,16,1.1
Farmgate,2026,5,9,16,1.0
Gabtoli,2026,5,9,16,1.3
Green Road,2026,5,9,16,1.1
Gulshan-1,2026,5,9,16,1.1
Gulshan-2,2026,5,9,16,1.1
Hatirpool,2026,5,9,16,1.1
Hazaribagh,2026,5,9,16,1.1
Islampur,2026,5,9,16,1.2
Jatrabari,2026,5,9,16,1.2
Kakrail,2026,5,9,16,1.2
Kallyanpur,2026,5,9,16,1.3
Kamalapur,2026,5,9,16,1.1
Karwan Bazar,2026,5,9,16,1.0
Kazipara,2026,5,9,16,1.2
Keraniganj,2026,5,9,16,1.3
Khilkhet,2026,5,9,16,1.3
Kuril,2026,5,9,16,1.1
Lalbagh,2026,5,9,16,1.1
Malibagh,2026,5,9,16,1.1
Mirpur-1,2026,5,9,16,1.2
Mirpur-10,2026,5,9,16,1.2
Mirpur-12,2026,5,9,16,1.2
Moghbazar,2026,5,9,16,1.0
Mohammadpur,2026,5,9,16,1.2
Mohakhali,2026,5,9,16,1.0
Motijheel,2026,5,9,16,1.2
Nakhalpara,2026,5,9,16,1.1
New Market,2026,5,9,16,1.3
Nikunja,2026,5,9,16,1.1
Pallabi,2026,5,9,16,1.2
Paltan,2026,5,9,16,1.0
Panthapath,2026,5,9,16,1.2
Postogola,2026,5,9,16,1.3
Ramna,2026,5,9,16,1.1
Rampura,2026,5,9,16,1.2
Sadarghat,2026,5,9,16,1.1
Science Lab,2026,5,9,16,1.1
Shahbagh,2026,5,9,16,1.1
Shewrapara,2026,5,9,16,1.2
Shyampur,2026,5,9,16,1.1
Sutrapur,2026,5,9,16,1.2
Tejgaon,2026,5,9,16,1.1
Uttara-1,2026,5,9,16,1.2
Uttara-3,2026,5,9,16,1.2
Uttara-7,2026,5,9,16,1.3
Wari,2026,5,9,16,1.2
Agargaon,2026,5,9,17,1.5
Airport,2026,5,9,17,1.7
Badda,2026,5,9,17,1.8
Banani,2026,5,9,17,1.9
Bangshal,2026,5,9,17,2.0
Baridhara,2026,5,9,17,1.8
Bashundhara,2026,5,9,17,1.8
Bijoynagar,2026,5,9,17,1.6
Chawk Bazar,2026,5,9,17,1.6
DOHS Mohakhali,2026,5,9,17,1.6
Demra,2026,5,9,17,1.7
Dhanmondi,2026,5,9,17,1.6
Elephant Road,2026,5,9,17,2.0
Eskaton,2026,5,9,17,1.9
Farmgate,2026,5,9,17,1.9
Gabtoli,2026,5,9,17,1.7
Green Road,2026,5,9,17,1.7
Gulshan-1,2026,5,9,17,1.6
Gulshan-2,2026,5,9,17,1.7
Hatirpool,2026,5,9,17,1.8
Hazaribagh,2026,5,9,17,1.9
Islampur,2026,5,9,17,1.7
Jatrabari,2026,5,9,17,1.7
Kakrail,2026,5,9,17,1.9
Kallyanpur,2026,5,9,17,1.7
Kamalapur,2026,5,9,17,1.9
Karwan Bazar,2026,5,9,17,1.7
Kazipara,2026,5,9,17,1.8
Keraniganj,2026,5,9,17,1.6
Khilkhet,2026,5,9,17,1.6
Kuril,2026,5,9,17,1.9
Lalbagh,2026,5,9,17,1.6
Malibagh,2026,5,9,17,1.8
Mirpur-1,2026,5,9,17,1.6
Mirpur-10,2026,5,9,17,1.6
Mirpur-12,2026,5,9,17,1.7
Moghbazar,2026,5,9,17,1.7
Mohammadpur,2026,5,9,17,1.5
Mohakhali,2026,5,9,17,1.8
Motijheel,2026,5,9,17,1.6
Nakhalpara,2026,5,9,17,1.7
New Market,2026,5,9,17,1.7
Nikunja,2026,5,9,17,1.8
Pallabi,2026,5,9,17,1.9
Paltan,2026,5,9,17,1.6
Panthapath,2026,5,9,17,1.9
Postogola,2026,5,9,17,1.9
Ramna,2026,5,9,17,1.5
Rampura,2026,5,9,17,1.8
Sadarghat,2026,5,9,17,1.9
Science Lab,2026,5,9,17,1.9
Shahbagh,2026,5,9,17,2.0
Shewrapara,2026,5,9,17,2.0
Shyampur,2026,5,9,17,1.6
Sutrapur,2026,5,9,17,1.7
Tejgaon,2026,5,9,17,1.8
Uttara-1,2026,5,9,17,1.9
Uttara-3,2026,5,9,17,1.9
Uttara-7,2026,5,9,17,2.0
Wari,2026,5,9,17,1.9
Agargaon,2026,5,9,18,1.8
Airport,2026,5,9,18,1.7
Badda,2026,5,9,18,1.6
Banani,2026,5,9,18,1.9
Bangshal,2026,5,9,18,1.9
Baridhara,2026,5,9,18,1.9
Bashundhara,2026,5,9,18,1.5
Bijoynagar,2026,5,9,18,1.8
Chawk Bazar,2026,5,9,18,1.5
DOHS Mohakhali,2026,5,9,18,1.7
Demra,2026,5,9,18,1.7
Dhanmondi,2026,5,9,18,1.9
Elephant Road,2026,5,9,18,2.0
Eskaton,2026,5,9,18,1.9
Farmgate,2026,5,9,18,1.9
Gabtoli,2026,5,9,18,1.6
Green Road,2026,5,9,18,1.5
Gulshan-1,2026,5,9,18,1.8
Gulshan-2,2026,5,9,18,1.8
Hatirpool,2026,5,9,18,1.7
Hazaribagh,2026,5,9,18,1.8
Islampur,2026,5,9,18,1.8
Jatrabari,2026,5,9,18,1.7
Kakrail,2026,5,9,18,1.6
Kallyanpur,2026,5,9,18,1.7
Kamalapur,2026,5,9,18,1.7
Karwan Bazar,2026,5,9,18,1.6
Kazipara,2026,5,9,18,1.6
Keraniganj,2026,5,9,18,1.8
Khilkhet,2026,5,9,18,1.5
Kuril,2026,5,9,18,1.6
Lalbagh,2026,5,9,18,1.9
Malibagh,2026,5,9,18,1.6
Mirpur-1,2026,5,9,18,1.7
Mirpur-10,2026,5,9,18,1.9
Mirpur-12,2026,5,9,18,2.0
Moghbazar,2026,5,9,18,1.7
Mohammadpur,2026,5,9,18,1.6
Mohakhali,2026,5,9,18,1.6
Motijheel,2026,5,9,18,1.7
Nakhalpara,2026,5,9,18,1.8
New Market,2026,5,9,18,1.9
Nikunja,2026,5,9,18,2.0
Pallabi,2026,5,9,18,1.9
Paltan,2026,5,9,18,1.9
Panthapath,2026,5,9,18,2.0
Postogola,2026,5,9,18,1.8
Ramna,2026,5,9,18,1.7
Rampura,2026,5,9,18,1.5
Sadarghat,2026,5,9,18,1.7
Science Lab,2026,5,9,18,1.7
Shahbagh,2026,5,9,18,1.7
Shewrapara,2026,5,9,18,1.7
Shyampur,2026,5,9,18,1.7
Sutrapur,2026,5,9,18,1.7
Tejgaon,2026,5,9,18,1.7
Uttara-1,2026,5,9,18,1.7
Uttara-3,2026,5,9,18,2.0
Uttara-7,2026,5,9,18,1.6
Wari,2026,5,9,18,1.7
Agargaon,2026,5,9,19,1.5
Airport,2026,5,9,19,1.8
Badda,2026,5,9,19,1.7
Banani,2026,5,9,19,1.5
Bangshal,2026,5,9,19,2.0
Baridhara,2026,5,9,19,1.7
Bashundhara,2026,5,9,19,1.8
Bijoynagar,2026,5,9,19,1.7
Chawk Bazar,2026,5,9,19,1.7
DOHS Mohakhali,2026,5,9,19,1.5
Demra,2026,5,9,19,1.9
Dhanmondi,2026,5,9,19,1.8
Elephant Road,2026,5,9,19,1.7
Eskaton,2026,5,9,19,1.9
Farmgate,2026,5,9,19,1.6
Gabtoli,2026,5,9,19,1.6
Green Road,2026,5,9,19,1.9
Gulshan-1,2026,5,9,19,1.6
Gulshan-2,2026,5,9,19,1.8
Hatirpool,2026,5,9,19,1.6
Hazaribagh,2026,5,9,19,1.6
Islampur,2026,5,9,19,1.9
Jatrabari,2026,5,9,19,1.9
Kakrail,2026,5,9,19,1.5
Kallyanpur,2026,5,9,19,1.9
Kamalapur,2026,5,9,19,1.8
Karwan Bazar,2026,5,9,19,1.6
Kazipara,2026,5,9,19,1.5
Keraniganj,2026,5,9,19,2.0
Khilkhet,2026,5,9,19,1.8
Kuril,2026,5,9,19,1.6
Lalbagh,2026,5,9,19,1.8
Malibagh,2026,5,9,19,1.8
Mirpur-1,2026,5,9,19,1.9
Mirpur-10,2026,5,9,19,2.0
Mirpur-12,2026,5,9,19,1.8
Moghbazar,2026,5,9,19,1.7
Mohammadpur,2026,5,9,19,1.6
Mohakhali,2026,5,9,19,1.7
Motijheel,2026,5,9,19,2.0
Nakhalpara,2026,5,9,19,1.7
New Market,2026,5,9,19,1.9
Nikunja,2026,5,9,19,1.8
Pallabi,2026,5,9,19,2.0
Paltan,2026,5,9,19,1.9
Panthapath,2026,5,9,19,1.8
Postogola,2026,5,9,19,1.7
Ramna,2026,5,9,19,1.7
Rampura,2026,5,9,19,1.6
Sadarghat,2026,5,9,19,1.9
Science Lab,2026,5,9,19,1.7
Shahbagh,2026,5,9,19,1.5
Shewrapara,2026,5,9,19,1.8
Shyampur,2026,5,9,19,1.7
Sutrapur,2026,5,9,19,1.8
Tejgaon,2026,5,9,19,1.6
Uttara-1,2026,5,9,19,1.9
Uttara-3,2026,5,9,19,1.9
Uttara-7,2026,5,9,19,1.7
Wari,2026,5,9,19,1.6
Agargaon,2026,5,9,20,1.7
Airport,2026,5,9,20,2.0
Badda,2026,5,9,20,1.9
Banani,2026,5,9,20,1.7
Bangshal,2026,5,9,20,1.5
Baridhara,2026,5,9,20,2.0
Bashundhara,2026,5,9,20,1.8
Bijoynagar,2026,5,9,20,1.9
Chawk Bazar,2026,5,9,20,2.0
DOHS Mohakhali,2026,5,9,20,1.7
Demra,2026,5,9,20,1.9
Dhanmondi,2026,5,9,20,1.7
Elephant Road,2026,5,9,20,1.9
Eskaton,2026,5,9,20,1.6
Farmgate,2026,5,9,20,1.8
Gabtoli,2026,5,9,20,1.9
Green Road,2026,5,9,20,1.8
Gulshan-1,2026,5,9,20,1.9
Gulshan-2,2026,5,9,20,1.7
Hatirpool,2026,5,9,20,1.9
Hazaribagh,2026,5,9,20,1.7
Islampur,2026,5,9,20,1.6
Jatrabari,2026,5,9,20,1.7
Kakrail,2026,5,9,20,1.7
Kallyanpur,2026,5,9,20,1.9
Kamalapur,2026,5,9,20,1.9
Karwan Bazar,2026,5,9,20,1.8
Kazipara,2026,5,9,20,1.9
Keraniganj,2026,5,9,20,1.9
Khilkhet,2026,5,9,20,1.8
Kuril,2026,5,9,20,1.7
Lalbagh,2026,5,9,20,1.7
Malibagh,2026,5,9,20,1.7
Mirpur-1,2026,5,9,20,2.0
Mirpur-10,2026,5,9,20,1.6
Mirpur-12,2026,5,9,20,1.9
Moghbazar,2026,5,9,20,1.8
Mohammadpur,2026,5,9,20,1.5
Mohakhali,2026,5,9,20,1.5
Motijheel,2026,5,9,20,1.9
Nakhalpara,2026,5,9,20,1.7
New Market,2026,5,9,20,1.6
Nikunja,2026,5,9,20,1.8
Pallabi,2026,5,9,20,1.8
Paltan,2026,5,9,20,1.8
Panthapath,2026,5,9,20,1.7
Postogola,2026,5,9,20,1.6
Ramna,2026,5,9,20,1.8
Rampura,2026,5,9,20,2.0
Sadarghat,2026,5,9,20,1.6
Science Lab,2026,5,9,20,1.7
Shahbagh,2026,5,9,20,1.8
Shewrapara,2026,5,9,20,1.8
Shyampur,2026,5,9,20,1.8
Sutrapur,2026,5,9,20,2.0
Tejgaon,2026,5,9,20,1.7
Uttara-1,2026,5,9,20,1.8
Uttara-3,2026,5,9,20,1.9
Uttara-7,2026,5,9,20,1.6
Wari,2026,5,9,20,2.0
Agargaon,2026,5,9,21,1.7
Airport,2026,5,9,21,1.5
Badda,2026,5,9,21,1.8
Banani,2026,5,9,21,1.9
Bangshal,2026,5,9,21,1.7
Baridhara,2026,5,9,21,1.7
Bashundhara,2026,5,9,21,1.7
Bijoynagar,2026,5,9,21,1.7
Chawk Bazar,2026,5,9,21,1.6
DOHS Mohakhali,2026,5,9,21,1.8
Demra,2026,5,9,21,1.9
Dhanmondi,2026,5,9,21,1.7
Elephant Road,2026,5,9,21,1.5
Eskaton,2026,5,9,21,1.8
Farmgate,2026,5,9,21,1.7
Gabtoli,2026,5,9,21,1.6
Green Road,2026,5,9,21,1.8
Gulshan-1,2026,5,9,21,1.7
Gulshan-2,2026,5,9,21,1.8
Hatirpool,2026,5,9,21,2.0
Hazaribagh,2026,5,9,21,1.7
Islampur,2026,5,9,21,1.9
Jatrabari,2026,5,9,21,1.6
Kakrail,2026,5,9,21,1.9
Kallyanpur,2026,5,9,21,1.8
Kamalapur,2026,5,9,21,2.0
Karwan Bazar,2026,5,9,21,1.9
Kazipara,2026,5,9,21,1.9
Keraniganj,2026,5,9,21,1.6
Khilkhet,2026,5,9,21,1.5
Kuril,2026,5,9,21,1.7
Lalbagh,2026,5,9,21,1.9
Malibagh,2026,5,9,21,1.6
Mirpur-1,2026,5,9,21,2.0
Mirpur-10,2026,5,9,21,1.7
Mirpur-12,2026,5,9,21,1.9
Moghbazar,2026,5,9,21,1.8
Mohammadpur,2026,5,9,21,1.6
Mohakhali,2026,5,9,21,1.9
Motijheel,2026,5,9,21,1.6
Nakhalpara,2026,5,9,21,1.8
New Market,2026,5,9,21,1.8
Nikunja,2026,5,9,21,1.9
Pallabi,2026,5,9,21,1.7
Paltan,2026,5,9,21,1.6
Panthapath,2026,5,9,21,1.8
Postogola,2026,5,9,21,2.0
Ramna,2026,5,9,21,1.6
Rampura,2026,5,9,21,1.8
Sadarghat,2026,5,9,21,1.9
Science Lab,2026,5,9,21,2.0
Shahbagh,2026,5,9,21,1.7
Shewrapara,2026,5,9,21,1.6
Shyampur,2026,5,9,21,1.8
Sutrapur,2026,5,9,21,1.9
Tejgaon,2026,5,9,21,1.8
Uttara-1,2026,5,9,21,1.8
Uttara-3,2026,5,9,21,1.6
Uttara-7,2026,5,9,21,1.7
Wari,2026,5,9,21,2.0
Agargaon,2026,5,9,22,1.2
Airport,2026,5,9,22,1.2
Badda,2026,5,9,22,1.1
Banani,2026,5,9,22,1.1
Bangshal,2026,5,9,22,1.1
Baridhara,2026,5,9,22,1.1
Bashundhara,2026,5,9,22,1.3
Bijoynagar,2026,5,9,22,1.0
Chawk Bazar,2026,5,9,22,1.2
DOHS Mohakhali,2026,5,9,22,1.2
Demra,2026,5,9,22,1.1
Dhanmondi,2026,5,9,22,1.2
Elephant Road,2026,5,9,22,1.2
Eskaton,2026,5,9,22,1.3
Farmgate,2026,5,9,22,1.2
Gabtoli,2026,5,9,22,1.1
Green Road,2026,5,9,22,1.2
Gulshan-1,2026,5,9,22,1.2
Gulshan-2,2026,5,9,22,1.2
Hatirpool,2026,5,9,22,1.3
Hazaribagh,2026,5,9,22,1.0
Islampur,2026,5,9,22,1.0
Jatrabari,2026,5,9,22,1.3
Kakrail,2026,5,9,22,1.1
Kallyanpur,2026,5,9,22,1.3
Kamalapur,2026,5,9,22,1.2
Karwan Bazar,2026,5,9,22,1.2
Kazipara,2026,5,9,22,1.2
Keraniganj,2026,5,9,22,1.0
Khilkhet,2026,5,9,22,1.1
Kuril,2026,5,9,22,1.2
Lalbagh,2026,5,9,22,1.0
Malibagh,2026,5,9,22,1.1
Mirpur-1,2026,5,9,22,1.3
Mirpur-10,2026,5,9,22,1.0
Mirpur-12,2026,5,9,22,1.1
Moghbazar,2026,5,9,22,1.1
Mohammadpur,2026,5,9,22,1.1
Mohakhali,2026,5,9,22,1.3
Motijheel,2026,5,9,22,1.1
Nakhalpara,2026,5,9,22,1.3
New Market,2026,5,9,22,1.2
Nikunja,2026,5,9,22,1.2
Pallabi,2026,5,9,22,1.2
Paltan,2026,5,9,22,1.3
Panthapath,2026,5,9,22,1.3
Postogola,2026,5,9,22,1.1
Ramna,2026,5,9,22,1.2
Rampura,2026,5,9,22,1.2
Sadarghat,2026,5,9,22,1.0
Science Lab,2026,5,9,22,1.0
Shahbagh,2026,5,9,22,1.1
Shewrapara,2026,5,9,22,1.2
Shyampur,2026,5,9,22,1.1
Sutrapur,2026,5,9,22,1.2
Tejgaon,2026,5,9,22,1.1
Uttara-1,2026,5,9,22,1.3
Uttara-3,2026,5,9,22,1.3
Uttara-7,2026,5,9,22,1.2
Wari,2026,5,9,22,1.2
Agargaon,2026,5,9,23,1.2
Airport,2026,5,9,23,1.0
Badda,2026,5,9,23,1.0
Banani,2026,5,9,23,1.1
Bangshal,2026,5,9,23,1.1
Baridhara,2026,5,9,23,1.0
Bashundhara,2026,5,9,23,1.3
Bijoynagar,2026,5,9,23,1.1
Chawk Bazar,2026,5,9,23,1.2
DOHS Mohakhali,2026,5,9,23,1.2
Demra,2026,5,9,23,1.2
Dhanmondi,2026,5,9,23,1.1
Elephant Road,2026,5,9,23,1.0
Eskaton,2026,5,9,23,1.1
Farmgate,2026,5,9,23,1.3
Gabtoli,2026,5,9,23,1.2
Green Road,2026,5,9,23,1.3
Gulshan-1,2026,5,9,23,1.2
Gulshan-2,2026,5,9,23,1.1
Hatirpool,2026,5,9,23,1.1
Hazaribagh,2026,5,9,23,1.1
Islampur,2026,5,9,23,1.2
Jatrabari,2026,5,9,23,1.1
Kakrail,2026,5,9,23,1.0
Kallyanpur,2026,5,9,23,1.2
Kamalapur,2026,5,9,23,1.2
Karwan Bazar,2026,5,9,23,1.3
Kazipara,2026,5,9,23,1.3
Keraniganj,2026,5,9,23,1.1
Khilkhet,2026,5,9,23,1.0
Kuril,2026,5,9,23,1.0
Lalbagh,2026,5,9,23,1.1
Malibagh,2026,5,9,23,1.1
Mirpur-1,2026,5,9,23,1.0
Mirpur-10,2026,5,9,23,1.0
Mirpur-12,2026,5,9,23,1.3
Moghbazar,2026,5,9,23,1.2
Mohammadpur,2026,5,9,23,1.2
Mohakhali,2026,5,9,23,1.2
Motijheel,2026,5,9,23,1.2
Nakhalpara,2026,5,9,23,1.1
New Market,2026,5,9,23,1.2
Nikunja,2026,5,9,23,1.0
Pallabi,2026,5,9,23,1.0
Paltan,2026,5,9,23,1.1
Panthapath,2026,5,9,23,1.2
Postogola,2026,5,9,23,1.2
Ramna,2026,5,9,23,1.0
Rampura,2026,5,9,23,1.3
Sadarghat,2026,5,9,23,1.1
Science Lab,2026,5,9,23,1.3
Shahbagh,2026,5,9,23,1.2
Shewrapara,2026,5,9,23,1.1
Shyampur,2026,5,9,23,1.0
Sutrapur,2026,5,9,23,1.1
Tejgaon,2026,5,9,23,1.2
Uttara-1,2026,5,9,23,1.2
Uttara-3,2026,5,9,23,1.2
Uttara-7,2026,5,9,23,1.1
Wari,2026,5,9,23,1.2
Agargaon,2026,5,10,0,1.0
Airport,2026,5,10,0,1.1
Badda,2026,5,10,0,1.0
Banani,2026,5,10,0,1.2
Bangshal,2026,5,10,0,1.1
Baridhara,2026,5,10,0,1.3
Bashundhara,2026,5,10,0,1.1
Bijoynagar,2026,5,10,0,1.2
Chawk Bazar,2026,5,10,0,1.1
DOHS Mohakhali,2026,5,10,0,1.1
Demra,2026,5,10,0,1.3
Dhanmondi,2026,5,10,0,1.2
Elephant Road,2026,5,10,0,1.2
Eskaton,2026,5,10,0,1.1
Farmgate,2026,5,10,0,1.1
Gabtoli,2026,5,10,0,1.2
Green Road,2026,5,10,0,1.0
Gulshan-1,2026,5,10,0,1.1
Gulshan-2,2026,5,10,0,1.3
Hatirpool,2026,5,10,0,1.1
Hazaribagh,2026,5,10,0,1.3
Islampur,2026,5,10,0,1.2
Jatrabari,2026,5,10,0,1.1
Kakrail,2026,5,10,0,1.2
Kallyanpur,2026,5,10,0,1.0
Kamalapur,2026,5,10,0,1.2
Karwan Bazar,2026,5,10,0,1.1
Kazipara,2026,5,10,0,1.1
Keraniganj,2026,5,10,0,1.0
Khilkhet,2026,5,10,0,1.1
Kuril,2026,5,10,0,1.0
Lalbagh,2026,5,10,0,1.0
Malibagh,2026,5,10,0,1.1
Mirpur-1,2026,5,10,0,1.1
Mirpur-10,2026,5,10,0,1.0
Mirpur-12,2026,5,10,0,1.2
Moghbazar,2026,5,10,0,1.1
Mohammadpur,2026,5,10,0,1.0
Mohakhali,2026,5,10,0,1.2
Motijheel,2026,5,10,0,1.2
Nakhalpara,2026,5,10,0,1.1
New Market,2026,5,10,0,1.2
Nikunja,2026,5,10,0,1.2
Pallabi,2026,5,10,0,1.1
Paltan,2026,5,10,0,1.1
Panthapath,2026,5,10,0,1.2
Postogola,2026,5,10,0,1.1
Ramna,2026,5,10,0,1.1
Rampura,2026,5,10,0,1.3
Sadarghat,2026,5,10,0,1.2
Science Lab,2026,5,10,0,1.0
Shahbagh,2026,5,10,0,1.2
Shewrapara,2026,5,10,0,1.3
Shyampur,2026,5,10,0,1.0
Sutrapur,2026,5,10,0,1.0
Tejgaon,2026,5,10,0,1.0
Uttara-1,2026,5,10,0,1.1
Uttara-3,2026,5,10,0,1.1
Uttara-7,2026,5,10,0,1.3
Wari,2026,5,10,0,1.1
Agargaon,2026,5,10,1,1.2
Airport,2026,5,10,1,1.2
Badda,2026,5,10,1,1.0
Banani,2026,5,10,1,1.3
Bangshal,2026,5,10,1,1.1
Baridhara,2026,5,10,1,1.1
Bashundhara,2026,5,10,1,1.1
Bijoynagar,2026,5,10,1,1.2
Chawk Bazar,2026,5,10,1,1.1
DOHS Mohakhali,2026,5,10,1,1.1
Demra,2026,5,10,1,1.1
Dhanmondi,2026,5,10,1,1.2
Elephant Road,2026,5,10,1,1.0
Eskaton,2026,5,10,1,1.2
Farmgate,2026,5,10,1,1.3
Gabtoli,2026,5,10,1,1.1
Green Road,2026,5,10,1,1.3
Gulshan-1,2026,5,10,1,1.3
Gulshan-2,2026,5,10,1,1.3
Hatirpool,2026,5,10,1,1.1
Hazaribagh,2026,5,10,1,1.3
Islampur,2026,5,10,1,1.1
Jatrabari,2026,5,10,1,1.0
Kakrail,2026,5,10,1,1.1
Kallyanpur,2026,5,10,1,1.1
Kamalapur,2026,5,10,1,1.1
Karwan Bazar,2026,5,10,1,1.2
Kazipara,2026,5,10,1,1.1
Keraniganj,2026,5,10,1,1.1
Khilkhet,2026,5,10,1,1.3
Kuril,2026,5,10,1,1.2
Lalbagh,2026,5,10,1,1.1
Malibagh,2026,5,10,1,1.1
Mirpur-1,2026,5,10,1,1.1
Mirpur-10,2026,5,10,1,1.1
Mirpur-12,2026,5,10,1,1.3
Moghbazar,2026,5,10,1,1.2
Mohammadpur,2026,5,10,1,1.2
Mohakhali,2026,5,10,1,1.0
Motijheel,2026,5,10,1,1.1
Nakhalpara,2026,5,10,1,1.0
New Market,2026,5,10,1,1.1
Nikunja,2026,5,10,1,1.0
Pallabi,2026,5,10,1,1.2
Paltan,2026,5,10,1,1.1
Panthapath,2026,5,10,1,1.1
Postogola,2026,5,10,1,1.0
Ramna,2026,5,10,1,1.2
Rampura,2026,5,10,1,1.2
Sadarghat,2026,5,10,1,1.2
Science Lab,2026,5,10,1,1.2
Shahbagh,2026,5,10,1,1.2
Shewrapara,2026,5,10,1,1.0
Shyampur,2026,5,10,1,1.1
Sutrapur,2026,5,10,1,1.2
Tejgaon,2026,5,10,1,1.2
Uttara-1,2026,5,10,1,1.3
Uttara-3,2026,5,10,1,1.1
Uttara-7,2026,5,10,1,1.3
Wari,2026,5,10,1,1.0
Agargaon,2026,5,10,2,1.1
Airport,2026,5,10,2,1.2
Badda,2026,5,10,2,1.2
Banani,2026,5,10,2,1.3
Bangshal,2026,5,10,2,1.2
Baridhara,2026,5,10,2,1.2
Bashundhara,2026,5,10,2,1.1
Bijoynagar,2026,5,10,2,1.2
Chawk Bazar,2026,5,10,2,1.0
DOHS Mohakhali,2026,5,10,2,1.2
Demra,2026,5,10,2,1.2
Dhanmondi,2026,5,10,2,1.0
Elephant Road,2026,5,10,2,1.1
Eskaton,2026,5,10,2,1.2
Farmgate,2026,5,10,2,1.0
Gabtoli,2026,5,10,2,1.2
Green Road,2026,5,10,2,1.0
Gulshan-1,2026,5,10,2,1.0
Gulshan-2,2026,5,10,2,1.1
Hatirpool,2026,5,10,2,1.2
Hazaribagh,2026,5,10,2,1.2
Islampur,2026,5,10,2,1.2
Jatrabari,2026,5,10,2,1.1
Kakrail,2026,5,10,2,1.1
Kallyanpur,2026,5,10,2,1.1
Kamalapur,2026,5,10,2,1.1
Karwan Bazar,2026,5,10,2,1.2
Kazipara,2026,5,10,2,1.1
Keraniganj,2026,5,10,2,1.2
Khilkhet,2026,5,10,2,1.1
Kuril,2026,5,10,2,1.1
Lalbagh,2026,5,10,2,1.3
Malibagh,2026,5,10,2,1.1
Mirpur-1,2026,5,10,2,1.1
Mirpur-10,2026,5,10,2,1.1
Mirpur-12,2026,5,10,2,1.3
Moghbazar,2026,5,10,2,1.2
Mohammadpur,2026,5,10,2,1.2
Mohakhali,2026,5,10,2,1.2
Motijheel,2026,5,10,2,1.1
Nakhalpara,2026,5,10,2,1.1
New Market,2026,5,10,2,1.0
Nikunja,2026,5,10,2,1.1
Pallabi,2026,5,10,2,1.2
Paltan,2026,5,10,2,1.1
Panthapath,2026,5,10,2,1.1
Postogola,2026,5,10,2,1.1
Ramna,2026,5,10,2,1.1
Rampura,2026,5,10,2,1.2
Sadarghat,2026,5,10,2,1.1
Science Lab,2026,5,10,2,1.2
Shahbagh,2026,5,10,2,1.2
Shewrapara,2026,5,10,2,1.2
Shyampur,2026,5,10,2,1.3
Sutrapur,2026,5,10,2,1.2
Tejgaon,2026,5,10,2,1.3
Uttara-1,2026,5,10,2,1.2
Uttara-3,2026,5,10,2,1.2
Uttara-7,2026,5,10,2,1.2
Wari,2026,5,10,2,1.2
Agargaon,2026,5,10,3,1.2
Airport,2026,5,10,3,1.2
Badda,2026,5,10,3,1.2
Banani,2026,5,10,3,1.1
Bangshal,2026,5,10,3,1.2
Baridhara,2026,5,10,3,1.2
Bashundhara,2026,5,10,3,1.3
Bijoynagar,2026,5,10,3,1.1
Chawk Bazar,2026,5,10,3,1.2
DOHS Mohakhali,2026,5,10,3,1.2
Demra,2026,5,10,3,1.0
Dhanmondi,2026,5,10,3,1.2
Elephant Road,2026,5,10,3,1.3
Eskaton,2026,5,10,3,1.1
Farmgate,2026,5,10,3,1.1
Gabtoli,2026,5,10,3,1.0
Green Road,2026,5,10,3,1.2
Gulshan-1,2026,5,10,3,1.2
Gulshan-2,2026,5,10,3,1.1
Hatirpool,2026,5,10,3,1.2
Hazaribagh,2026,5,10,3,1.0
Islampur,2026,5,10,3,1.1
Jatrabari,2026,5,10,3,1.2
Kakrail,2026,5,10,3,1.0
Kallyanpur,2026,5,10,3,1.1
Kamalapur,2026,5,10,3,1.1
Karwan Bazar,2026,5,10,3,1.3
Kazipara,2026,5,10,3,1.1
Keraniganj,2026,5,10,3,1.3
Khilkhet,2026,5,10,3,1.1
Kuril,2026,5,10,3,1.2
Lalbagh,2026,5,10,3,1.2
Malibagh,2026,5,10,3,1.2
Mirpur-1,2026,5,10,3,1.2
Mirpur-10,2026,5,10,3,1.1
Mirpur-12,2026,5,10,3,1.1
Moghbazar,2026,5,10,3,1.1
Mohammadpur,2026,5,10,3,1.3
Mohakhali,2026,5,10,3,1.0
Motijheel,2026,5,10,3,1.3
Nakhalpara,2026,5,10,3,1.3
New Market,2026,5,10,3,1.0
Nikunja,2026,5,10,3,1.3
Pallabi,2026,5,10,3,1.1
Paltan,2026,5,10,3,1.3
Panthapath,2026,5,10,3,1.1
Postogola,2026,5,10,3,1.0
Ramna,2026,5,10,3,1.2
Rampura,2026,5,10,3,1.0
Sadarghat,2026,5,10,3,1.1
Science Lab,2026,5,10,3,1.2
Shahbagh,2026,5,10,3,1.3
Shewrapara,2026,5,10,3,1.2
Shyampur,2026,5,10,3,1.2
Sutrapur,2026,5,10,3,1.0
Tejgaon,2026,5,10,3,1.3
Uttara-1,2026,5,10,3,1.2
Uttara-3,2026,5,10,3,1.2
Uttara-7,2026,5,10,3,1.1
Wari,2026,5,10,3,1.1
Agargaon,2026,5,10,4,1.1
Airport,2026,5,10,4,1.2
Badda,2026,5,10,4,1.0
Banani,2026,5,10,4,1.0
Bangshal,2026,5,10,4,1.2
Baridhara,2026,5,10,4,1.1
Bashundhara,2026,5,10,4,1.2
Bijoynagar,2026,5,10,4,1.1
Chawk Bazar,2026,5,10,4,1.0
DOHS Mohakhali,2026,5,10,4,1.1
Demra,2026,5,10,4,1.3
Dhanmondi,2026,5,10,4,1.3
Elephant Road,2026,5,10,4,1.1
Eskaton,2026,5,10,4,1.2
Farmgate,2026,5,10,4,1.1
Gabtoli,2026,5,10,4,1.2
Green Road,2026,5,10,4,1.2
Gulshan-1,2026,5,10,4,1.3
Gulshan-2,2026,5,10,4,1.2
Hatirpool,2026,5,10,4,1.0
Hazaribagh,2026,5,10,4,1.3
Islampur,2026,5,10,4,1.2
Jatrabari,2026,5,10,4,1.3
Kakrail,2026,5,10,4,1.2
Kallyanpur,2026,5,10,4,1.1
Kamalapur,2026,5,10,4,1.2
Karwan Bazar,2026,5,10,4,1.3
Kazipara,2026,5,10,4,1.1
Keraniganj,2026,5,10,4,1.2
Khilkhet,2026,5,10,4,1.2
Kuril,2026,5,10,4,1.1
Lalbagh,2026,5,10,4,1.3
Malibagh,2026,5,10,4,1.2
Mirpur-1,2026,5,10,4,1.0
Mirpur-10,2026,5,10,4,1.2
Mirpur-12,2026,5,10,4,1.0
Moghbazar,2026,5,10,4,1.1
Mohammadpur,2026,5,10,4,1.1
Mohakhali,2026,5,10,4,1.2
Motijheel,2026,5,10,4,1.3
Nakhalpara,2026,5,10,4,1.2
New Market,2026,5,10,4,1.0
Nikunja,2026,5,10,4,1.3
Pallabi,2026,5,10,4,1.2
Paltan,2026,5,10,4,1.2
Panthapath,2026,5,10,4,1.3
Postogola,2026,5,10,4,1.1
Ramna,2026,5,10,4,1.2
Rampura,2026,5,10,4,1.1
Sadarghat,2026,5,10,4,1.3
Science Lab,2026,5,10,4,1.1
Shahbagh,2026,5,10,4,1.0
Shewrapara,2026,5,10,4,1.1
Shyampur,2026,5,10,4,1.2
Sutrapur,2026,5,10,4,1.1
Tejgaon,2026,5,10,4,1.0
Uttara-1,2026,5,10,4,1.2
Uttara-3,2026,5,10,4,1.1
Uttara-7,2026,5,10,4,1.1
Wari,2026,5,10,4,1.1
Agargaon,2026,5,10,5,1.1
Airport,2026,5,10,5,1.2
Badda,2026,5,10,5,1.0
Banani,2026,5,10,5,1.1
Bangshal,2026,5,10,5,1.1
Baridhara,2026,5,10,5,1.2
Bashundhara,2026,5,10,5,1.1
Bijoynagar,2026,5,10,5,1.0
Chawk Bazar,2026,5,10,5,1.1
DOHS Mohakhali,2026,5,10,5,1.0
Demra,2026,5,10,5,1.1
Dhanmondi,2026,5,10,5,1.3
Elephant Road,2026,5,10,5,1.3
Eskaton,2026,5,10,5,1.1
Farmgate,2026,5,10,5,1.2
Gabtoli,2026,5,10,5,1.1
Green Road,2026,5,10,5,1.1
Gulshan-1,2026,5,10,5,1.1
Gulshan-2,2026,5,10,5,1.1
Hatirpool,2026,5,10,5,1.0
Hazaribagh,2026,5,10,5,1.2
Islampur,2026,5,10,5,1.1
Jatrabari,2026,5,10,5,1.0
Kakrail,2026,5,10,5,1.0
Kallyanpur,2026,5,10,5,1.2
Kamalapur,2026,5,10,5,1.1
Karwan Bazar,2026,5,10,5,1.1
Kazipara,2026,5,10,5,1.2
Keraniganj,2026,5,10,5,1.2
Khilkhet,2026,5,10,5,1.0
Kuril,2026,5,10,5,1.2
Lalbagh,2026,5,10,5,1.2
Malibagh,2026,5,10,5,1.3
Mirpur-1,2026,5,10,5,1.2
Mirpur-10,2026,5,10,5,1.2
Mirpur-12,2026,5,10,5,1.2
Moghbazar,2026,5,10,5,1.0
Mohammadpur,2026,5,10,5,1.2
Mohakhali,2026,5,10,5,1.2
Motijheel,2026,5,10,5,1.1
Nakhalpara,2026,5,10,5,1.0
New Market,2026,5,10,5,1.0
Nikunja,2026,5,10,5,1.0
Pallabi,2026,5,10,5,1.1
Paltan,2026,5,10,5,1.3
Panthapath,2026,5,10,5,1.1
Postogola,2026,5,10,5,1.2
Ramna,2026,5,10,5,1.0
Rampura,2026,5,10,5,1.2
Sadarghat,2026,5,10,5,1.2
Science Lab,2026,5,10,5,1.1
Shahbagh,2026,5,10,5,1.1
Shewrapara,2026,5,10,5,1.3
Shyampur,2026,5,10,5,1.1
Sutrapur,2026,5,10,5,1.2
Tejgaon,2026,5,10,5,1.3
Uttara-1,2026,5,10,5,1.2
Uttara-3,2026,5,10,5,1.2
Uttara-7,2026,5,10,5,1.1
Wari,2026,5,10,5,1.0
Agargaon,2026,5,10,6,1.1
Airport,2026,5,10,6,1.3
Badda,2026,5,10,6,1.2
Banani,2026,5,10,6,1.1
Bangshal,2026,5,10,6,1.2
Baridhara,2026,5,10,6,1.3
Bashundhara,2026,5,10,6,1.0
Bijoynagar,2026,5,10,6,1.2
Chawk Bazar,2026,5,10,6,1.3
DOHS Mohakhali,2026,5,10,6,1.2
Demra,2026,5,10,6,1.1
Dhanmondi,2026,5,10,6,1.2
Elephant Road,2026,5,10,6,1.2
Eskaton,2026,5,10,6,1.1
Farmgate,2026,5,10,6,1.2
Gabtoli,2026,5,10,6,1.3
Green Road,2026,5,10,6,1.1
Gulshan-1,2026,5,10,6,1.0
Gulshan-2,2026,5,10,6,1.2
Hatirpool,2026,5,10,6,1.0
Hazaribagh,2026,5,10,6,1.2
Islampur,2026,5,10,6,1.1
Jatrabari,2026,5,10,6,1.1
Kakrail,2026,5,10,6,1.3
Kallyanpur,2026,5,10,6,1.1
Kamalapur,2026,5,10,6,1.1
Karwan Bazar,2026,5,10,6,1.1
Kazipara,2026,5,10,6,1.0
Keraniganj,2026,5,10,6,1.1
Khilkhet,2026,5,10,6,1.3
Kuril,2026,5,10,6,1.0
Lalbagh,2026,5,10,6,1.1
Malibagh,2026,5,10,6,1.2
Mirpur-1,2026,5,10,6,1.2
Mirpur-10,2026,5,10,6,1.2
Mirpur-12,2026,5,10,6,1.2
Moghbazar,2026,5,10,6,1.2
Mohammadpur,2026,5,10,6,1.2
Mohakhali,2026,5,10,6,1.0
Motijheel,2026,5,10,6,1.1
Nakhalpara,2026,5,10,6,1.1
New Market,2026,5,10,6,1.3
Nikunja,2026,5,10,6,1.3
Pallabi,2026,5,10,6,1.0
Paltan,2026,5,10,6,1.1
Panthapath,2026,5,10,6,1.1
Postogola,2026,5,10,6,1.0
Ramna,2026,5,10,6,1.1
Rampura,2026,5,10,6,1.2
Sadarghat,2026,5,10,6,1.3
Science Lab,2026,5,10,6,1.1
Shahbagh,2026,5,10,6,1.3
Shewrapara,2026,5,10,6,1.2
Shyampur,2026,5,10,6,1.1
Sutrapur,2026,5,10,6,1.2
Tejgaon,2026,5,10,6,1.3
Uttara-1,2026,5,10,6,1.2
Uttara-3,2026,5,10,6,1.2
Uttara-7,2026,5,10,6,1.1
Wari,2026,5,10,6,1.2
Agargaon,2026,5,10,7,1.1
Airport,2026,5,10,7,1.1
Badda,2026,5,10,7,1.1
Banani,2026,5,10,7,1.2
Bangshal,2026,5,10,7,1.1
Baridhara,2026,5,10,7,1.2
Bashundhara,2026,5,10,7,1.1
Bijoynagar,2026,5,10,7,1.1
Chawk Bazar,2026,5,10,7,1.2
DOHS Mohakhali,2026,5,10,7,1.0
Demra,2026,5,10,7,1.1
Dhanmondi,2026,5,10,7,1.1
Elephant Road,2026,5,10,7,1.2
Eskaton,2026,5,10,7,1.2
Farmgate,2026,5,10,7,1.0
Gabtoli,2026,5,10,7,1.1
Green Road,2026,5,10,7,1.2
Gulshan-1,2026,5,10,7,1.2
Gulshan-2,2026,5,10,7,1.0
Hatirpool,2026,5,10,7,1.2
Hazaribagh,2026,5,10,7,1.0
Islampur,2026,5,10,7,1.2
Jatrabari,2026,5,10,7,1.3
Kakrail,2026,5,10,7,1.3
Kallyanpur,2026,5,10,7,1.0
Kamalapur,2026,5,10,7,1.0
Karwan Bazar,2026,5,10,7,1.0
Kazipara,2026,5,10,7,1.1
Keraniganj,2026,5,10,7,1.1
Khilkhet,2026,5,10,7,1.0
Kuril,2026,5,10,7,1.3
Lalbagh,2026,5,10,7,1.3
Malibagh,2026,5,10,7,1.2
Mirpur-1,2026,5,10,7,1.2
Mirpur-10,2026,5,10,7,1.1
Mirpur-12,2026,5,10,7,1.3
Moghbazar,2026,5,10,7,1.2
Mohammadpur,2026,5,10,7,1.2
Mohakhali,2026,5,10,7,1.2
Motijheel,2026,5,10,7,1.1
Nakhalpara,2026,5,10,7,1.0
New Market,2026,5,10,7,1.1
Nikunja,2026,5,10,7,1.0
Pallabi,2026,5,10,7,1.1
Paltan,2026,5,10,7,1.1
Panthapath,2026,5,10,7,1.3
Postogola,2026,5,10,7,1.2
Ramna,2026,5,10,7,1.2
Rampura,2026,5,10,7,1.0
Sadarghat,2026,5,10,7,1.1
Science Lab,2026,5,10,7,1.1
Shahbagh,2026,5,10,7,1.2
Shewrapara,2026,5,10,7,1.2
Shyampur,2026,5,10,7,1.2
Sutrapur,2026,5,10,7,1.3
Tejgaon,2026,5,10,7,1.2
Uttara-1,2026,5,10,7,1.2
Uttara-3,2026,5,10,7,1.0
Uttara-7,2026,5,10,7,1.1
Wari,2026,5,10,7,1.1
Agargaon,2026,5,10,8,1.7
Airport,2026,5,10,8,1.6
Badda,2026,5,10,8,1.5
Banani,2026,5,10,8,1.5
Bangshal,2026,5,10,8,1.6
Baridhara,2026,5,10,8,1.8
Bashundhara,2026,5,10,8,1.7
Bijoynagar,2026,5,10,8,1.5
Chawk Bazar,2026,5,10,8,1.7
DOHS Mohakhali,2026,5,10,8,1.4
Demra,2026,5,10,8,1.5
Dhanmondi,2026,5,10,8,1.6
Elephant Road,2026,5,10,8,1.7
Eskaton,2026,5,10,8,1.6
Farmgate,2026,5,10,8,1.5
Gabtoli,2026,5,10,8,1.5
Green Road,2026,5,10,8,1.6
Gulshan-1,2026,5,10,8,1.8
Gulshan-2,2026,5,10,8,1.6
Hatirpool,2026,5,10,8,1.7
Hazaribagh,2026,5,10,8,1.5
Islampur,2026,5,10,8,1.7
Jatrabari,2026,5,10,8,1.5
Kakrail,2026,5,10,8,1.7
Kallyanpur,2026,5,10,8,1.6
Kamalapur,2026,5,10,8,1.7
Karwan Bazar,2026,5,10,8,1.7
Kazipara,2026,5,10,8,1.7
Keraniganj,2026,5,10,8,1.6
Khilkhet,2026,5,10,8,1.8
Kuril,2026,5,10,8,1.7
Lalbagh,2026,5,10,8,1.6
Malibagh,2026,5,10,8,1.4
Mirpur-1,2026,5,10,8,1.8
Mirpur-10,2026,5,10,8,1.4
Mirpur-12,2026,5,10,8,1.6
Moghbazar,2026,5,10,8,1.6
Mohammadpur,2026,5,10,8,1.8
Mohakhali,2026,5,10,8,1.6
Motijheel,2026,5,10,8,1.6
Nakhalpara,2026,5,10,8,1.6
New Market,2026,5,10,8,1.5
Nikunja,2026,5,10,8,1.4
Pallabi,2026,5,10,8,1.5
Paltan,2026,5,10,8,1.5
Panthapath,2026,5,10,8,1.5
Postogola,2026,5,10,8,1.5
Ramna,2026,5,10,8,1.5
Rampura,2026,5,10,8,1.6
Sadarghat,2026,5,10,8,1.7
Science Lab,2026,5,10,8,1.6
Shahbagh,2026,5,10,8,1.6
Shewrapara,2026,5,10,8,1.4
Shyampur,2026,5,10,8,1.5
Sutrapur,2026,5,10,8,1.4
Tejgaon,2026,5,10,8,1.6
Uttara-1,2026,5,10,8,1.6
Uttara-3,2026,5,10,8,1.7
Uttara-7,2026,5,10,8,1.5
Wari,2026,5,10,8,1.5
Agargaon,2026,5,10,9,1.5
Airport,2026,5,10,9,1.6
Badda,2026,5,10,9,1.5
Banani,2026,5,10,9,1.6
Bangshal,2026,5,10,9,1.6
Baridhara,2026,5,10,9,1.7
Bashundhara,2026,5,10,9,1.5
Bijoynagar,2026,5,10,9,1.7
Chawk Bazar,2026,5,10,9,1.5
DOHS Mohakhali,2026,5,10,9,1.4
Demra,2026,5,10,9,1.6
Dhanmondi,2026,5,10,9,1.5
Elephant Road,2026,5,10,9,1.7
Eskaton,2026,5,10,9,1.5
Farmgate,2026,5,10,9,1.5
Gabtoli,2026,5,10,9,1.5
Green Road,2026,5,10,9,1.7
Gulshan-1,2026,5,10,9,1.6
Gulshan-2,2026,5,10,9,1.5
Hatirpool,2026,5,10,9,1.6
Hazaribagh,2026,5,10,9,1.5
Islampur,2026,5,10,9,1.6
Jatrabari,2026,5,10,9,1.5
Kakrail,2026,5,10,9,1.5
Kallyanpur,2026,5,10,9,1.7
Kamalapur,2026,5,10,9,1.6
Karwan Bazar,2026,5,10,9,1.7
Kazipara,2026,5,10,9,1.7
Keraniganj,2026,5,10,9,1.7
Khilkhet,2026,5,10,9,1.8
Kuril,2026,5,10,9,1.7
Lalbagh,2026,5,10,9,1.7
Malibagh,2026,5,10,9,1.8
Mirpur-1,2026,5,10,9,1.6
Mirpur-10,2026,5,10,9,1.6
Mirpur-12,2026,5,10,9,1.5
Moghbazar,2026,5,10,9,1.7
Mohammadpur,2026,5,10,9,1.6
Mohakhali,2026,5,10,9,1.6
Motijheel,2026,5,10,9,1.4
Nakhalpara,2026,5,10,9,1.7
New Market,2026,5,10,9,1.7
Nikunja,2026,5,10,9,1.7
Pallabi,2026,5,10,9,1.5
Paltan,2026,5,10,9,1.6
Panthapath,2026,5,10,9,1.7
Postogola,2026,5,10,9,1.7
Ramna,2026,5,10,9,1.6
Rampura,2026,5,10,9,1.7
Sadarghat,2026,5,10,9,1.5
Science Lab,2026,5,10,9,1.7
Shahbagh,2026,5,10,9,1.5
Shewrapara,2026,5,10,9,1.8
Shyampur,2026,5,10,9,1.7
Sutrapur,2026,5,10,9,1.8
Tejgaon,2026,5,10,9,1.5
Uttara-1,2026,5,10,9,1.4
Uttara-3,2026,5,10,9,1.6
Uttara-7,2026,5,10,9,1.5
Wari,2026,5,10,9,1.5
Agargaon,2026,5,10,10,1.6
Airport,2026,5,10,10,1.5
Badda,2026,5,10,10,1.6
Banani,2026,5,10,10,1.6
Bangshal,2026,5,10,10,1.5
Baridhara,2026,5,10,10,1.4
Bashundhara,2026,5,10,10,1.7
Bijoynagar,2026,5,10,10,1.5
Chawk Bazar,2026,5,10,10,1.5
DOHS Mohakhali,2026,5,10,10,1.8
Demra,2026,5,10,10,1.6
Dhanmondi,2026,5,10,10,1.6
Elephant Road,2026,5,10,10,1.8
Eskaton,2026,5,10,10,1.4
Farmgate,2026,5,10,10,1.5
Gabtoli,2026,5,10,10,1.5
Green Road,2026,5,10,10,1.5
Gulshan-1,2026,5,10,10,1.6
Gulshan-2,2026,5,10,10,1.7
Hatirpool,2026,5,10,10,1.8
Hazaribagh,2026,5,10,10,1.7
Islampur,2026,5,10,10,1.6
Jatrabari,2026,5,10,10,1.6
Kakrail,2026,5,10,10,1.6
Kallyanpur,2026,5,10,10,1.8
Kamalapur,2026,5,10,10,1.5
Karwan Bazar,2026,5,10,10,1.6
Kazipara,2026,5,10,10,1.7
Keraniganj,2026,5,10,10,1.7
Khilkhet,2026,5,10,10,1.7
Kuril,2026,5,10,10,1.4
Lalbagh,2026,5,10,10,1.8
Malibagh,2026,5,10,10,1.4
Mirpur-1,2026,5,10,10,1.7
Mirpur-10,2026,5,10,10,1.4
Mirpur-12,2026,5,10,10,1.5
Moghbazar,2026,5,10,10,1.6
Mohammadpur,2026,5,10,10,1.5
Mohakhali,2026,5,10,10,1.8
Motijheel,2026,5,10,10,1.8
Nakhalpara,2026,5,10,10,1.6
New Market,2026,5,10,10,1.6
Nikunja,2026,5,10,10,1.7
Pallabi,2026,5,10,10,1.4
Paltan,2026,5,10,10,1.5
Panthapath,2026,5,10,10,1.6
Postogola,2026,5,10,10,1.6
Ramna,2026,5,10,10,1.6
Rampura,2026,5,10,10,1.5
Sadarghat,2026,5,10,10,1.5
Science Lab,2026,5,10,10,1.7
Shahbagh,2026,5,10,10,1.5
Shewrapara,2026,5,10,10,1.5
Shyampur,2026,5,10,10,1.8
Sutrapur,2026,5,10,10,1.7
Tejgaon,2026,5,10,10,1.6
Uttara-1,2026,5,10,10,1.8
Uttara-3,2026,5,10,10,1.8
Uttara-7,2026,5,10,10,1.6
Wari,2026,5,10,10,1.8
Agargaon,2026,5,10,11,1.0
Airport,2026,5,10,11,1.0
Badda,2026,5,10,11,1.2
Banani,2026,5,10,11,1.1
Bangshal,2026,5,10,11,1.3
Baridhara,2026,5,10,11,1.0
Bashundhara,2026,5,10,11,1.2
Bijoynagar,2026,5,10,11,1.0
Chawk Bazar,2026,5,10,11,1.2
DOHS Mohakhali,2026,5,10,11,1.0
Demra,2026,5,10,11,1.0
Dhanmondi,2026,5,10,11,1.1
Elephant Road,2026,5,10,11,1.3
Eskaton,2026,5,10,11,1.2
Farmgate,2026,5,10,11,1.2
Gabtoli,2026,5,10,11,1.2
Green Road,2026,5,10,11,1.0
Gulshan-1,2026,5,10,11,1.1
Gulshan-2,2026,5,10,11,1.2
Hatirpool,2026,5,10,11,1.0
Hazaribagh,2026,5,10,11,1.0
Islampur,2026,5,10,11,1.1
Jatrabari,2026,5,10,11,1.2
Kakrail,2026,5,10,11,1.2
Kallyanpur,2026,5,10,11,1.1
Kamalapur,2026,5,10,11,1.1
Karwan Bazar,2026,5,10,11,1.1
Kazipara,2026,5,10,11,1.1
Keraniganj,2026,5,10,11,1.1
Khilkhet,2026,5,10,11,1.1
Kuril,2026,5,10,11,1.1
Lalbagh,2026,5,10,11,1.0
Malibagh,2026,5,10,11,1.2
Mirpur-1,2026,5,10,11,1.2
Mirpur-10,2026,5,10,11,1.2
Mirpur-12,2026,5,10,11,1.2
Moghbazar,2026,5,10,11,1.2
Mohammadpur,2026,5,10,11,1.1
Mohakhali,2026,5,10,11,1.1
Motijheel,2026,5,10,11,1.1
Nakhalpara,2026,5,10,11,1.1
New Market,2026,5,10,11,1.0
Nikunja,2026,5,10,11,1.3
Pallabi,2026,5,10,11,1.0
Paltan,2026,5,10,11,1.1
Panthapath,2026,5,10,11,1.2
Postogola,2026,5,10,11,1.1
Ramna,2026,5,10,11,1.3
Rampura,2026,5,10,11,1.2
Sadarghat,2026,5,10,11,1.1
Science Lab,2026,5,10,11,1.0
Shahbagh,2026,5,10,11,1.1
Shewrapara,2026,5,10,11,1.3
Shyampur,2026,5,10,11,1.2
Sutrapur,2026,5,10,11,1.0
Tejgaon,2026,5,10,11,1.2
Uttara-1,2026,5,10,11,1.3
Uttara-3,2026,5,10,11,1.2
Uttara-7,2026,5,10,11,1.2
Wari,2026,5,10,11,1.2
Agargaon,2026,5,10,12,1.3
Airport,2026,5,10,12,1.1
Badda,2026,5,10,12,1.3
Banani,2026,5,10,12,1.0
Bangshal,2026,5,10,12,1.1
Baridhara,2026,5,10,12,1.3
Bashundhara,2026,5,10,12,1.3
Bijoynagar,2026,5,10,12,1.2
Chawk Bazar,2026,5,10,12,1.0
DOHS Mohakhali,2026,5,10,12,1.2
Demra,2026,5,10,12,1.0
Dhanmondi,2026,5,10,12,1.3
Elephant Road,2026,5,10,12,1.0
Eskaton,2026,5,10,12,1.1
Farmgate,2026,5,10,12,1.1
Gabtoli,2026,5,10,12,1.2
Green Road,2026,5,10,12,1.2
Gulshan-1,2026,5,10,12,1.2
Gulshan-2,2026,5,10,12,1.2
Hatirpool,2026,5,10,12,1.1
Hazaribagh,2026,5,10,12,1.3
Islampur,2026,5,10,12,1.3
Jatrabari,2026,5,10,12,1.1
Kakrail,2026,5,10,12,1.2
Kallyanpur,2026,5,10,12,1.3
Kamalapur,2026,5,10,12,1.3
Karwan Bazar,2026,5,10,12,1.2
Kazipara,2026,5,10,12,1.1
Keraniganj,2026,5,10,12,1.3
Khilkhet,2026,5,10,12,1.0
Kuril,2026,5,10,12,1.1
Lalbagh,2026,5,10,12,1.1
Malibagh,2026,5,10,12,1.3
Mirpur-1,2026,5,10,12,1.2
Mirpur-10,2026,5,10,12,1.2
Mirpur-12,2026,5,10,12,1.0
Moghbazar,2026,5,10,12,1.0
Mohammadpur,2026,5,10,12,1.1
Mohakhali,2026,5,10,12,1.2
Motijheel,2026,5,10,12,1.2
Nakhalpara,2026,5,10,12,1.2
New Market,2026,5,10,12,1.0
Nikunja,2026,5,10,12,1.2
Pallabi,2026,5,10,12,1.0
Paltan,2026,5,10,12,1.2
Panthapath,2026,5,10,12,1.0
Postogola,2026,5,10,12,1.2
Ramna,2026,5,10,12,1.1
Rampura,2026,5,10,12,1.1
Sadarghat,2026,5,10,12,1.3
Science Lab,2026,5,10,12,1.2
Shahbagh,2026,5,10,12,1.1
Shewrapara,2026,5,10,12,1.2
Shyampur,2026,5,10,12,1.3
Sutrapur,2026,5,10,12,1.1
Tejgaon,2026,5,10,12,1.2
Uttara-1,2026,5,10,12,1.0
Uttara-3,2026,5,10,12,1.3
Uttara-7,2026,5,10,12,1.1
Wari,2026,5,10,12,1.0
Agargaon,2026,5,10,13,1.0
Airport,2026,5,10,13,1.2
Badda,2026,5,10,13,1.2
Banani,2026,5,10,13,1.0
Bangshal,2026,5,10,13,1.3
Baridhara,2026,5,10,13,1.2
Bashundhara,2026,5,10,13,1.2
Bijoynagar,2026,5,10,13,1.1
Chawk Bazar,2026,5,10,13,1.1
DOHS Mohakhali,2026,5,10,13,1.3
Demra,2026,5,10,13,1.3
Dhanmondi,2026,5,10,13,1.2
Elephant Road,2026,5,10,13,1.1
Eskaton,2026,5,10,13,1.1
Farmgate,2026,5,10,13,1.2
Gabtoli,2026,5,10,13,1.2
Green Road,2026,5,10,13,1.1
Gulshan-1,2026,5,10,13,1.1
Gulshan-2,2026,5,10,13,1.1
Hatirpool,2026,5,10,13,1.3
Hazaribagh,2026,5,10,13,1.0
Islampur,2026,5,10,13,1.1
Jatrabari,2026,5,10,13,1.2
Kakrail,2026,5,10,13,1.3
Kallyanpur,2026,5,10,13,1.3
Kamalapur,2026,5,10,13,1.2
Karwan Bazar,2026,5,10,13,1.1
Kazipara,2026,5,10,13,1.0
Keraniganj,2026,5,10,13,1.2
Khilkhet,2026,5,10,13,1.2
Kuril,2026,5,10,13,1.2
Lalbagh,2026,5,10,13,1.2
Malibagh,2026,5,10,13,1.2
Mirpur-1,2026,5,10,13,1.3
Mirpur-10,2026,5,10,13,1.1
Mirpur-12,2026,5,10,13,1.2
Moghbazar,2026,5,10,13,1.1
Mohammadpur,2026,5,10,13,1.2
Mohakhali,2026,5,10,13,1.1
Motijheel,2026,5,10,13,1.2
Nakhalpara,2026,5,10,13,1.1
New Market,2026,5,10,13,1.1
Nikunja,2026,5,10,13,1.1
Pallabi,2026,5,10,13,1.2
Paltan,2026,5,10,13,1.2
Panthapath,2026,5,10,13,1.3
Postogola,2026,5,10,13,1.1
Ramna,2026,5,10,13,1.3
Rampura,2026,5,10,13,1.1
Sadarghat,2026,5,10,13,1.2
Science Lab,2026,5,10,13,1.2
Shahbagh,2026,5,10,13,1.1
Shewrapara,2026,5,10,13,1.1
Shyampur,2026,5,10,13,1.2
Sutrapur,2026,5,10,13,1.3
Tejgaon,2026,5,10,13,1.1
Uttara-1,2026,5,10,13,1.2
Uttara-3,2026,5,10,13,1.1
Uttara-7,2026,5,10,13,1.3
Wari,2026,5,10,13,1.3
Agargaon,2026,5,10,14,1.1
Airport,2026,5,10,14,1.2
Badda,2026,5,10,14,1.3
Banani,2026,5,10,14,1.3
Bangshal,2026,5,10,14,1.1
Baridhara,2026,5,10,14,1.0
Bashundhara,2026,5,10,14,1.0
Bijoynagar,2026,5,10,14,1.2
Chawk Bazar,2026,5,10,14,1.1
DOHS Mohakhali,2026,5,10,14,1.0
Demra,2026,5,10,14,1.3
Dhanmondi,2026,5,10,14,1.1
Elephant Road,2026,5,10,14,1.1
Eskaton,2026,5,10,14,1.3
Farmgate,2026,5,10,14,1.1
Gabtoli,2026,5,10,14,1.1
Green Road,2026,5,10,14,1.3
Gulshan-1,2026,5,10,14,1.1
Gulshan-2,2026,5,10,14,1.0
Hatirpool,2026,5,10,14,1.3
Hazaribagh,2026,5,10,14,1.1
Islampur,2026,5,10,14,1.0
Jatrabari,2026,5,10,14,1.3
Kakrail,2026,5,10,14,1.0
Kallyanpur,2026,5,10,14,1.2
Kamalapur,2026,5,10,14,1.1
Karwan Bazar,2026,5,10,14,1.2
Kazipara,2026,5,10,14,1.3
Keraniganj,2026,5,10,14,1.0
Khilkhet,2026,5,10,14,1.2
Kuril,2026,5,10,14,1.1
Lalbagh,2026,5,10,14,1.3
Malibagh,2026,5,10,14,1.1
Mirpur-1,2026,5,10,14,1.2
Mirpur-10,2026,5,10,14,1.1
Mirpur-12,2026,5,10,14,1.2
Moghbazar,2026,5,10,14,1.0
Mohammadpur,2026,5,10,14,1.2
Mohakhali,2026,5,10,14,1.2
Motijheel,2026,5,10,14,1.2
Nakhalpara,2026,5,10,14,1.3
New Market,2026,5,10,14,1.1
Nikunja,2026,5,10,14,1.1
Pallabi,2026,5,10,14,1.3
Paltan,2026,5,10,14,1.3
Panthapath,2026,5,10,14,1.3
Postogola,2026,5,10,14,1.3
Ramna,2026,5,10,14,1.0
Rampura,2026,5,10,14,1.0
Sadarghat,2026,5,10,14,1.1
Science Lab,2026,5,10,14,1.1
Shahbagh,2026,5,10,14,1.1
Shewrapara,2026,5,10,14,1.0
Shyampur,2026,5,10,14,1.2
Sutrapur,2026,5,10,14,1.3
Tejgaon,2026,5,10,14,1.0
Uttara-1,2026,5,10,14,1.2
Uttara-3,2026,5,10,14,1.3
Uttara-7,2026,5,10,14,1.2
Wari,2026,5,10,14,1.2
Agargaon,2026,5,10,15,1.1
Airport,2026,5,10,15,1.0
Badda,2026,5,10,15,1.2
Banani,2026,5,10,15,1.3
Bangshal,2026,5,10,15,1.2
Baridhara,2026,5,10,15,1.2
Bashundhara,2026,5,10,15,1.3
Bijoynagar,2026,5,10,15,1.2
Chawk Bazar,2026,5,10,15,1.1
DOHS Mohakhali,2026,5,10,15,1.1
Demra,2026,5,10,15,1.1
Dhanmondi,2026,5,10,15,1.2
Elephant Road,2026,5,10,15,1.2
Eskaton,2026,5,10,15,1.0
Farmgate,2026,5,10,15,1.2
Gabtoli,2026,5,10,15,1.0
Green Road,2026,5,10,15,1.0
Gulshan-1,2026,5,10,15,1.3
Gulshan-2,2026,5,10,15,1.2
Hatirpool,2026,5,10,15,1.3
Hazaribagh,2026,5,10,15,1.2
Islampur,2026,5,10,15,1.1
Jatrabari,2026,5,10,15,1.2
Kakrail,2026,5,10,15,1.1
Kallyanpur,2026,5,10,15,1.3
Kamalapur,2026,5,10,15,1.1
Karwan Bazar,2026,5,10,15,1.3
Kazipara,2026,5,10,15,1.1
Keraniganj,2026,5,10,15,1.2
Khilkhet,2026,5,10,15,1.2
Kuril,2026,5,10,15,1.0
Lalbagh,2026,5,10,15,1.0
Malibagh,2026,5,10,15,1.2
Mirpur-1,2026,5,10,15,1.1
Mirpur-10,2026,5,10,15,1.0
Mirpur-12,2026,5,10,15,1.3
Moghbazar,2026,5,10,15,1.1
Mohammadpur,2026,5,10,15,1.2
Mohakhali,2026,5,10,15,1.1
Motijheel,2026,5,10,15,1.1
Nakhalpara,2026,5,10,15,1.0
New Market,2026,5,10,15,1.1
Nikunja,2026,5,10,15,1.0
Pallabi,2026,5,10,15,1.1
Paltan,2026,5,10,15,1.3
Panthapath,2026,5,10,15,1.0
Postogola,2026,5,10,15,1.2
Ramna,2026,5,10,15,1.3
Rampura,2026,5,10,15,1.2
Sadarghat,2026,5,10,15,1.2
Science Lab,2026,5,10,15,1.1
Shahbagh,2026,5,10,15,1.2
Shewrapara,2026,5,10,15,1.1
Shyampur,2026,5,10,15,1.2
Sutrapur,2026,5,10,15,1.1
Tejgaon,2026,5,10,15,1.3
Uttara-1,2026,5,10,15,1.1
Uttara-3,2026,5,10,15,1.1
Uttara-7,2026,5,10,15,1.2
Wari,2026,5,10,15,1.1
Agargaon,2026,5,10,16,1.1
Airport,2026,5,10,16,1.1
Badda,2026,5,10,16,1.1
Banani,2026,5,10,16,1.0
Bangshal,2026,5,10,16,1.1
Baridhara,2026,5,10,16,1.1
Bashundhara,2026,5,10,16,1.1
Bijoynagar,2026,5,10,16,1.0
Chawk Bazar,2026,5,10,16,1.0
DOHS Mohakhali,2026,5,10,16,1.1
Demra,2026,5,10,16,1.0
Dhanmondi,2026,5,10,16,1.3
Elephant Road,2026,5,10,16,1.3
Eskaton,2026,5,10,16,1.1
Farmgate,2026,5,10,16,1.1
Gabtoli,2026,5,10,16,1.2
Green Road,2026,5,10,16,1.1
Gulshan-1,2026,5,10,16,1.1
Gulshan-2,2026,5,10,16,1.2
Hatirpool,2026,5,10,16,1.3
Hazaribagh,2026,5,10,16,1.3
Islampur,2026,5,10,16,1.1
Jatrabari,2026,5,10,16,1.3
Kakrail,2026,5,10,16,1.0
Kallyanpur,2026,5,10,16,1.0
Kamalapur,2026,5,10,16,1.0
Karwan Bazar,2026,5,10,16,1.1
Kazipara,2026,5,10,16,1.3
Keraniganj,2026,5,10,16,1.1
Khilkhet,2026,5,10,16,1.0
Kuril,2026,5,10,16,1.0
Lalbagh,2026,5,10,16,1.1
Malibagh,2026,5,10,16,1.2
Mirpur-1,2026,5,10,16,1.2
Mirpur-10,2026,5,10,16,1.2
Mirpur-12,2026,5,10,16,1.0
Moghbazar,2026,5,10,16,1.1
Mohammadpur,2026,5,10,16,1.3
Mohakhali,2026,5,10,16,1.3
Motijheel,2026,5,10,16,1.3
Nakhalpara,2026,5,10,16,1.1
New Market,2026,5,10,16,1.3
Nikunja,2026,5,10,16,1.0
Pallabi,2026,5,10,16,1.3
Paltan,2026,5,10,16,1.2
Panthapath,2026,5,10,16,1.2
Postogola,2026,5,10,16,1.3
Ramna,2026,5,10,16,1.1
Rampura,2026,5,10,16,1.1
Sadarghat,2026,5,10,16,1.1
Science Lab,2026,5,10,16,1.0
Shahbagh,2026,5,10,16,1.0
Shewrapara,2026,5,10,16,1.1
Shyampur,2026,5,10,16,1.1
Sutrapur,2026,5,10,16,1.2
Tejgaon,2026,5,10,16,1.1
Uttara-1,2026,5,10,16,1.2
Uttara-3,2026,5,10,16,1.3
Uttara-7,2026,5,10,16,1.2
Wari,2026,5,10,16,1.2
Agargaon,2026,5,10,17,1.9
Airport,2026,5,10,17,1.9
Badda,2026,5,10,17,1.9
Banani,2026,5,10,17,1.9
Bangshal,2026,5,10,17,1.6
Baridhara,2026,5,10,17,1.6
Bashundhara,2026,5,10,17,1.6
Bijoynagar,2026,5,10,17,2.0
Chawk Bazar,2026,5,10,17,1.5
DOHS Mohakhali,2026,5,10,17,1.6
Demra,2026,5,10,17,1.8
Dhanmondi,2026,5,10,17,1.7
Elephant Road,2026,5,10,17,1.8
Eskaton,2026,5,10,17,1.8
Farmgate,2026,5,10,17,2.0
Gabtoli,2026,5,10,17,1.7
Green Road,2026,5,10,17,1.6
Gulshan-1,2026,5,10,17,1.9
Gulshan-2,2026,5,10,17,1.6
Hatirpool,2026,5,10,17,1.7
Hazaribagh,2026,5,10,17,1.7
Islampur,2026,5,10,17,1.8
Jatrabari,2026,5,10,17,1.5
Kakrail,2026,5,10,17,1.7
Kallyanpur,2026,5,10,17,1.8
Kamalapur,2026,5,10,17,1.9
Karwan Bazar,2026,5,10,17,1.9
Kazipara,2026,5,10,17,1.8
Keraniganj,2026,5,10,17,1.7
Khilkhet,2026,5,10,17,1.5
Kuril,2026,5,10,17,1.6
Lalbagh,2026,5,10,17,1.5
Malibagh,2026,5,10,17,1.9
Mirpur-1,2026,5,10,17,1.7
Mirpur-10,2026,5,10,17,1.8
Mirpur-12,2026,5,10,17,1.7
Moghbazar,2026,5,10,17,2.0
Mohammadpur,2026,5,10,17,1.7
Mohakhali,2026,5,10,17,1.9
Motijheel,2026,5,10,17,1.5
Nakhalpara,2026,5,10,17,1.7
New Market,2026,5,10,17,1.8
Nikunja,2026,5,10,17,1.8
Pallabi,2026,5,10,17,1.6
Paltan,2026,5,10,17,2.0
Panthapath,2026,5,10,17,1.6
Postogola,2026,5,10,17,2.0
Ramna,2026,5,10,17,1.8
Rampura,2026,5,10,17,1.9
Sadarghat,2026,5,10,17,1.7
Science Lab,2026,5,10,17,1.7
Shahbagh,2026,5,10,17,1.8
Shewrapara,2026,5,10,17,1.6
Shyampur,2026,5,10,17,1.5
Sutrapur,2026,5,10,17,1.9
Tejgaon,2026,5,10,17,1.7
Uttara-1,2026,5,10,17,2.0
Uttara-3,2026,5,10,17,2.0
Uttara-7,2026,5,10,17,1.9
Wari,2026,5,10,17,2.0
Agargaon,2026,5,10,18,1.6
Airport,2026,5,10,18,1.7
Badda,2026,5,10,18,2.0
Banani,2026,5,10,18,2.0
Bangshal,2026,5,10,18,1.6
Baridhara,2026,5,10,18,1.8
Bashundhara,2026,5,10,18,1.9
Bijoynagar,2026,5,10,18,1.8
Chawk Bazar,2026,5,10,18,2.0
DOHS Mohakhali,2026,5,10,18,1.6
Demra,2026,5,10,18,1.8
Dhanmondi,2026,5,10,18,1.5
Elephant Road,2026,5,10,18,1.9
Eskaton,2026,5,10,18,1.7
Farmgate,2026,5,10,18,1.6
Gabtoli,2026,5,10,18,1.6
Green Road,2026,5,10,18,1.9
Gulshan-1,2026,5,10,18,1.7
Gulshan-2,2026,5,10,18,1.6
Hatirpool,2026,5,10,18,1.8
Hazaribagh,2026,5,10,18,1.7
Islampur,2026,5,10,18,1.8
Jatrabari,2026,5,10,18,1.6
Kakrail,2026,5,10,18,1.8
Kallyanpur,2026,5,10,18,1.8
Kamalapur,2026,5,10,18,1.9
Karwan Bazar,2026,5,10,18,1.8
Kazipara,2026,5,10,18,2.0
Keraniganj,2026,5,10,18,2.0
Khilkhet,2026,5,10,18,1.9
Kuril,2026,5,10,18,1.9
Lalbagh,2026,5,10,18,1.5
Malibagh,2026,5,10,18,1.7
Mirpur-1,2026,5,10,18,1.6
Mirpur-10,2026,5,10,18,1.8
Mirpur-12,2026,5,10,18,1.9
Moghbazar,2026,5,10,18,1.9
Mohammadpur,2026,5,10,18,2.0
Mohakhali,2026,5,10,18,1.6
Motijheel,2026,5,10,18,1.7
Nakhalpara,2026,5,10,18,1.7
New Market,2026,5,10,18,1.8
Nikunja,2026,5,10,18,1.8
Pallabi,2026,5,10,18,1.6
Paltan,2026,5,10,18,1.7
Panthapath,2026,5,10,18,1.9
Postogola,2026,5,10,18,1.7
Ramna,2026,5,10,18,1.7
Rampura,2026,5,10,18,1.6
Sadarghat,2026,5,10,18,1.8
Science Lab,2026,5,10,18,1.6
Shahbagh,2026,5,10,18,2.0
Shewrapara,2026,5,10,18,1.6
Shyampur,2026,5,10,18,2.0
Sutrapur,2026,5,10,18,1.5
Tejgaon,2026,5,10,18,1.8
Uttara-1,2026,5,10,18,1.9
Uttara-3,2026,5,10,18,1.9
Uttara-7,2026,5,10,18,2.0
Wari,2026,5,10,18,1.8
Agargaon,2026,5,10,19,1.5
Airport,2026,5,10,19,1.9
Badda,2026,5,10,19,2.0
Banani,2026,5,10,19,1.6
Bangshal,2026,5,10,19,1.6
Baridhara,2026,5,10,19,1.5
Bashundhara,2026,5,10,19,1.9
Bijoynagar,2026,5,10,19,1.7
Chawk Bazar,2026,5,10,19,1.8
DOHS Mohakhali,2026,5,10,19,2.0
Demra,2026,5,10,19,1.9
Dhanmondi,2026,5,10,19,1.8
Elephant Road,2026,5,10,19,1.7
Eskaton,2026,5,10,19,1.9
Farmgate,2026,5,10,19,1.6
Gabtoli,2026,5,10,19,1.7
Green Road,2026,5,10,19,1.6
Gulshan-1,2026,5,10,19,1.8
Gulshan-2,2026,5,10,19,2.0
Hatirpool,2026,5,10,19,1.7
Hazaribagh,2026,5,10,19,1.5
Islampur,2026,5,10,19,1.9
Jatrabari,2026,5,10,19,1.9
Kakrail,2026,5,10,19,1.9
Kallyanpur,2026,5,10,19,1.9
Kamalapur,2026,5,10,19,1.5
Karwan Bazar,2026,5,10,19,1.9
Kazipara,2026,5,10,19,1.6
Keraniganj,2026,5,10,19,1.6
Khilkhet,2026,5,10,19,1.6
Kuril,2026,5,10,19,1.7
Lalbagh,2026,5,10,19,1.6
Malibagh,2026,5,10,19,1.7
Mirpur-1,2026,5,10,19,1.5
Mirpur-10,2026,5,10,19,1.9
Mirpur-12,2026,5,10,19,1.8
Moghbazar,2026,5,10,19,1.5
Mohammadpur,2026,5,10,19,1.7
Mohakhali,2026,5,10,19,1.5
Motijheel,2026,5,10,19,1.5
Nakhalpara,2026,5,10,19,1.8
New Market,2026,5,10,19,1.8
Nikunja,2026,5,10,19,1.6
Pallabi,2026,5,10,19,1.9
Paltan,2026,5,10,19,1.7
Panthapath,2026,5,10,19,2.0
Postogola,2026,5,10,19,2.0
Ramna,2026,5,10,19,1.7
Rampura,2026,5,10,19,1.8
Sadarghat,2026,5,10,19,1.6
Science Lab,2026,5,10,19,1.9
Shahbagh,2026,5,10,19,1.8
Shewrapara,2026,5,10,19,1.5
Shyampur,2026,5,10,19,1.5
Sutrapur,2026,5,10,19,1.8
Tejgaon,2026,5,10,19,1.7
Uttara-1,2026,5,10,19,1.8
Uttara-3,2026,5,10,19,1.6
Uttara-7,2026,5,10,19,1.6
Wari,2026,5,10,19,1.7
Agargaon,2026,5,10,20,1.7
Airport,2026,5,10,20,1.8
Badda,2026,5,10,20,1.7
Banani,2026,5,10,20,1.9
Bangshal,2026,5,10,20,1.7
Baridhara,2026,5,10,20,1.7
Bashundhara,2026,5,10,20,1.6
Bijoynagar,2026,5,10,20,1.7
Chawk Bazar,2026,5,10,20,1.7
DOHS Mohakhali,2026,5,10,20,1.9
Demra,2026,5,10,20,1.8
Dhanmondi,2026,5,10,20,1.7
Elephant Road,2026,5,10,20,1.5
Eskaton,2026,5,10,20,1.8
Farmgate,2026,5,10,20,1.8
Gabtoli,2026,5,10,20,1.8
Green Road,2026,5,10,20,2.0
Gulshan-1,2026,5,10,20,1.7
Gulshan-2,2026,5,10,20,1.6
Hatirpool,2026,5,10,20,1.7
Hazaribagh,2026,5,10,20,1.7
Islampur,2026,5,10,20,1.7
Jatrabari,2026,5,10,20,2.0
Kakrail,2026,5,10,20,1.9
Kallyanpur,2026,5,10,20,1.9
Kamalapur,2026,5,10,20,1.7
Karwan Bazar,2026,5,10,20,1.9
Kazipara,2026,5,10,20,1.7
Keraniganj,2026,5,10,20,1.6
Khilkhet,2026,5,10,20,1.9
Kuril,2026,5,10,20,1.6
Lalbagh,2026,5,10,20,1.7
Malibagh,2026,5,10,20,1.8
Mirpur-1,2026,5,10,20,1.5
Mirpur-10,2026,5,10,20,1.9
Mirpur-12,2026,5,10,20,1.8
Moghbazar,2026,5,10,20,2.0
Mohammadpur,2026,5,10,20,1.6
Mohakhali,2026,5,10,20,1.5
Motijheel,2026,5,10,20,1.8
Nakhalpara,2026,5,10,20,1.7
New Market,2026,5,10,20,1.9
Nikunja,2026,5,10,20,1.8
Pallabi,2026,5,10,20,1.9
Paltan,2026,5,10,20,1.7
Panthapath,2026,5,10,20,1.9
Postogola,2026,5,10,20,1.8
Ramna,2026,5,10,20,1.7
Rampura,2026,5,10,20,1.7
Sadarghat,2026,5,10,20,1.8
Science Lab,2026,5,10,20,1.5
Shahbagh,2026,5,10,20,1.7
Shewrapara,2026,5,10,20,1.6
Shyampur,2026,5,10,20,2.0
Sutrapur,2026,5,10,20,1.9
Tejgaon,2026,5,10,20,1.7
Uttara-1,2026,5,10,20,1.9
Uttara-3,2026,5,10,20,1.5
Uttara-7,2026,5,10,20,1.6
Wari,2026,5,10,20,1.9
Agargaon,2026,5,10,21,1.6
Airport,2026,5,10,21,1.5
Badda,2026,5,10,21,1.7
Banani,2026,5,10,21,1.8
Bangshal,2026,5,10,21,1.9
Baridhara,2026,5,10,21,1.9
Bashundhara,2026,5,10,21,1.5
Bijoynagar,2026,5,10,21,1.7
Chawk Bazar,2026,5,10,21,1.7
DOHS Mohakhali,2026,5,10,21,1.5
Demra,2026,5,10,21,1.9
Dhanmondi,2026,5,10,21,1.9
Elephant Road,2026,5,10,21,1.6
Eskaton,2026,5,10,21,1.9
Farmgate,2026,5,10,21,1.7
Gabtoli,2026,5,10,21,1.7
Green Road,2026,5,10,21,1.9
Gulshan-1,2026,5,10,21,1.9
Gulshan-2,2026,5,10,21,1.7
Hatirpool,2026,5,10,21,1.5
Hazaribagh,2026,5,10,21,1.9
Islampur,2026,5,10,21,1.9
Jatrabari,2026,5,10,21,2.0
Kakrail,2026,5,10,21,1.8
Kallyanpur,2026,5,10,21,1.6
Kamalapur,2026,5,10,21,1.7
Karwan Bazar,2026,5,10,21,1.8
Kazipara,2026,5,10,21,2.0
Keraniganj,2026,5,10,21,1.8
Khilkhet,2026,5,10,21,2.0
Kuril,2026,5,10,21,1.6
Lalbagh,2026,5,10,21,1.8
Malibagh,2026,5,10,21,1.9
Mirpur-1,2026,5,10,21,1.8
Mirpur-10,2026,5,10,21,1.8
Mirpur-12,2026,5,10,21,1.5
Moghbazar,2026,5,10,21,1.9
Mohammadpur,2026,5,10,21,1.8
Mohakhali,2026,5,10,21,1.8
Motijheel,2026,5,10,21,1.9
Nakhalpara,2026,5,10,21,1.9
New Market,2026,5,10,21,1.5
Nikunja,2026,5,10,21,1.6
Pallabi,2026,5,10,21,1.6
Paltan,2026,5,10,21,1.9
Panthapath,2026,5,10,21,1.9
Postogola,2026,5,10,21,1.8
Ramna,2026,5,10,21,1.8
Rampura,2026,5,10,21,1.9
Sadarghat,2026,5,10,21,1.7
Science Lab,2026,5,10,21,1.6
Shahbagh,2026,5,10,21,1.6
Shewrapara,2026,5,10,21,2.0
Shyampur,2026,5,10,21,1.8
Sutrapur,2026,5,10,21,1.9
Tejgaon,2026,5,10,21,1.7
Uttara-1,2026,5,10,21,1.9
Uttara-3,2026,5,10,21,1.6
Uttara-7,2026,5,10,21,1.7
Wari,2026,5,10,21,1.9
Agargaon,2026,5,10,22,1.3
Airport,2026,5,10,22,1.2
Badda,2026,5,10,22,1.2
Banani,2026,5,10,22,1.2
Bangshal,2026,5,10,22,1.2
Baridhara,2026,5,10,22,1.3
Bashundhara,2026,5,10,22,1.1
Bijoynagar,2026,5,10,22,1.2
Chawk Bazar,2026,5,10,22,1.0
DOHS Mohakhali,2026,5,10,22,1.1
Demra,2026,5,10,22,1.2
Dhanmondi,2026,5,10,22,1.0
Elephant Road,2026,5,10,22,1.1
Eskaton,2026,5,10,22,1.1
Farmgate,2026,5,10,22,1.2
Gabtoli,2026,5,10,22,1.0
Green Road,2026,5,10,22,1.2
Gulshan-1,2026,5,10,22,1.3
Gulshan-2,2026,5,10,22,1.3
Hatirpool,2026,5,10,22,1.1
Hazaribagh,2026,5,10,22,1.0
Islampur,2026,5,10,22,1.1
Jatrabari,2026,5,10,22,1.1
Kakrail,2026,5,10,22,1.1
Kallyanpur,2026,5,10,22,1.2
Kamalapur,2026,5,10,22,1.3
Karwan Bazar,2026,5,10,22,1.3
Kazipara,2026,5,10,22,1.1
Keraniganj,2026,5,10,22,1.3
Khilkhet,2026,5,10,22,1.1
Kuril,2026,5,10,22,1.0
Lalbagh,2026,5,10,22,1.2
Malibagh,2026,5,10,22,1.2
Mirpur-1,2026,5,10,22,1.1
Mirpur-10,2026,5,10,22,1.2
Mirpur-12,2026,5,10,22,1.1
Moghbazar,2026,5,10,22,1.1
Mohammadpur,2026,5,10,22,1.0
Mohakhali,2026,5,10,22,1.3
Motijheel,2026,5,10,22,1.2
Nakhalpara,2026,5,10,22,1.1
New Market,2026,5,10,22,1.1
Nikunja,2026,5,10,22,1.3
Pallabi,2026,5,10,22,1.2
Paltan,2026,5,10,22,1.2
Panthapath,2026,5,10,22,1.2
Postogola,2026,5,10,22,1.3
Ramna,2026,5,10,22,1.1
Rampura,2026,5,10,22,1.2
Sadarghat,2026,5,10,22,1.2
Science Lab,2026,5,10,22,1.0
Shahbagh,2026,5,10,22,1.0
Shewrapara,2026,5,10,22,1.1
Shyampur,2026,5,10,22,1.1
Sutrapur,2026,5,10,22,1.1
Tejgaon,2026,5,10,22,1.3
Uttara-1,2026,5,10,22,1.1
Uttara-3,2026,5,10,22,1.2
Uttara-7,2026,5,10,22,1.0
Wari,2026,5,10,22,1.0
Agargaon,2026,5,10,23,1.2
Airport,2026,5,10,23,1.2
Badda,2026,5,10,23,1.1
Banani,2026,5,10,23,1.2
Bangshal,2026,5,10,23,1.2
Baridhara,2026,5,10,23,1.2
Bashundhara,2026,5,10,23,1.3
Bijoynagar,2026,5,10,23,1.2
Chawk Bazar,2026,5,10,23,1.0
DOHS Mohakhali,2026,5,10,23,1.2
Demra,2026,5,10,23,1.2
Dhanmondi,2026,5,10,23,1.3
Elephant Road,2026,5,10,23,1.0
Eskaton,2026,5,10,23,1.3
Farmgate,2026,5,10,23,1.1
Gabtoli,2026,5,10,23,1.2
Green Road,2026,5,10,23,1.0
Gulshan-1,2026,5,10,23,1.3
Gulshan-2,2026,5,10,23,1.1
Hatirpool,2026,5,10,23,1.2
Hazaribagh,2026,5,10,23,1.3
Islampur,2026,5,10,23,1.0
Jatrabari,2026,5,10,23,1.0
Kakrail,2026,5,10,23,1.2
Kallyanpur,2026,5,10,23,1.2
Kamalapur,2026,5,10,23,1.1
Karwan Bazar,2026,5,10,23,1.3
Kazipara,2026,5,10,23,1.1
Keraniganj,2026,5,10,23,1.1
Khilkhet,2026,5,10,23,1.2
Kuril,2026,5,10,23,1.2
Lalbagh,2026,5,10,23,1.2
Malibagh,2026,5,10,23,1.2
Mirpur-1,2026,5,10,23,1.3
Mirpur-10,2026,5,10,23,1.0
Mirpur-12,2026,5,10,23,1.3
Moghbazar,2026,5,10,23,1.3
Mohammadpur,2026,5,10,23,1.3
Mohakhali,2026,5,10,23,1.0
Motijheel,2026,5,10,23,1.3
Nakhalpara,2026,5,10,23,1.3
New Market,2026,5,10,23,1.2
Nikunja,2026,5,10,23,1.3
Pallabi,2026,5,10,23,1.1
Paltan,2026,5,10,23,1.1
Panthapath,2026,5,10,23,1.2
Postogola,2026,5,10,23,1.2
Ramna,2026,5,10,23,1.1
Rampura,2026,5,10,23,1.3
Sadarghat,2026,5,10,23,1.1
Science Lab,2026,5,10,23,1.0
Shahbagh,2026,5,10,23,1.2
Shewrapara,2026,5,10,23,1.1
Shyampur,2026,5,10,23,1.2
Sutrapur,2026,5,10,23,1.1
Tejgaon,2026,5,10,23,1.0
Uttara-1,2026,5,10,23,1.1
Uttara-3,2026,5,10,23,1.2
Uttara-7,2026,5,10,23,1.1
Wari,2026,5,10,23,1.2
